[{"text": "a very beautiful old university i was there one month ago and i enjoyed walking around the area is small and you can visit everything in one hour you can find some cozy cafs around the university and complete your journey", "sentiment": "POSITIVE", "sentiment_score": {"Positive": 0.9741309881210327, "Negative": 0.0007159521337598562, "Neutral": 0.024245677515864372, "Mixed": 0.0009074003319256008}, "keywords": [["journey", "complete", "cafs", "cozy", "hour"]], "positive_keywords": [["journey", "complete", "cafs", "cozy", "hour"]], "negative_keywords": []}, {"text": "beautiful place close to the city center worth a visit if youre in town", "sentiment": "POSITIVE", "sentiment_score": {"Positive": 0.9893946051597595, "Negative": 0.00011666313366731629, "Neutral": 0.010442825965583324, "Mixed": 4.585132046486251e-05}, "keywords": [["town", "youre", "visit", "worth", "center"]], "positive_keywords": [["town", "youre", "visit", "worth", "center"]], "negative_keywords": []}, {"text": "lund\u00a0university\u00a0in\u00a0sweden\u00a0had\u00a0been\u00a0one\u00a0of\u00a0my\u00a0favorite\u00a0universities\u00a0on\u00a0my\u00a0list\u00a0for\u00a0a\u00a0long\u00a0time\u00a0especially\u00a0because\u00a0it\u00a0is\u00a0one\u00a0of\u00a0the\u00a0top\u00a0ranked\u00a0universities\u00a0in\u00a0the\u00a0world\u00a0but\u00a0i\u00a0ended\u00a0up\u00a0at\u00a0another\u00a0university\u00a0in\u00a0germany\n\ni\u00a0paid\u00a0a\u00a0visit\u00a0to\u00a0a\u00a0friend\u00a0who\u00a0is\u00a0studying\u00a0at\u00a0lund\u00a0university\u00a0when\u00a0the\u00a0time\u00a0arrived\u00a0for\u00a0me\u00a0to\u00a0travel\u00a0to\u00a0sweden\u00a0from\u00a0germany\u00a0to\u00a0visit\u00a0this\u00a0friend\u00a0i\u00a0was\u00a0overjoyed\n\nhe\u00a0showed\u00a0me\u00a0about\u00a0the\u00a0university\u00a0community\u00a0including\u00a0the\u00a0university\u00a0itself\u00a0and\u00a0showed\u00a0me\u00a0several\u00a0interesting\u00a0places\n\nunfortunately\u00a0i\u00a0visited\u00a0during\u00a0the\u00a0winter\u00a0season\u00a0so\u00a0the\u00a0flowers\u00a0and\u00a0trees\u00a0had\u00a0shed\u00a0their\u00a0leaves\u00a0so\u00a0the\u00a0added\u00a0beauty\u00a0of\u00a0summer\u00a0was\u00a0missing\u00a0but\u00a0the\u00a0essential\u00a0thing\u00a0was\u00a0that\u00a0i\u00a0saw\u00a0the\u00a0university\n\ngreat  and lovely  university", "sentiment": "POSITIVE", "sentiment_score": {"Positive": 0.8495004773139954, "Negative": 0.009334511123597622, "Neutral": 0.020005350932478905, "Mixed": 0.12115971744060516}, "keywords": [["lovely", "great", "saw", "thing", "essential"]], "positive_keywords": [["lovely", "great", "saw", "thing", "essential"]], "negative_keywords": []}, {"text": "this is the place where worked famous mathematicians", "sentiment": "NEUTRAL", "sentiment_score": {"Positive": 0.1385108381509781, "Negative": 0.15696178376674652, "Neutral": 0.6875094175338745, "Mixed": 0.017017988488078117}, "keywords": [["mathematicians", "famous", "worked", "place"]], "positive_keywords": [], "negative_keywords": []}, {"text": "university is so better for technology students but arts students i think to not better choice and also fees structure is so high for international students", "sentiment": "MIXED", "sentiment_score": {"Positive": 0.057557184249162674, "Negative": 0.05762423947453499, "Neutral": 0.043519869446754456, "Mixed": 0.8412986397743225}, "keywords": [["international", "high", "structure", "fees", "choice"]], "positive_keywords": [], "negative_keywords": []}, {"text": "i had an amazing experience at university the faculty and facilities are topnotch", "sentiment": "POSITIVE", "sentiment_score": {"Positive": 0.9932656288146973, "Negative": 0.00032129944884218276, "Neutral": 0.0041029369458556175, "Mixed": 0.0023101065307855606}, "keywords": [["topnotch", "facilities", "faculty", "university", "experience"]], "positive_keywords": [["topnotch", "facilities", "faculty", "university", "experience"]], "negative_keywords": []}, {"text": "not what i expected university could really improve its student services", "sentiment": "NEGATIVE", "sentiment_score": {"Positive": 0.002219774993136525, "Negative": 0.9755644798278809, "Neutral": 0.015244387090206146, "Mixed": 0.006971326656639576}, "keywords": [["services", "student", "improve", "really", "university"]], "positive_keywords": [], "negative_keywords": [["services", "student", "improve", "really", "university"]]}, {"text": "my time at university was decent good in some aspects but could be better in others", "sentiment": "MIXED", "sentiment_score": {"Positive": 0.010245845653116703, "Negative": 0.01066859345883131, "Neutral": 0.006733235437422991, "Mixed": 0.9723523259162903}, "keywords": [["better", "aspects", "good", "decent", "university"]], "positive_keywords": [], "negative_keywords": []}, {"text": "had higher expectations from university the curriculum needs a serious update", "sentiment": "NEGATIVE", "sentiment_score": {"Positive": 0.03928213194012642, "Negative": 0.6937776803970337, "Neutral": 0.23473480343818665, "Mixed": 0.03220541775226593}, "keywords": [["update", "needs", "curriculum", "university", "expectations"]], "positive_keywords": [], "negative_keywords": [["update", "needs", "curriculum", "university", "expectations"]]}, {"text": "not what i expected university could really improve its student services", "sentiment": "NEGATIVE", "sentiment_score": {"Positive": 0.002219774993136525, "Negative": 0.9755644798278809, "Neutral": 0.015244387090206146, "Mixed": 0.006971326656639576}, "keywords": [["services", "student", "improve", "really", "university"]], "positive_keywords": [], "negative_keywords": [["services", "student", "improve", "really", "university"]]}, {"text": "i had an amazing experience at university the faculty and facilities are topnotch", "sentiment": "POSITIVE", "sentiment_score": {"Positive": 0.9932656288146973, "Negative": 0.00032129944884218276, "Neutral": 0.0041029369458556175, "Mixed": 0.0023101065307855606}, "keywords": [["topnotch", "facilities", "faculty", "university", "experience"]], "positive_keywords": [["topnotch", "facilities", "faculty", "university", "experience"]], "negative_keywords": []}, {"text": "i had an amazing experience at university the faculty and facilities are topnotch", "sentiment": "POSITIVE", "sentiment_score": {"Positive": 0.9932656288146973, "Negative": 0.00032129944884218276, "Neutral": 0.0041029369458556175, "Mixed": 0.0023101065307855606}, "keywords": [["topnotch", "facilities", "faculty", "university", "experience"]], "positive_keywords": [["topnotch", "facilities", "faculty", "university", "experience"]], "negative_keywords": []}, {"text": "average experience at university nothing particularly outstanding", "sentiment": "NEGATIVE", "sentiment_score": {"Positive": 0.00849381648004055, "Negative": 0.6501188278198242, "Neutral": 0.04405200108885765, "Mixed": 0.29733535647392273}, "keywords": [["outstanding", "particularly", "university", "experience", "average"]], "positive_keywords": [], "negative_keywords": [["outstanding", "particularly", "university", "experience", "average"]]}, {"text": "average experience at university nothing particularly outstanding", "sentiment": "NEGATIVE", "sentiment_score": {"Positive": 0.00849381648004055, "Negative": 0.6501188278198242, "Neutral": 0.04405200108885765, "Mixed": 0.29733535647392273}, "keywords": [["outstanding", "particularly", "university", "experience", "average"]], "positive_keywords": [], "negative_keywords": [["outstanding", "particularly", "university", "experience", "average"]]}, {"text": "its a good university but i think university has room for improvement", "sentiment": "MIXED", "sentiment_score": {"Positive": 0.09079279005527496, "Negative": 0.0044769770465791225, "Neutral": 0.02031625062227249, "Mixed": 0.8844140768051147}, "keywords": [["improvement", "room", "think", "university", "good"]], "positive_keywords": [], "negative_keywords": []}]