[{"text": "well run university with super smart and dedicated professors  students are also intelligent  nice surroundings good quality of life", "sentiment": "POSITIVE", "sentiment_score": {"Positive": 0.8830295205116272, "Negative": 0.001191389630548656, "Neutral": 0.09784597903490067, "Mixed": 0.01793310046195984}, "keywords": [["life", "quality", "good", "surroundings", "nice"]], "positive_keywords": [["life", "quality", "good", "surroundings", "nice"]], "negative_keywords": []}, {"text": "went there for a summer school experience it was fantastic tbh the hostels are really clean nice people the food is pretty great and cheap about won to won for canteen food i usually eat at the canteen before leaving school", "sentiment": "POSITIVE", "sentiment_score": {"Positive": 0.8764358758926392, "Negative": 0.0016001714393496513, "Neutral": 0.006752765271812677, "Mixed": 0.11521108448505402}, "keywords": [["leaving", "eat", "usually", "canteen", "won"]], "positive_keywords": [["leaving", "eat", "usually", "canteen", "won"]], "negative_keywords": []}, {"text": "always a pleasant campus to stroll around the fountains  ducks and forest paths are always a treat", "sentiment": "POSITIVE", "sentiment_score": {"Positive": 0.96859210729599, "Negative": 0.0003522663319017738, "Neutral": 0.03081033006310463, "Mixed": 0.00024532698444090784}, "keywords": [["treat", "paths", "forest", "ducks", "fountains"]], "positive_keywords": [["treat", "paths", "forest", "ducks", "fountains"]], "negative_keywords": []}, {"text": "im really proud to visit the most famous institute for science and technology in south korea", "sentiment": "POSITIVE", "sentiment_score": {"Positive": 0.9780030846595764, "Negative": 0.0008072057971730828, "Neutral": 0.020866282284259796, "Mixed": 0.00032340819598175585}, "keywords": [["korea", "south", "technology", "science", "institute"]], "positive_keywords": [["korea", "south", "technology", "science", "institute"]], "negative_keywords": []}, {"text": "id do my phd here", "sentiment": "NEUTRAL", "sentiment_score": {"Positive": 0.02423940971493721, "Negative": 0.006273043341934681, "Neutral": 0.9639020562171936, "Mixed": 0.005585512146353722}, "keywords": [["phd", "id"]], "positive_keywords": [], "negative_keywords": []}, {"text": "not what i expected university could really improve its student services", "sentiment": "NEGATIVE", "sentiment_score": {"Positive": 0.002219774993136525, "Negative": 0.9755644798278809, "Neutral": 0.015244387090206146, "Mixed": 0.006971326656639576}, "keywords": [["services", "student", "improve", "really", "university"]], "positive_keywords": [], "negative_keywords": [["services", "student", "improve", "really", "university"]]}, {"text": "its a good university but i think university has room for improvement", "sentiment": "MIXED", "sentiment_score": {"Positive": 0.09079279005527496, "Negative": 0.0044769770465791225, "Neutral": 0.02031625062227249, "Mixed": 0.8844140768051147}, "keywords": [["improvement", "room", "think", "university", "good"]], "positive_keywords": [], "negative_keywords": []}, {"text": "had higher expectations from university the curriculum needs a serious update", "sentiment": "NEGATIVE", "sentiment_score": {"Positive": 0.03928213194012642, "Negative": 0.6937776803970337, "Neutral": 0.23473480343818665, "Mixed": 0.03220541775226593}, "keywords": [["update", "needs", "curriculum", "university", "expectations"]], "positive_keywords": [], "negative_keywords": [["update", "needs", "curriculum", "university", "expectations"]]}, {"text": "the best years of my life were spent at university highly recommend it", "sentiment": "POSITIVE", "sentiment_score": {"Positive": 0.9983893632888794, "Negative": 0.00029790453845635056, "Neutral": 0.0012738844379782677, "Mixed": 3.883827230310999e-05}, "keywords": [["recommend", "highly", "university", "spent", "life"]], "positive_keywords": [["recommend", "highly", "university", "spent", "life"]], "negative_keywords": []}, {"text": "not what i expected university could really improve its student services", "sentiment": "NEGATIVE", "sentiment_score": {"Positive": 0.002219774993136525, "Negative": 0.9755644798278809, "Neutral": 0.015244387090206146, "Mixed": 0.006971326656639576}, "keywords": [["services", "student", "improve", "really", "university"]], "positive_keywords": [], "negative_keywords": [["services", "student", "improve", "really", "university"]]}, {"text": "its a good university but i think university has room for improvement", "sentiment": "MIXED", "sentiment_score": {"Positive": 0.09079279005527496, "Negative": 0.0044769770465791225, "Neutral": 0.02031625062227249, "Mixed": 0.8844140768051147}, "keywords": [["improvement", "room", "think", "university", "good"]], "positive_keywords": [], "negative_keywords": []}, {"text": "average experience at university nothing particularly outstanding", "sentiment": "NEGATIVE", "sentiment_score": {"Positive": 0.00849381648004055, "Negative": 0.6501188278198242, "Neutral": 0.04405200108885765, "Mixed": 0.29733535647392273}, "keywords": [["outstanding", "particularly", "university", "experience", "average"]], "positive_keywords": [], "negative_keywords": [["outstanding", "particularly", "university", "experience", "average"]]}, {"text": "average experience at university nothing particularly outstanding", "sentiment": "NEGATIVE", "sentiment_score": {"Positive": 0.00849381648004055, "Negative": 0.6501188278198242, "Neutral": 0.04405200108885765, "Mixed": 0.29733535647392273}, "keywords": [["outstanding", "particularly", "university", "experience", "average"]], "positive_keywords": [], "negative_keywords": [["outstanding", "particularly", "university", "experience", "average"]]}, {"text": "my time at university was decent good in some aspects but could be better in others", "sentiment": "MIXED", "sentiment_score": {"Positive": 0.010245845653116703, "Negative": 0.01066859345883131, "Neutral": 0.006733235437422991, "Mixed": 0.9723523259162903}, "keywords": [["better", "aspects", "good", "decent", "university"]], "positive_keywords": [], "negative_keywords": []}, {"text": "not what i expected university could really improve its student services", "sentiment": "NEGATIVE", "sentiment_score": {"Positive": 0.002219774993136525, "Negative": 0.9755644798278809, "Neutral": 0.015244387090206146, "Mixed": 0.006971326656639576}, "keywords": [["services", "student", "improve", "really", "university"]], "positive_keywords": [], "negative_keywords": [["services", "student", "improve", "really", "university"]]}]