[{"text": "beautiful campus i loved my time here peaceful place to walk through", "sentiment": "POSITIVE", "sentiment_score": {"Positive": 0.9929835796356201, "Negative": 0.00013019476318731904, "Neutral": 0.005438260268419981, "Mixed": 0.0014479474630206823}, "keywords": [["walk", "place", "peaceful", "time", "loved"]], "positive_keywords": [["walk", "place", "peaceful", "time", "loved"]], "negative_keywords": []}, {"text": "its a beautiful university and one of the top ones in all of uk the campuses are extremely pretty with lush green parks tress everywhere and lakes youll see so many birds and animals around you ducks pigeons geese and deer its crazy to be here is to be in the midst of nature while still living a modern day life", "sentiment": "POSITIVE", "sentiment_score": {"Positive": 0.9863860607147217, "Negative": 0.0004936216864734888, "Neutral": 0.012737592682242393, "Mixed": 0.000382664380595088}, "keywords": [["life", "day", "modern", "living", "nature"]], "positive_keywords": [["life", "day", "modern", "living", "nature"]], "negative_keywords": []}, {"text": "i am writing to express my deep disappointment with the misleading communication and lack of transparency i experienced during the application process\n\nprior to submitting my application i reached out to the admissions team to inquire about my eligibility and chances of admission the response i received indicated that i had a promising profile and encouraged me to proceed with the application based on this positive feedback i decided to apply and paid the nonrefundable application fee\n\nhowever shortly after submitting my application and paying the fee i received a disheartening notification stating that my application did not meet the requirements for admission this sudden change in assessment left me feeling misled and unfairly treated\n\ni understand that admission decisions are based on a thorough evaluation of each applicants credentials however the conflicting messages i received from the admissions team raise concerns about the transparency and consistency of the evaluation process\n\nthe initial encouragement to apply followed by a prompt rejection creates an impression that the application fee was the primary focus rather than a genuine assessment of my qualifications this experience has tarnished my perception of the university of nottinghams admissions process\n\ni urge the admissions team to review their communication practices and ensure that prospective students receive accurate and consistent information throughout the application process this will help maintain the universitys reputation for fairness and transparency", "sentiment": "NEGATIVE", "sentiment_score": {"Positive": 0.010719353333115578, "Negative": 0.9147695899009705, "Neutral": 0.038706205785274506, "Mixed": 0.03580496832728386}, "keywords": [["fairness", "reputation", "universitys", "maintain", "help"]], "positive_keywords": [], "negative_keywords": [["fairness", "reputation", "universitys", "maintain", "help"]]}, {"text": "the university has some lovely grounds to walk through and iconic buildings highfields park and the lakeside art centre are open to the public it is a nice place to visit to relax and unwind cant review or comment on the actual university and services provided as not used", "sentiment": "POSITIVE", "sentiment_score": {"Positive": 0.941050112247467, "Negative": 0.00027836242225021124, "Neutral": 0.05859120562672615, "Mixed": 8.042904664762318e-05}, "keywords": [["used", "provided", "services", "actual", "comment"]], "positive_keywords": [["used", "provided", "services", "actual", "comment"]], "negative_keywords": []}, {"text": "visited university park highfields with  of our grandchildren  we had a great time  adventure golf football golf boating on the lake nice car park toilets and a great children play ground  plenty of wildlife and trees", "sentiment": "POSITIVE", "sentiment_score": {"Positive": 0.8142048716545105, "Negative": 0.0005116542452014983, "Neutral": 0.18492531776428223, "Mixed": 0.0003581785422284156}, "keywords": [["trees", "wildlife", "plenty", "ground", "play"]], "positive_keywords": [["trees", "wildlife", "plenty", "ground", "play"]], "negative_keywords": []}, {"text": "my time at university was decent good in some aspects but could be better in others", "sentiment": "MIXED", "sentiment_score": {"Positive": 0.010245845653116703, "Negative": 0.01066859345883131, "Neutral": 0.006733235437422991, "Mixed": 0.9723523259162903}, "keywords": [["better", "aspects", "good", "decent", "university"]], "positive_keywords": [], "negative_keywords": []}, {"text": "the best years of my life were spent at university highly recommend it", "sentiment": "POSITIVE", "sentiment_score": {"Positive": 0.9983893632888794, "Negative": 0.00029790453845635056, "Neutral": 0.0012738844379782677, "Mixed": 3.883827230310999e-05}, "keywords": [["recommend", "highly", "university", "spent", "life"]], "positive_keywords": [["recommend", "highly", "university", "spent", "life"]], "negative_keywords": []}, {"text": "had higher expectations from university the curriculum needs a serious update", "sentiment": "NEGATIVE", "sentiment_score": {"Positive": 0.03928213194012642, "Negative": 0.6937776803970337, "Neutral": 0.23473480343818665, "Mixed": 0.03220541775226593}, "keywords": [["update", "needs", "curriculum", "university", "expectations"]], "positive_keywords": [], "negative_keywords": [["update", "needs", "curriculum", "university", "expectations"]]}, {"text": "not what i expected university could really improve its student services", "sentiment": "NEGATIVE", "sentiment_score": {"Positive": 0.002219774993136525, "Negative": 0.9755644798278809, "Neutral": 0.015244387090206146, "Mixed": 0.006971326656639576}, "keywords": [["services", "student", "improve", "really", "university"]], "positive_keywords": [], "negative_keywords": [["services", "student", "improve", "really", "university"]]}, {"text": "its a good university but i think university has room for improvement", "sentiment": "MIXED", "sentiment_score": {"Positive": 0.09079279005527496, "Negative": 0.0044769770465791225, "Neutral": 0.02031625062227249, "Mixed": 0.8844140768051147}, "keywords": [["improvement", "room", "think", "university", "good"]], "positive_keywords": [], "negative_keywords": []}, {"text": "the best years of my life were spent at university highly recommend it", "sentiment": "POSITIVE", "sentiment_score": {"Positive": 0.9983893632888794, "Negative": 0.00029790453845635056, "Neutral": 0.0012738844379782677, "Mixed": 3.883827230310999e-05}, "keywords": [["recommend", "highly", "university", "spent", "life"]], "positive_keywords": [["recommend", "highly", "university", "spent", "life"]], "negative_keywords": []}, {"text": "i had an amazing experience at university the faculty and facilities are topnotch", "sentiment": "POSITIVE", "sentiment_score": {"Positive": 0.9932656288146973, "Negative": 0.00032129944884218276, "Neutral": 0.0041029369458556175, "Mixed": 0.0023101065307855606}, "keywords": [["topnotch", "facilities", "faculty", "university", "experience"]], "positive_keywords": [["topnotch", "facilities", "faculty", "university", "experience"]], "negative_keywords": []}, {"text": "the best years of my life were spent at university highly recommend it", "sentiment": "POSITIVE", "sentiment_score": {"Positive": 0.9983893632888794, "Negative": 0.00029790453845635056, "Neutral": 0.0012738844379782677, "Mixed": 3.883827230310999e-05}, "keywords": [["recommend", "highly", "university", "spent", "life"]], "positive_keywords": [["recommend", "highly", "university", "spent", "life"]], "negative_keywords": []}, {"text": "i was disappointed with my experience at university the resources were lacking", "sentiment": "NEGATIVE", "sentiment_score": {"Positive": 0.0002522050344850868, "Negative": 0.999014139175415, "Neutral": 0.0005387758137658238, "Mixed": 0.00019480571791063994}, "keywords": [["lacking", "resources", "university", "experience", "disappointed"]], "positive_keywords": [], "negative_keywords": [["lacking", "resources", "university", "experience", "disappointed"]]}, {"text": "i was disappointed with my experience at university the resources were lacking", "sentiment": "NEGATIVE", "sentiment_score": {"Positive": 0.0002522050344850868, "Negative": 0.999014139175415, "Neutral": 0.0005387758137658238, "Mixed": 0.00019480571791063994}, "keywords": [["lacking", "resources", "university", "experience", "disappointed"]], "positive_keywords": [], "negative_keywords": [["lacking", "resources", "university", "experience", "disappointed"]]}]