[{"text": "i dont know much of the college itself but i know that i enjoy roaming the grounds because of the nice surroundings the building itself is very cool and the greenery is pleasant it would be very cool to go inside and see what its like someday im sure theres lots of interesting history to discover as well ", "sentiment": "POSITIVE", "sentiment_score": {"Positive": 0.9726961851119995, "Negative": 0.00041576550574973226, "Neutral": 0.02478848583996296, "Mixed": 0.0020995133090764284}, "keywords": [["discover", "history", "interesting", "lots", "theres"]], "positive_keywords": [["discover", "history", "interesting", "lots", "theres"]], "negative_keywords": []}, {"text": "they are open for two hours for academic counselling the first week of school  they take thousands of dollars for tuition but are rude dismissive and unhelpful when a student needs to change  their courses  they are extremely unhelpful when dealing with parents who are footing the bill", "sentiment": "NEGATIVE", "sentiment_score": {"Positive": 0.0024293193127959967, "Negative": 0.9207761883735657, "Neutral": 0.05430625379085541, "Mixed": 0.022488271817564964}, "keywords": [["footing", "parents", "dealing", "extremely", "courses"]], "positive_keywords": [], "negative_keywords": [["footing", "parents", "dealing", "extremely", "courses"]]}, {"text": "i am a mature student starting kings in september this summer i visited enrolment services and financial services in both offices i have received friendly and professional assistance", "sentiment": "POSITIVE", "sentiment_score": {"Positive": 0.5224841237068176, "Negative": 0.004072204232215881, "Neutral": 0.4683496057987213, "Mixed": 0.00509405555203557}, "keywords": [["assistance", "professional", "friendly", "received", "offices"]], "positive_keywords": [["assistance", "professional", "friendly", "received", "offices"]], "negative_keywords": []}, {"text": "so far my experience is very good university is tough and hard again its great experience professors are very nice and highly educated like it pretty much as of today", "sentiment": "POSITIVE", "sentiment_score": {"Positive": 0.9349413514137268, "Negative": 0.0014606445329263806, "Neutral": 0.015469674952328205, "Mixed": 0.04812830686569214}, "keywords": [["today", "pretty", "like", "educated", "highly"]], "positive_keywords": [["today", "pretty", "like", "educated", "highly"]], "negative_keywords": []}, {"text": "they came to my high school and didnt even offer us a pen worst  school ever ", "sentiment": "NEGATIVE", "sentiment_score": {"Positive": 0.01734216697514057, "Negative": 0.8975350856781006, "Neutral": 0.0716579481959343, "Mixed": 0.013464739546179771}, "keywords": [["worst", "pen", "offer", "didnt", "school"]], "positive_keywords": [], "negative_keywords": [["worst", "pen", "offer", "didnt", "school"]]}, {"text": "my time at university was decent good in some aspects but could be better in others", "sentiment": "MIXED", "sentiment_score": {"Positive": 0.010245845653116703, "Negative": 0.01066859345883131, "Neutral": 0.006733235437422991, "Mixed": 0.9723523259162903}, "keywords": [["better", "aspects", "good", "decent", "university"]], "positive_keywords": [], "negative_keywords": []}, {"text": "average experience at university nothing particularly outstanding", "sentiment": "NEGATIVE", "sentiment_score": {"Positive": 0.00849381648004055, "Negative": 0.6501188278198242, "Neutral": 0.04405200108885765, "Mixed": 0.29733535647392273}, "keywords": [["outstanding", "particularly", "university", "experience", "average"]], "positive_keywords": [], "negative_keywords": [["outstanding", "particularly", "university", "experience", "average"]]}, {"text": "not what i expected university could really improve its student services", "sentiment": "NEGATIVE", "sentiment_score": {"Positive": 0.002219774993136525, "Negative": 0.9755644798278809, "Neutral": 0.015244387090206146, "Mixed": 0.006971326656639576}, "keywords": [["services", "student", "improve", "really", "university"]], "positive_keywords": [], "negative_keywords": [["services", "student", "improve", "really", "university"]]}, {"text": "had higher expectations from university the curriculum needs a serious update", "sentiment": "NEGATIVE", "sentiment_score": {"Positive": 0.03928213194012642, "Negative": 0.6937776803970337, "Neutral": 0.23473480343818665, "Mixed": 0.03220541775226593}, "keywords": [["update", "needs", "curriculum", "university", "expectations"]], "positive_keywords": [], "negative_keywords": [["update", "needs", "curriculum", "university", "expectations"]]}, {"text": "had higher expectations from university the curriculum needs a serious update", "sentiment": "NEGATIVE", "sentiment_score": {"Positive": 0.03928213194012642, "Negative": 0.6937776803970337, "Neutral": 0.23473480343818665, "Mixed": 0.03220541775226593}, "keywords": [["update", "needs", "curriculum", "university", "expectations"]], "positive_keywords": [], "negative_keywords": [["update", "needs", "curriculum", "university", "expectations"]]}, {"text": "had higher expectations from university the curriculum needs a serious update", "sentiment": "NEGATIVE", "sentiment_score": {"Positive": 0.03928213194012642, "Negative": 0.6937776803970337, "Neutral": 0.23473480343818665, "Mixed": 0.03220541775226593}, "keywords": [["update", "needs", "curriculum", "university", "expectations"]], "positive_keywords": [], "negative_keywords": [["update", "needs", "curriculum", "university", "expectations"]]}, {"text": "absolutely loved my time here university has an incredible campus and community", "sentiment": "POSITIVE", "sentiment_score": {"Positive": 0.9985748529434204, "Negative": 6.635062891291454e-05, "Neutral": 0.001123400405049324, "Mixed": 0.00023545697331428528}, "keywords": [["community", "campus", "incredible", "university", "time"]], "positive_keywords": [["community", "campus", "incredible", "university", "time"]], "negative_keywords": []}, {"text": "its a good university but i think university has room for improvement", "sentiment": "MIXED", "sentiment_score": {"Positive": 0.09079279005527496, "Negative": 0.0044769770465791225, "Neutral": 0.02031625062227249, "Mixed": 0.8844140768051147}, "keywords": [["improvement", "room", "think", "university", "good"]], "positive_keywords": [], "negative_keywords": []}, {"text": "its a good university but i think university has room for improvement", "sentiment": "MIXED", "sentiment_score": {"Positive": 0.09079279005527496, "Negative": 0.0044769770465791225, "Neutral": 0.02031625062227249, "Mixed": 0.8844140768051147}, "keywords": [["improvement", "room", "think", "university", "good"]], "positive_keywords": [], "negative_keywords": []}, {"text": "my time at university was decent good in some aspects but could be better in others", "sentiment": "MIXED", "sentiment_score": {"Positive": 0.010245845653116703, "Negative": 0.01066859345883131, "Neutral": 0.006733235437422991, "Mixed": 0.9723523259162903}, "keywords": [["better", "aspects", "good", "decent", "university"]], "positive_keywords": [], "negative_keywords": []}]