[{"text": "beautiful campus with red brick buildings modern buildings on the same premise will be a lovely walk on the campus on a sunny day it is a gardenlike campus looks even more impressive at night most beautiful university campus i have been to", "sentiment": "POSITIVE", "sentiment_score": {"Positive": 0.9723470211029053, "Negative": 0.00020201790903229266, "Neutral": 0.02729438617825508, "Mixed": 0.00015655923925805837}, "keywords": [["university", "night", "impressive", "looks", "gardenlike"]], "positive_keywords": [["university", "night", "impressive", "looks", "gardenlike"]], "negative_keywords": []}, {"text": "came here for a conference what a beautiful campus and university so many lovely places for walking", "sentiment": "POSITIVE", "sentiment_score": {"Positive": 0.9821662306785583, "Negative": 0.00035047155688516796, "Neutral": 0.017040831968188286, "Mixed": 0.00044257621630094945}, "keywords": [["walking", "places", "lovely", "university", "campus"]], "positive_keywords": [["walking", "places", "lovely", "university", "campus"]], "negative_keywords": []}, {"text": "very kind and very cooperative staff the campus is lovely as well", "sentiment": "POSITIVE", "sentiment_score": {"Positive": 0.9990392923355103, "Negative": 2.897786362154875e-05, "Neutral": 0.0008727255626581609, "Mixed": 5.9130292356712744e-05}, "keywords": [["lovely", "campus", "staff", "cooperative", "kind"]], "positive_keywords": [["lovely", "campus", "staff", "cooperative", "kind"]], "negative_keywords": []}, {"text": "nice campus and easy to get there by train the station is called university  but its quite a big campus and poorly signposted  the campus map signs are too small to help at a distance quite interesting and a lot more to see than i had time for on my visit", "sentiment": "MIXED", "sentiment_score": {"Positive": 0.013867083936929703, "Negative": 0.008064520545303822, "Neutral": 0.0012388603063300252, "Mixed": 0.976829469203949}, "keywords": [["visit", "time", "lot", "interesting", "distance"]], "positive_keywords": [], "negative_keywords": []}, {"text": "beautiful university campus great place to study  great people great community lots of subjects taught here and great mix of societies and cultures  here people from all of the world come to study here   there is real sense of community ", "sentiment": "POSITIVE", "sentiment_score": {"Positive": 0.9822262525558472, "Negative": 9.363533172290772e-05, "Neutral": 0.01760081760585308, "Mixed": 7.924908277345821e-05}, "keywords": [["sense", "real", "come", "world", "cultures"]], "positive_keywords": [["sense", "real", "come", "world", "cultures"]], "negative_keywords": []}, {"text": "its a good university but i think university has room for improvement", "sentiment": "MIXED", "sentiment_score": {"Positive": 0.09079279005527496, "Negative": 0.0044769770465791225, "Neutral": 0.02031625062227249, "Mixed": 0.8844140768051147}, "keywords": [["improvement", "room", "think", "university", "good"]], "positive_keywords": [], "negative_keywords": []}, {"text": "the best years of my life were spent at university highly recommend it", "sentiment": "POSITIVE", "sentiment_score": {"Positive": 0.9983893632888794, "Negative": 0.00029790453845635056, "Neutral": 0.0012738844379782677, "Mixed": 3.883827230310999e-05}, "keywords": [["recommend", "highly", "university", "spent", "life"]], "positive_keywords": [["recommend", "highly", "university", "spent", "life"]], "negative_keywords": []}, {"text": "had higher expectations from university the curriculum needs a serious update", "sentiment": "NEGATIVE", "sentiment_score": {"Positive": 0.03928213194012642, "Negative": 0.6937776803970337, "Neutral": 0.23473480343818665, "Mixed": 0.03220541775226593}, "keywords": [["update", "needs", "curriculum", "university", "expectations"]], "positive_keywords": [], "negative_keywords": [["update", "needs", "curriculum", "university", "expectations"]]}, {"text": "had higher expectations from university the curriculum needs a serious update", "sentiment": "NEGATIVE", "sentiment_score": {"Positive": 0.03928213194012642, "Negative": 0.6937776803970337, "Neutral": 0.23473480343818665, "Mixed": 0.03220541775226593}, "keywords": [["update", "needs", "curriculum", "university", "expectations"]], "positive_keywords": [], "negative_keywords": [["update", "needs", "curriculum", "university", "expectations"]]}, {"text": "the best years of my life were spent at university highly recommend it", "sentiment": "POSITIVE", "sentiment_score": {"Positive": 0.9983893632888794, "Negative": 0.00029790453845635056, "Neutral": 0.0012738844379782677, "Mixed": 3.883827230310999e-05}, "keywords": [["recommend", "highly", "university", "spent", "life"]], "positive_keywords": [["recommend", "highly", "university", "spent", "life"]], "negative_keywords": []}, {"text": "absolutely loved my time here university has an incredible campus and community", "sentiment": "POSITIVE", "sentiment_score": {"Positive": 0.9985748529434204, "Negative": 6.635062891291454e-05, "Neutral": 0.001123400405049324, "Mixed": 0.00023545697331428528}, "keywords": [["community", "campus", "incredible", "university", "time"]], "positive_keywords": [["community", "campus", "incredible", "university", "time"]], "negative_keywords": []}, {"text": "its a good university but i think university has room for improvement", "sentiment": "MIXED", "sentiment_score": {"Positive": 0.09079279005527496, "Negative": 0.0044769770465791225, "Neutral": 0.02031625062227249, "Mixed": 0.8844140768051147}, "keywords": [["improvement", "room", "think", "university", "good"]], "positive_keywords": [], "negative_keywords": []}, {"text": "my time at university was decent good in some aspects but could be better in others", "sentiment": "MIXED", "sentiment_score": {"Positive": 0.010245845653116703, "Negative": 0.01066859345883131, "Neutral": 0.006733235437422991, "Mixed": 0.9723523259162903}, "keywords": [["better", "aspects", "good", "decent", "university"]], "positive_keywords": [], "negative_keywords": []}, {"text": "average experience at university nothing particularly outstanding", "sentiment": "NEGATIVE", "sentiment_score": {"Positive": 0.00849381648004055, "Negative": 0.6501188278198242, "Neutral": 0.04405200108885765, "Mixed": 0.29733535647392273}, "keywords": [["outstanding", "particularly", "university", "experience", "average"]], "positive_keywords": [], "negative_keywords": [["outstanding", "particularly", "university", "experience", "average"]]}, {"text": "my time at university was decent good in some aspects but could be better in others", "sentiment": "MIXED", "sentiment_score": {"Positive": 0.010245845653116703, "Negative": 0.01066859345883131, "Neutral": 0.006733235437422991, "Mixed": 0.9723523259162903}, "keywords": [["better", "aspects", "good", "decent", "university"]], "positive_keywords": [], "negative_keywords": []}]