[{"text": "princeton university is a private ivy league university located in princeton new jersey it was founded in  as the college of new jersey and is one of the oldest in the us\n\nprinceton is ranked among the top universities in the world and is best known for its rigorous academics prestigious alumni network and of course as its well proclaimed beautiful campus\n\nprinceton offers a broad range of academic programs with majors ranging from humanities social sciences economics and engineering\n\nits campus is absolutely beautiful it consists of various large extensive buildings and structures all throughout the walking area it is very much common to see students alike and tourists taking photos of such aforementioned structures because of their voluminous space and architecture\n\nprincetons undergraduate curriculum is based on a liberal arts foundation requiring students to take courses in a variety of disciplines\n\nas stated on their respective website\n\n years of english\n\n years of mathematics\n\n years of one foreign language\n\n years of laboratory science\n\n years of history\n\nprinceton also offers a variety of financial aid programs to help students make college affordable\n\nnot only that but undergraduates also have the opportunity to conduct independent research often under the mentorship of princetons worldrenowned faculty\n\nall in all princeton university is a worldclass institution that offers students the opportunity to receive a rigorous education and learn from some of the best minds in the world\n\nit is a community where students can grow and thrive and make lifelong friends from all over the world in an environment where young minds are constantly being challenged and older minds are seeking to serve and teach their years worth of knowledge\n\nif you are a high school student who is interested in attending princeton you should start planning early princeton has a very competitive admissions process and it is important to have strong grades and extracurricular activities in progress while you still have time\n\nin addition to that i definitely recommend visiting the campus and talking to current students to learn more about the university\nstudent life and its unique culture it portrays", "sentiment": "NEUTRAL", "sentiment_score": {"Positive": 0.29605379700660706, "Negative": 0.0003008977510035038, "Neutral": 0.7035766839981079, "Mixed": 6.862179725430906e-05}, "keywords": [["portrays", "culture", "unique", "life", "current"]], "positive_keywords": [], "negative_keywords": []}, {"text": "you get to see a lot of victorian style architecture although you will most likely not be able to explore any of the buildings from inside its a great place to walk around and enjoy the architectural marvel recommend time of the year is fall especially if you are driving from ny or upstate nj", "sentiment": "MIXED", "sentiment_score": {"Positive": 0.044306423515081406, "Negative": 0.005293097347021103, "Neutral": 0.04106646403670311, "Mixed": 0.9093340039253235}, "keywords": [["nj", "upstate", "ny", "driving", "especially"]], "positive_keywords": [], "negative_keywords": []}, {"text": "this is a very lovely campus each building is stunning the campus is very lovely and interesting also walkable and easy to navigate", "sentiment": "POSITIVE", "sentiment_score": {"Positive": 0.9992465972900391, "Negative": 2.0734674762934446e-05, "Neutral": 0.0006364199798554182, "Mixed": 9.632432193029672e-05}, "keywords": [["navigate", "easy", "walkable", "interesting", "stunning"]], "positive_keywords": [["navigate", "easy", "walkable", "interesting", "stunning"]], "negative_keywords": []}, {"text": "shooting at princeton was a joy the campus lends itself beautifully to romantic photography offering both history and elegance in one setting", "sentiment": "POSITIVE", "sentiment_score": {"Positive": 0.9881822466850281, "Negative": 0.00013724550080951303, "Neutral": 0.011511058546602726, "Mixed": 0.000169476043083705}, "keywords": [["setting", "elegance", "history", "offering", "photography"]], "positive_keywords": [["setting", "elegance", "history", "offering", "photography"]], "negative_keywords": []}, {"text": "really beautiful campus i stopped by here and dont regret anything i loved walking around and seeing all the different buildings and dorms it was actually gorgeous there is a gift shop as well i recommend ", "sentiment": "POSITIVE", "sentiment_score": {"Positive": 0.999473512172699, "Negative": 4.154648559051566e-05, "Neutral": 0.00045966391917318106, "Mixed": 2.5276960514020175e-05}, "keywords": [["recommend", "shop", "gift", "gorgeous", "actually"]], "positive_keywords": [["recommend", "shop", "gift", "gorgeous", "actually"]], "negative_keywords": []}, {"text": "i had an amazing experience at university the faculty and facilities are topnotch", "sentiment": "POSITIVE", "sentiment_score": {"Positive": 0.9932656288146973, "Negative": 0.00032129944884218276, "Neutral": 0.0041029369458556175, "Mixed": 0.0023101065307855606}, "keywords": [["topnotch", "facilities", "faculty", "university", "experience"]], "positive_keywords": [["topnotch", "facilities", "faculty", "university", "experience"]], "negative_keywords": []}, {"text": "i was disappointed with my experience at university the resources were lacking", "sentiment": "NEGATIVE", "sentiment_score": {"Positive": 0.0002522050344850868, "Negative": 0.999014139175415, "Neutral": 0.0005387758137658238, "Mixed": 0.00019480571791063994}, "keywords": [["lacking", "resources", "university", "experience", "disappointed"]], "positive_keywords": [], "negative_keywords": [["lacking", "resources", "university", "experience", "disappointed"]]}, {"text": "i was disappointed with my experience at university the resources were lacking", "sentiment": "NEGATIVE", "sentiment_score": {"Positive": 0.0002522050344850868, "Negative": 0.999014139175415, "Neutral": 0.0005387758137658238, "Mixed": 0.00019480571791063994}, "keywords": [["lacking", "resources", "university", "experience", "disappointed"]], "positive_keywords": [], "negative_keywords": [["lacking", "resources", "university", "experience", "disappointed"]]}, {"text": "its a good university but i think university has room for improvement", "sentiment": "MIXED", "sentiment_score": {"Positive": 0.09079279005527496, "Negative": 0.0044769770465791225, "Neutral": 0.02031625062227249, "Mixed": 0.8844140768051147}, "keywords": [["improvement", "room", "think", "university", "good"]], "positive_keywords": [], "negative_keywords": []}, {"text": "i was disappointed with my experience at university the resources were lacking", "sentiment": "NEGATIVE", "sentiment_score": {"Positive": 0.0002522050344850868, "Negative": 0.999014139175415, "Neutral": 0.0005387758137658238, "Mixed": 0.00019480571791063994}, "keywords": [["lacking", "resources", "university", "experience", "disappointed"]], "positive_keywords": [], "negative_keywords": [["lacking", "resources", "university", "experience", "disappointed"]]}, {"text": "my time at university was decent good in some aspects but could be better in others", "sentiment": "MIXED", "sentiment_score": {"Positive": 0.010245845653116703, "Negative": 0.01066859345883131, "Neutral": 0.006733235437422991, "Mixed": 0.9723523259162903}, "keywords": [["better", "aspects", "good", "decent", "university"]], "positive_keywords": [], "negative_keywords": []}, {"text": "had higher expectations from university the curriculum needs a serious update", "sentiment": "NEGATIVE", "sentiment_score": {"Positive": 0.03928213194012642, "Negative": 0.6937776803970337, "Neutral": 0.23473480343818665, "Mixed": 0.03220541775226593}, "keywords": [["update", "needs", "curriculum", "university", "expectations"]], "positive_keywords": [], "negative_keywords": [["update", "needs", "curriculum", "university", "expectations"]]}, {"text": "the best years of my life were spent at university highly recommend it", "sentiment": "POSITIVE", "sentiment_score": {"Positive": 0.9983893632888794, "Negative": 0.00029790453845635056, "Neutral": 0.0012738844379782677, "Mixed": 3.883827230310999e-05}, "keywords": [["recommend", "highly", "university", "spent", "life"]], "positive_keywords": [["recommend", "highly", "university", "spent", "life"]], "negative_keywords": []}, {"text": "average experience at university nothing particularly outstanding", "sentiment": "NEGATIVE", "sentiment_score": {"Positive": 0.00849381648004055, "Negative": 0.6501188278198242, "Neutral": 0.04405200108885765, "Mixed": 0.29733535647392273}, "keywords": [["outstanding", "particularly", "university", "experience", "average"]], "positive_keywords": [], "negative_keywords": [["outstanding", "particularly", "university", "experience", "average"]]}, {"text": "i was disappointed with my experience at university the resources were lacking", "sentiment": "NEGATIVE", "sentiment_score": {"Positive": 0.0002522050344850868, "Negative": 0.999014139175415, "Neutral": 0.0005387758137658238, "Mixed": 0.00019480571791063994}, "keywords": [["lacking", "resources", "university", "experience", "disappointed"]], "positive_keywords": [], "negative_keywords": [["lacking", "resources", "university", "experience", "disappointed"]]}]