[{"text": "the university of copenhagen located in copenhagen denmark is a highly esteemed public research institution it boasts a rich history having been founded back in  making it the secondoldest university in scandinavia preceded only by uppsala university\n\ncomprising six distinct faculties the university of copenhagen conducts its educational activities across four campuses all conveniently situated in copenhagen to support its academic endeavors the university manages an impressive total of  departments and  separate research centers all within the citys boundaries additionally it oversees several museums and botanical gardens both within and outside the danish capital contributing to the institutions commitment to knowledge dissemination and preserving cultural heritage\n\nbeyond copenhagen the university of copenhagen expands its influence through ownership and operation of various research stations throughout denmark with two additional stations located in greenland these research outposts serve as vital hubs for advancing scientific exploration and contributing to the understanding of regional ecosystems and climate dynamics\n\nnotably the faculty of health and medical sciences forms an integral part of the university and collaborates closely with the public hospitals of the capital and zealand region of denmark together they constitute the conglomerate copenhagen university hospital fostering synergistic partnerships between academia and healthcare to promote cuttingedge medical research and superior patient care\n\nin summary the university of copenhagen stands as a distinguished center of learning and research deeply rooted in history and embracing a multifaceted approach to education its presence spans across various faculties departments research centers museums and gardens both within and beyond copenhagen further strengthened by its outreach through research stations and collaborations with prominent healthcare institutions this esteemed institution continues to uphold its legacy of academic excellence inspiring generations of scholars and contributing significantly to the advancement of knowledge across diverse fields", "sentiment": "NEUTRAL", "sentiment_score": {"Positive": 0.07643413543701172, "Negative": 0.0002146847837138921, "Neutral": 0.9233188033103943, "Mixed": 3.238032877561636e-05}, "keywords": [["fields", "diverse", "advancement", "significantly", "scholars"]], "positive_keywords": [], "negative_keywords": []}, {"text": "beautiful historical building gorgeous conference hall uncomfortable seating amazing place", "sentiment": "POSITIVE", "sentiment_score": {"Positive": 0.871769368648529, "Negative": 0.004763311240822077, "Neutral": 0.014730917289853096, "Mixed": 0.10873637348413467}, "keywords": [["place", "amazing", "seating", "uncomfortable", "hall"]], "positive_keywords": [["place", "amazing", "seating", "uncomfortable", "hall"]], "negative_keywords": []}, {"text": "i feel like an artist when sitting here it made me delighted", "sentiment": "POSITIVE", "sentiment_score": {"Positive": 0.9855002760887146, "Negative": 0.0021651643328368664, "Neutral": 0.004442666657269001, "Mixed": 0.007891903631389141}, "keywords": [["delighted", "sitting", "artist", "like", "feel"]], "positive_keywords": [["delighted", "sitting", "artist", "like", "feel"]], "negative_keywords": []}, {"text": "one of the oldest universities in europe established some time before columbus discovered america\n\nthis is the administration par of it and the faculties are spread over the cophenhagen", "sentiment": "NEUTRAL", "sentiment_score": {"Positive": 0.0014535809168592095, "Negative": 0.008334915153682232, "Neutral": 0.9900846481323242, "Mixed": 0.00012685131514444947}, "keywords": [["cophenhagen", "spread", "faculties", "par", "administration"]], "positive_keywords": [], "negative_keywords": []}, {"text": "copenhagen university is a prestigious public research university in copenhagen denmark founded in  it is the secondoldest university in scandinavia after uppsala university\n\nthe university has six faculties\n\n the faculty of health and medical sciences\n the faculty of science\n the faculty of humanities\n the faculty of social sciences\n the faculty of law\n the faculty of theology\n\nthe university offers a wide range of undergraduate and postgraduate programs both in danish and english it is also home to a number of research centers and institutes\n\ncopenhagen university is a highly ranked university and is consistently ranked among the top  universities in the world it is also a popular choice for international students with over  international students enrolled\n\nthe university is located in the heart of copenhagen and is easily accessible by public transportation the campus is also home to a number of museums and cultural institutions\n\nhere are some of the key features of copenhagen university\n\n founded in \n secondoldest university in scandinavia\n six faculties\n wide range of undergraduate and postgraduate programs\n highly ranked university\n popular choice for international students\n located in the heart of copenhagen", "sentiment": "NEUTRAL", "sentiment_score": {"Positive": 0.005273932591080666, "Negative": 9.634455636842176e-05, "Neutral": 0.994616687297821, "Mixed": 1.3062292055110447e-05}, "keywords": [["features", "key", "institutions", "cultural", "museums"]], "positive_keywords": [], "negative_keywords": []}, {"text": "average experience at university nothing particularly outstanding", "sentiment": "NEGATIVE", "sentiment_score": {"Positive": 0.00849381648004055, "Negative": 0.6501188278198242, "Neutral": 0.04405200108885765, "Mixed": 0.29733535647392273}, "keywords": [["outstanding", "particularly", "university", "experience", "average"]], "positive_keywords": [], "negative_keywords": [["outstanding", "particularly", "university", "experience", "average"]]}, {"text": "my time at university was decent good in some aspects but could be better in others", "sentiment": "MIXED", "sentiment_score": {"Positive": 0.010245845653116703, "Negative": 0.01066859345883131, "Neutral": 0.006733235437422991, "Mixed": 0.9723523259162903}, "keywords": [["better", "aspects", "good", "decent", "university"]], "positive_keywords": [], "negative_keywords": []}, {"text": "average experience at university nothing particularly outstanding", "sentiment": "NEGATIVE", "sentiment_score": {"Positive": 0.00849381648004055, "Negative": 0.6501188278198242, "Neutral": 0.04405200108885765, "Mixed": 0.29733535647392273}, "keywords": [["outstanding", "particularly", "university", "experience", "average"]], "positive_keywords": [], "negative_keywords": [["outstanding", "particularly", "university", "experience", "average"]]}, {"text": "average experience at university nothing particularly outstanding", "sentiment": "NEGATIVE", "sentiment_score": {"Positive": 0.00849381648004055, "Negative": 0.6501188278198242, "Neutral": 0.04405200108885765, "Mixed": 0.29733535647392273}, "keywords": [["outstanding", "particularly", "university", "experience", "average"]], "positive_keywords": [], "negative_keywords": [["outstanding", "particularly", "university", "experience", "average"]]}, {"text": "absolutely loved my time here university has an incredible campus and community", "sentiment": "POSITIVE", "sentiment_score": {"Positive": 0.9985748529434204, "Negative": 6.635062891291454e-05, "Neutral": 0.001123400405049324, "Mixed": 0.00023545697331428528}, "keywords": [["community", "campus", "incredible", "university", "time"]], "positive_keywords": [["community", "campus", "incredible", "university", "time"]], "negative_keywords": []}, {"text": "absolutely loved my time here university has an incredible campus and community", "sentiment": "POSITIVE", "sentiment_score": {"Positive": 0.9985748529434204, "Negative": 6.635062891291454e-05, "Neutral": 0.001123400405049324, "Mixed": 0.00023545697331428528}, "keywords": [["community", "campus", "incredible", "university", "time"]], "positive_keywords": [["community", "campus", "incredible", "university", "time"]], "negative_keywords": []}, {"text": "i had an amazing experience at university the faculty and facilities are topnotch", "sentiment": "POSITIVE", "sentiment_score": {"Positive": 0.9932656288146973, "Negative": 0.00032129944884218276, "Neutral": 0.0041029369458556175, "Mixed": 0.0023101065307855606}, "keywords": [["topnotch", "facilities", "faculty", "university", "experience"]], "positive_keywords": [["topnotch", "facilities", "faculty", "university", "experience"]], "negative_keywords": []}, {"text": "my time at university was decent good in some aspects but could be better in others", "sentiment": "MIXED", "sentiment_score": {"Positive": 0.010245845653116703, "Negative": 0.01066859345883131, "Neutral": 0.006733235437422991, "Mixed": 0.9723523259162903}, "keywords": [["better", "aspects", "good", "decent", "university"]], "positive_keywords": [], "negative_keywords": []}, {"text": "its a good university but i think university has room for improvement", "sentiment": "MIXED", "sentiment_score": {"Positive": 0.09079279005527496, "Negative": 0.0044769770465791225, "Neutral": 0.02031625062227249, "Mixed": 0.8844140768051147}, "keywords": [["improvement", "room", "think", "university", "good"]], "positive_keywords": [], "negative_keywords": []}, {"text": "my time at university was decent good in some aspects but could be better in others", "sentiment": "MIXED", "sentiment_score": {"Positive": 0.010245845653116703, "Negative": 0.01066859345883131, "Neutral": 0.006733235437422991, "Mixed": 0.9723523259162903}, "keywords": [["better", "aspects", "good", "decent", "university"]], "positive_keywords": [], "negative_keywords": []}]