[{"text": "while in the ueno park area you can take walk for a peak at some of the old buildings of university of tokyo first imperial university and the most prestigious in japan\naccess on the university grounds is allowed even when there are no students the place looked deserted but i can imagine how it is with students around\neven though it was a rainy afternoon visiting the university of tokyo was a pleasant experience", "sentiment": "POSITIVE", "sentiment_score": {"Positive": 0.7347667217254639, "Negative": 0.000989276566542685, "Neutral": 0.24697840213775635, "Mixed": 0.01726565882563591}, "keywords": [["experience", "pleasant", "visiting", "afternoon", "rainy"]], "positive_keywords": [["experience", "pleasant", "visiting", "afternoon", "rainy"]], "negative_keywords": []}, {"text": "this is my university i spend  years here one of the best university in the world the beauty of campus is amazing therefore in fall lots of people visit the campus best place to shoot autumn vibe photos for social media moreover you can feel the vibes from my posted photos both adult and kids will enjoy the place", "sentiment": "POSITIVE", "sentiment_score": {"Positive": 0.938527524471283, "Negative": 0.00025566061958670616, "Neutral": 0.061150919646024704, "Mixed": 6.58267890685238e-05}, "keywords": [["enjoy", "kids", "adult", "posted", "vibes"]], "positive_keywords": [["enjoy", "kids", "adult", "posted", "vibes"]], "negative_keywords": []}, {"text": "very nice campus with well maintained historical buildings and neatly manicured landscape we went in the last week of november and caught the right season when ginkgo trees turn into a sea of yellow would be a dream to study here", "sentiment": "POSITIVE", "sentiment_score": {"Positive": 0.9868947267532349, "Negative": 0.00010253843356622383, "Neutral": 0.012914106249809265, "Mixed": 8.854332554619759e-05}, "keywords": [["study", "dream", "yellow", "sea", "turn"]], "positive_keywords": [["study", "dream", "yellow", "sea", "turn"]], "negative_keywords": []}, {"text": "the highest ranked university in japan founded  years ago the campus is opened to the public where you are take a walk while enjoying the beauty of historic buildings and nature there the nearest station is todaimae which means in front of tokyo uni how intesting it is the best season to visit todai is definitely fall i was lucky to capture a photo of a huge ginkgo tree as per attachment", "sentiment": "POSITIVE", "sentiment_score": {"Positive": 0.597517192363739, "Negative": 0.004804315976798534, "Neutral": 0.3504781723022461, "Mixed": 0.04720031097531319}, "keywords": [["attachment", "tree", "ginkgo", "huge", "photo"]], "positive_keywords": [["attachment", "tree", "ginkgo", "huge", "photo"]], "negative_keywords": []}, {"text": "nice place to visit as a tourist lots of green to find if you look for it", "sentiment": "POSITIVE", "sentiment_score": {"Positive": 0.9958782196044922, "Negative": 0.0001353896950604394, "Neutral": 0.0038937178906053305, "Mixed": 9.27172222873196e-05}, "keywords": [["look", "green", "lots", "tourist", "visit"]], "positive_keywords": [["look", "green", "lots", "tourist", "visit"]], "negative_keywords": []}, {"text": "had higher expectations from university the curriculum needs a serious update", "sentiment": "NEGATIVE", "sentiment_score": {"Positive": 0.03928213194012642, "Negative": 0.6937776803970337, "Neutral": 0.23473480343818665, "Mixed": 0.03220541775226593}, "keywords": [["update", "needs", "curriculum", "university", "expectations"]], "positive_keywords": [], "negative_keywords": [["update", "needs", "curriculum", "university", "expectations"]]}, {"text": "the best years of my life were spent at university highly recommend it", "sentiment": "POSITIVE", "sentiment_score": {"Positive": 0.9983893632888794, "Negative": 0.00029790453845635056, "Neutral": 0.0012738844379782677, "Mixed": 3.883827230310999e-05}, "keywords": [["recommend", "highly", "university", "spent", "life"]], "positive_keywords": [["recommend", "highly", "university", "spent", "life"]], "negative_keywords": []}, {"text": "my time at university was decent good in some aspects but could be better in others", "sentiment": "MIXED", "sentiment_score": {"Positive": 0.010245845653116703, "Negative": 0.01066859345883131, "Neutral": 0.006733235437422991, "Mixed": 0.9723523259162903}, "keywords": [["better", "aspects", "good", "decent", "university"]], "positive_keywords": [], "negative_keywords": []}, {"text": "i had an amazing experience at university the faculty and facilities are topnotch", "sentiment": "POSITIVE", "sentiment_score": {"Positive": 0.9932656288146973, "Negative": 0.00032129944884218276, "Neutral": 0.0041029369458556175, "Mixed": 0.0023101065307855606}, "keywords": [["topnotch", "facilities", "faculty", "university", "experience"]], "positive_keywords": [["topnotch", "facilities", "faculty", "university", "experience"]], "negative_keywords": []}, {"text": "had higher expectations from university the curriculum needs a serious update", "sentiment": "NEGATIVE", "sentiment_score": {"Positive": 0.03928213194012642, "Negative": 0.6937776803970337, "Neutral": 0.23473480343818665, "Mixed": 0.03220541775226593}, "keywords": [["update", "needs", "curriculum", "university", "expectations"]], "positive_keywords": [], "negative_keywords": [["update", "needs", "curriculum", "university", "expectations"]]}, {"text": "i had an amazing experience at university the faculty and facilities are topnotch", "sentiment": "POSITIVE", "sentiment_score": {"Positive": 0.9932656288146973, "Negative": 0.00032129944884218276, "Neutral": 0.0041029369458556175, "Mixed": 0.0023101065307855606}, "keywords": [["topnotch", "facilities", "faculty", "university", "experience"]], "positive_keywords": [["topnotch", "facilities", "faculty", "university", "experience"]], "negative_keywords": []}, {"text": "its a good university but i think university has room for improvement", "sentiment": "MIXED", "sentiment_score": {"Positive": 0.09079279005527496, "Negative": 0.0044769770465791225, "Neutral": 0.02031625062227249, "Mixed": 0.8844140768051147}, "keywords": [["improvement", "room", "think", "university", "good"]], "positive_keywords": [], "negative_keywords": []}, {"text": "average experience at university nothing particularly outstanding", "sentiment": "NEGATIVE", "sentiment_score": {"Positive": 0.00849381648004055, "Negative": 0.6501188278198242, "Neutral": 0.04405200108885765, "Mixed": 0.29733535647392273}, "keywords": [["outstanding", "particularly", "university", "experience", "average"]], "positive_keywords": [], "negative_keywords": [["outstanding", "particularly", "university", "experience", "average"]]}, {"text": "the best years of my life were spent at university highly recommend it", "sentiment": "POSITIVE", "sentiment_score": {"Positive": 0.9983893632888794, "Negative": 0.00029790453845635056, "Neutral": 0.0012738844379782677, "Mixed": 3.883827230310999e-05}, "keywords": [["recommend", "highly", "university", "spent", "life"]], "positive_keywords": [["recommend", "highly", "university", "spent", "life"]], "negative_keywords": []}, {"text": "not what i expected university could really improve its student services", "sentiment": "NEGATIVE", "sentiment_score": {"Positive": 0.002219774993136525, "Negative": 0.9755644798278809, "Neutral": 0.015244387090206146, "Mixed": 0.006971326656639576}, "keywords": [["services", "student", "improve", "really", "university"]], "positive_keywords": [], "negative_keywords": [["services", "student", "improve", "really", "university"]]}]