[{"text": "in the spring season chinese fringe trees are just blooming they are very unique tree in taiwan some suppose they are more beautiful than cherry blossoms please do enjoy them in the right days", "sentiment": "POSITIVE", "sentiment_score": {"Positive": 0.7663086652755737, "Negative": 0.00782522652298212, "Neutral": 0.18884821236133575, "Mixed": 0.037017833441495895}, "keywords": [["days", "right", "enjoy", "blossoms", "cherry"]], "positive_keywords": [["days", "right", "enjoy", "blossoms", "cherry"]], "negative_keywords": []}, {"text": "the campus in the taipei city gives people breezes of green and spaces to walk to chill and to relax plenty of eating and drinking around the campus the campus is often quite and safe  there is also a few restaurants and mc donalds on campus there are also a couple parking lots and the on campus parking with reasonable fee  ntdhour if you are alumnic you get  off ", "sentiment": "POSITIVE", "sentiment_score": {"Positive": 0.6555184721946716, "Negative": 0.0022020647302269936, "Neutral": 0.3420487940311432, "Mixed": 0.00023068152950145304}, "keywords": [["alumnic", "ntdhour", "fee", "reasonable", "lots"]], "positive_keywords": [["alumnic", "ntdhour", "fee", "reasonable", "lots"]], "negative_keywords": []}, {"text": "very beautiful university  open campus for visiting there are many ubike station inside and outside  its so convenient and very good to spend your late afternoon explore the campus", "sentiment": "POSITIVE", "sentiment_score": {"Positive": 0.9969457983970642, "Negative": 0.00010152842151001096, "Neutral": 0.002909973030909896, "Mixed": 4.274932143744081e-05}, "keywords": [["explore", "afternoon", "late", "spend", "good"]], "positive_keywords": [["explore", "afternoon", "late", "spend", "good"]], "negative_keywords": []}, {"text": "national taiwan university  is the most prestigious university in taiwan and is very accessible to transportation as its located in the gongguan  district of taipei city\n\nthis university counts  present and former presidents as among its notable alumni tsai ingwen ma yingjeou chen shuibian and lee tenghui", "sentiment": "NEUTRAL", "sentiment_score": {"Positive": 0.17503485083580017, "Negative": 0.0001865932426881045, "Neutral": 0.8247343897819519, "Mixed": 4.41831725765951e-05}, "keywords": [["tenghui", "lee", "shuibian", "chen", "yingjeou"]], "positive_keywords": [], "negative_keywords": []}, {"text": "thats a vast campus area full of natural parks and beautiful landscapes when you get in ntu territory you dont quite get it is  a university at first it more looks like a botanical garden its absolutely amazing atmosphere to study here", "sentiment": "POSITIVE", "sentiment_score": {"Positive": 0.9357811808586121, "Negative": 0.0013227971503511071, "Neutral": 0.06125378608703613, "Mixed": 0.0016422569751739502}, "keywords": [["study", "atmosphere", "amazing", "absolutely", "garden"]], "positive_keywords": [["study", "atmosphere", "amazing", "absolutely", "garden"]], "negative_keywords": []}, {"text": "not what i expected university could really improve its student services", "sentiment": "NEGATIVE", "sentiment_score": {"Positive": 0.002219774993136525, "Negative": 0.9755644798278809, "Neutral": 0.015244387090206146, "Mixed": 0.006971326656639576}, "keywords": [["services", "student", "improve", "really", "university"]], "positive_keywords": [], "negative_keywords": [["services", "student", "improve", "really", "university"]]}, {"text": "my time at university was decent good in some aspects but could be better in others", "sentiment": "MIXED", "sentiment_score": {"Positive": 0.010245845653116703, "Negative": 0.01066859345883131, "Neutral": 0.006733235437422991, "Mixed": 0.9723523259162903}, "keywords": [["better", "aspects", "good", "decent", "university"]], "positive_keywords": [], "negative_keywords": []}, {"text": "had higher expectations from university the curriculum needs a serious update", "sentiment": "NEGATIVE", "sentiment_score": {"Positive": 0.03928213194012642, "Negative": 0.6937776803970337, "Neutral": 0.23473480343818665, "Mixed": 0.03220541775226593}, "keywords": [["update", "needs", "curriculum", "university", "expectations"]], "positive_keywords": [], "negative_keywords": [["update", "needs", "curriculum", "university", "expectations"]]}, {"text": "had higher expectations from university the curriculum needs a serious update", "sentiment": "NEGATIVE", "sentiment_score": {"Positive": 0.03928213194012642, "Negative": 0.6937776803970337, "Neutral": 0.23473480343818665, "Mixed": 0.03220541775226593}, "keywords": [["update", "needs", "curriculum", "university", "expectations"]], "positive_keywords": [], "negative_keywords": [["update", "needs", "curriculum", "university", "expectations"]]}, {"text": "not what i expected university could really improve its student services", "sentiment": "NEGATIVE", "sentiment_score": {"Positive": 0.002219774993136525, "Negative": 0.9755644798278809, "Neutral": 0.015244387090206146, "Mixed": 0.006971326656639576}, "keywords": [["services", "student", "improve", "really", "university"]], "positive_keywords": [], "negative_keywords": [["services", "student", "improve", "really", "university"]]}, {"text": "my time at university was decent good in some aspects but could be better in others", "sentiment": "MIXED", "sentiment_score": {"Positive": 0.010245845653116703, "Negative": 0.01066859345883131, "Neutral": 0.006733235437422991, "Mixed": 0.9723523259162903}, "keywords": [["better", "aspects", "good", "decent", "university"]], "positive_keywords": [], "negative_keywords": []}, {"text": "absolutely loved my time here university has an incredible campus and community", "sentiment": "POSITIVE", "sentiment_score": {"Positive": 0.9985748529434204, "Negative": 6.635062891291454e-05, "Neutral": 0.001123400405049324, "Mixed": 0.00023545697331428528}, "keywords": [["community", "campus", "incredible", "university", "time"]], "positive_keywords": [["community", "campus", "incredible", "university", "time"]], "negative_keywords": []}, {"text": "my time at university was decent good in some aspects but could be better in others", "sentiment": "MIXED", "sentiment_score": {"Positive": 0.010245845653116703, "Negative": 0.01066859345883131, "Neutral": 0.006733235437422991, "Mixed": 0.9723523259162903}, "keywords": [["better", "aspects", "good", "decent", "university"]], "positive_keywords": [], "negative_keywords": []}, {"text": "its a good university but i think university has room for improvement", "sentiment": "MIXED", "sentiment_score": {"Positive": 0.09079279005527496, "Negative": 0.0044769770465791225, "Neutral": 0.02031625062227249, "Mixed": 0.8844140768051147}, "keywords": [["improvement", "room", "think", "university", "good"]], "positive_keywords": [], "negative_keywords": []}, {"text": "its a good university but i think university has room for improvement", "sentiment": "MIXED", "sentiment_score": {"Positive": 0.09079279005527496, "Negative": 0.0044769770465791225, "Neutral": 0.02031625062227249, "Mixed": 0.8844140768051147}, "keywords": [["improvement", "room", "think", "university", "good"]], "positive_keywords": [], "negative_keywords": []}]