[{"text": "currently attending seoul national university for my phd\n\ncampus is huge the university has its own shuttle bus running both forward and reverse loop city buses   and  also go around the campus and theres the nearby gwanaksan and snu main gate stations in case you plan to visit via subway the university also offers a lot of programs both undergraduate and postgraduate and is considered as the top university in korea\n\naa for my personal comments so far i would rate my attendance to snu as quite pleasant the atmosphere is very competitive but at the same it really helps one grow and become a better version of hisher own self a lot of opportunities are available for both korean and foreign students in the campus\n\ni might update this review after a couple of years probably after i graduate from the university ", "sentiment": "POSITIVE", "sentiment_score": {"Positive": 0.7348135709762573, "Negative": 0.006253555882722139, "Neutral": 0.25421127676963806, "Mixed": 0.004721687640994787}, "keywords": [["graduate", "probably", "years", "couple", "review"]], "positive_keywords": [["graduate", "probably", "years", "couple", "review"]], "negative_keywords": []}, {"text": "i eat in the canteen there and so delicious food and so cheap when i eat i can see a mountain im not sure what the name of the mountain and i meet good gut there hes say you can climb the mountain and in the mountain have a like a temple there in seoul national university is one of best place to take a picture when its winter you can play with snow in the park", "sentiment": "POSITIVE", "sentiment_score": {"Positive": 0.9625925421714783, "Negative": 0.0018350526224821806, "Neutral": 0.030315175652503967, "Mixed": 0.005257206037640572}, "keywords": [["park", "snow", "play", "winter", "picture"]], "positive_keywords": [["park", "snow", "play", "winter", "picture"]], "negative_keywords": []}, {"text": "i like the place it is between the nature and the study environment was great ideal for the eduction the library biggest i have ever seen", "sentiment": "POSITIVE", "sentiment_score": {"Positive": 0.997231662273407, "Negative": 0.0001958930370165035, "Neutral": 0.0024638245813548565, "Mixed": 0.00010860997281270102}, "keywords": [["seen", "biggest", "library", "eduction", "ideal"]], "positive_keywords": [["seen", "biggest", "library", "eduction", "ideal"]], "negative_keywords": []}, {"text": "beautiful university campus great views of seoul from buildings higher on the mountain", "sentiment": "POSITIVE", "sentiment_score": {"Positive": 0.9834082126617432, "Negative": 0.0001939895300893113, "Neutral": 0.016257617622613907, "Mixed": 0.00014012976316735148}, "keywords": [["mountain", "higher", "buildings", "seoul", "views"]], "positive_keywords": [["mountain", "higher", "buildings", "seoul", "views"]], "negative_keywords": []}, {"text": "really good for all students who want to study in south korea seoul national university", "sentiment": "POSITIVE", "sentiment_score": {"Positive": 0.9886283874511719, "Negative": 0.0004663763102144003, "Neutral": 0.010834668762981892, "Mixed": 7.053840818116441e-05}, "keywords": [["university", "national", "seoul", "korea", "south"]], "positive_keywords": [["university", "national", "seoul", "korea", "south"]], "negative_keywords": []}, {"text": "not what i expected university could really improve its student services", "sentiment": "NEGATIVE", "sentiment_score": {"Positive": 0.002219774993136525, "Negative": 0.9755644798278809, "Neutral": 0.015244387090206146, "Mixed": 0.006971326656639576}, "keywords": [["services", "student", "improve", "really", "university"]], "positive_keywords": [], "negative_keywords": [["services", "student", "improve", "really", "university"]]}, {"text": "had higher expectations from university the curriculum needs a serious update", "sentiment": "NEGATIVE", "sentiment_score": {"Positive": 0.03928213194012642, "Negative": 0.6937776803970337, "Neutral": 0.23473480343818665, "Mixed": 0.03220541775226593}, "keywords": [["update", "needs", "curriculum", "university", "expectations"]], "positive_keywords": [], "negative_keywords": [["update", "needs", "curriculum", "university", "expectations"]]}, {"text": "had higher expectations from university the curriculum needs a serious update", "sentiment": "NEGATIVE", "sentiment_score": {"Positive": 0.03928213194012642, "Negative": 0.6937776803970337, "Neutral": 0.23473480343818665, "Mixed": 0.03220541775226593}, "keywords": [["update", "needs", "curriculum", "university", "expectations"]], "positive_keywords": [], "negative_keywords": [["update", "needs", "curriculum", "university", "expectations"]]}, {"text": "my time at university was decent good in some aspects but could be better in others", "sentiment": "MIXED", "sentiment_score": {"Positive": 0.010245845653116703, "Negative": 0.01066859345883131, "Neutral": 0.006733235437422991, "Mixed": 0.9723523259162903}, "keywords": [["better", "aspects", "good", "decent", "university"]], "positive_keywords": [], "negative_keywords": []}, {"text": "absolutely loved my time here university has an incredible campus and community", "sentiment": "POSITIVE", "sentiment_score": {"Positive": 0.9985748529434204, "Negative": 6.635062891291454e-05, "Neutral": 0.001123400405049324, "Mixed": 0.00023545697331428528}, "keywords": [["community", "campus", "incredible", "university", "time"]], "positive_keywords": [["community", "campus", "incredible", "university", "time"]], "negative_keywords": []}, {"text": "absolutely loved my time here university has an incredible campus and community", "sentiment": "POSITIVE", "sentiment_score": {"Positive": 0.9985748529434204, "Negative": 6.635062891291454e-05, "Neutral": 0.001123400405049324, "Mixed": 0.00023545697331428528}, "keywords": [["community", "campus", "incredible", "university", "time"]], "positive_keywords": [["community", "campus", "incredible", "university", "time"]], "negative_keywords": []}, {"text": "absolutely loved my time here university has an incredible campus and community", "sentiment": "POSITIVE", "sentiment_score": {"Positive": 0.9985748529434204, "Negative": 6.635062891291454e-05, "Neutral": 0.001123400405049324, "Mixed": 0.00023545697331428528}, "keywords": [["community", "campus", "incredible", "university", "time"]], "positive_keywords": [["community", "campus", "incredible", "university", "time"]], "negative_keywords": []}, {"text": "average experience at university nothing particularly outstanding", "sentiment": "NEGATIVE", "sentiment_score": {"Positive": 0.00849381648004055, "Negative": 0.6501188278198242, "Neutral": 0.04405200108885765, "Mixed": 0.29733535647392273}, "keywords": [["outstanding", "particularly", "university", "experience", "average"]], "positive_keywords": [], "negative_keywords": [["outstanding", "particularly", "university", "experience", "average"]]}, {"text": "absolutely loved my time here university has an incredible campus and community", "sentiment": "POSITIVE", "sentiment_score": {"Positive": 0.9985748529434204, "Negative": 6.635062891291454e-05, "Neutral": 0.001123400405049324, "Mixed": 0.00023545697331428528}, "keywords": [["community", "campus", "incredible", "university", "time"]], "positive_keywords": [["community", "campus", "incredible", "university", "time"]], "negative_keywords": []}, {"text": "not what i expected university could really improve its student services", "sentiment": "NEGATIVE", "sentiment_score": {"Positive": 0.002219774993136525, "Negative": 0.9755644798278809, "Neutral": 0.015244387090206146, "Mixed": 0.006971326656639576}, "keywords": [["services", "student", "improve", "really", "university"]], "positive_keywords": [], "negative_keywords": [["services", "student", "improve", "really", "university"]]}]