[{"text": "gorgeous campus with lovely people will never forget the time i spent there", "sentiment": "POSITIVE", "sentiment_score": {"Positive": 0.9658908247947693, "Negative": 0.001065110438503325, "Neutral": 0.031201079487800598, "Mixed": 0.001843052450567484}, "keywords": [["spent", "time", "forget", "people", "lovely"]], "positive_keywords": [["spent", "time", "forget", "people", "lovely"]], "negative_keywords": []}, {"text": "one of the best and most beautiful universities in california the courses and most of the professors are very good the campus right next to the ocean is just breathtaking", "sentiment": "POSITIVE", "sentiment_score": {"Positive": 0.9915710687637329, "Negative": 0.00019292939396109432, "Neutral": 0.00775888143107295, "Mixed": 0.0004771440871991217}, "keywords": [["breathtaking", "just", "ocean", "right", "campus"]], "positive_keywords": [["breathtaking", "just", "ocean", "right", "campus"]], "negative_keywords": []}, {"text": "a world class university situated on  acres main campus located  on the cliffs above the pacific ocean   it is part of the  school university of california system and was founded in  the original campus is located on a former marine corps base some of the original marine corps buildings are still in use today  it is one of the few universities in the united states that has it own beach  beside being located in a scenic beautiful location it has a well deserved reputation as a top academic institution with eight faculty winning the noble prize and six still actively working on campus", "sentiment": "NEUTRAL", "sentiment_score": {"Positive": 0.14806349575519562, "Negative": 0.0007321681478060782, "Neutral": 0.851158082485199, "Mixed": 4.624630309990607e-05}, "keywords": [["working", "actively", "prize", "noble", "winning"]], "positive_keywords": [], "negative_keywords": []}, {"text": "what a wonderful place to come visit i was so impressed with the high quality of education here and also the wonderful location the entire spirit and vibe of this school\ni had taught summers at ucla for  years but never ventured down here before so i was very pleasantly surprised\ni will definitely be back to do a whole tour and check this school out i love that it is in such a pretty cali location if you are looking for a school that is away from the crazy la life this is it\ncongratulations to all the wonderful grads i met and especially our darling amanda ", "sentiment": "POSITIVE", "sentiment_score": {"Positive": 0.9997404217720032, "Negative": 3.358984031365253e-05, "Neutral": 0.00019629970483947545, "Mixed": 2.967364707728848e-05}, "keywords": [["amanda", "darling", "especially", "met", "grads"]], "positive_keywords": [["amanda", "darling", "especially", "met", "grads"]], "negative_keywords": []}, {"text": "my room did not come with ac the cold night was great cooling down the room my king size bed was very comfortable shower was nice and big with a heater breakfast was a prepackaged box that has everything you need", "sentiment": "POSITIVE", "sentiment_score": {"Positive": 0.5430097579956055, "Negative": 0.0131197739392519, "Neutral": 0.011335844174027443, "Mixed": 0.4325346350669861}, "keywords": [["need", "box", "prepackaged", "breakfast", "heater"]], "positive_keywords": [["need", "box", "prepackaged", "breakfast", "heater"]], "negative_keywords": []}, {"text": "my time at university was decent good in some aspects but could be better in others", "sentiment": "MIXED", "sentiment_score": {"Positive": 0.010245845653116703, "Negative": 0.01066859345883131, "Neutral": 0.006733235437422991, "Mixed": 0.9723523259162903}, "keywords": [["better", "aspects", "good", "decent", "university"]], "positive_keywords": [], "negative_keywords": []}, {"text": "i was disappointed with my experience at university the resources were lacking", "sentiment": "NEGATIVE", "sentiment_score": {"Positive": 0.0002522050344850868, "Negative": 0.999014139175415, "Neutral": 0.0005387758137658238, "Mixed": 0.00019480571791063994}, "keywords": [["lacking", "resources", "university", "experience", "disappointed"]], "positive_keywords": [], "negative_keywords": [["lacking", "resources", "university", "experience", "disappointed"]]}, {"text": "the best years of my life were spent at university highly recommend it", "sentiment": "POSITIVE", "sentiment_score": {"Positive": 0.9983893632888794, "Negative": 0.00029790453845635056, "Neutral": 0.0012738844379782677, "Mixed": 3.883827230310999e-05}, "keywords": [["recommend", "highly", "university", "spent", "life"]], "positive_keywords": [["recommend", "highly", "university", "spent", "life"]], "negative_keywords": []}, {"text": "average experience at university nothing particularly outstanding", "sentiment": "NEGATIVE", "sentiment_score": {"Positive": 0.00849381648004055, "Negative": 0.6501188278198242, "Neutral": 0.04405200108885765, "Mixed": 0.29733535647392273}, "keywords": [["outstanding", "particularly", "university", "experience", "average"]], "positive_keywords": [], "negative_keywords": [["outstanding", "particularly", "university", "experience", "average"]]}, {"text": "its a good university but i think university has room for improvement", "sentiment": "MIXED", "sentiment_score": {"Positive": 0.09079279005527496, "Negative": 0.0044769770465791225, "Neutral": 0.02031625062227249, "Mixed": 0.8844140768051147}, "keywords": [["improvement", "room", "think", "university", "good"]], "positive_keywords": [], "negative_keywords": []}, {"text": "average experience at university nothing particularly outstanding", "sentiment": "NEGATIVE", "sentiment_score": {"Positive": 0.00849381648004055, "Negative": 0.6501188278198242, "Neutral": 0.04405200108885765, "Mixed": 0.29733535647392273}, "keywords": [["outstanding", "particularly", "university", "experience", "average"]], "positive_keywords": [], "negative_keywords": [["outstanding", "particularly", "university", "experience", "average"]]}, {"text": "the best years of my life were spent at university highly recommend it", "sentiment": "POSITIVE", "sentiment_score": {"Positive": 0.9983893632888794, "Negative": 0.00029790453845635056, "Neutral": 0.0012738844379782677, "Mixed": 3.883827230310999e-05}, "keywords": [["recommend", "highly", "university", "spent", "life"]], "positive_keywords": [["recommend", "highly", "university", "spent", "life"]], "negative_keywords": []}, {"text": "its a good university but i think university has room for improvement", "sentiment": "MIXED", "sentiment_score": {"Positive": 0.09079279005527496, "Negative": 0.0044769770465791225, "Neutral": 0.02031625062227249, "Mixed": 0.8844140768051147}, "keywords": [["improvement", "room", "think", "university", "good"]], "positive_keywords": [], "negative_keywords": []}, {"text": "i was disappointed with my experience at university the resources were lacking", "sentiment": "NEGATIVE", "sentiment_score": {"Positive": 0.0002522050344850868, "Negative": 0.999014139175415, "Neutral": 0.0005387758137658238, "Mixed": 0.00019480571791063994}, "keywords": [["lacking", "resources", "university", "experience", "disappointed"]], "positive_keywords": [], "negative_keywords": [["lacking", "resources", "university", "experience", "disappointed"]]}, {"text": "i had an amazing experience at university the faculty and facilities are topnotch", "sentiment": "POSITIVE", "sentiment_score": {"Positive": 0.9932656288146973, "Negative": 0.00032129944884218276, "Neutral": 0.0041029369458556175, "Mixed": 0.0023101065307855606}, "keywords": [["topnotch", "facilities", "faculty", "university", "experience"]], "positive_keywords": [["topnotch", "facilities", "faculty", "university", "experience"]], "negative_keywords": []}]