[{"text": "perfect  if you are looking for a small university with more of one on one assistance the teachers actually know your name and facein this university you also have the opportunity to network and get to know more of your peers very very cultural diverse school", "sentiment": "POSITIVE", "sentiment_score": {"Positive": 0.9338864684104919, "Negative": 0.0015645710518583655, "Neutral": 0.06351399421691895, "Mixed": 0.001034898217767477}, "keywords": [["school", "diverse", "cultural", "peers", "network"]], "positive_keywords": [["school", "diverse", "cultural", "peers", "network"]], "negative_keywords": []}, {"text": "its worth taking the time to see and study  such a great history  beautiful buildings beautiful grounds in a beautiful city  just stunning", "sentiment": "POSITIVE", "sentiment_score": {"Positive": 0.9976115226745605, "Negative": 7.871566049288958e-05, "Neutral": 0.002073452575132251, "Mixed": 0.0002363185485592112}, "keywords": [["stunning", "just", "city", "grounds", "buildings"]], "positive_keywords": [["stunning", "just", "city", "grounds", "buildings"]], "negative_keywords": []}, {"text": "if i could leave less stars i would\ni recently finished my degree in august and now its december i am still waiting on my diploma but no one at this school seems to want to answer or return my phone calls emails or texts i have never felt like i have wasted my money so bad before", "sentiment": "NEGATIVE", "sentiment_score": {"Positive": 0.008018996566534042, "Negative": 0.9566107988357544, "Neutral": 0.02590044215321541, "Mixed": 0.009469792246818542}, "keywords": [["bad", "money", "wasted", "like", "felt"]], "positive_keywords": [], "negative_keywords": [["bad", "money", "wasted", "like", "felt"]]}, {"text": "went to st andrews for halloween haunted house it was very a good time for the kids it was a little too scary for the younger ones but whats a haunted house without being scary plenty of jump scares throughout i hope they continue each year it was  per person for the haunted house walk through they had a projector with a movie playing snacks juice and water for additional cost  per", "sentiment": "POSITIVE", "sentiment_score": {"Positive": 0.5406903624534607, "Negative": 0.026017654687166214, "Neutral": 0.011765381321310997, "Mixed": 0.42152664065361023}, "keywords": [["cost", "additional", "water", "juice", "snacks"]], "positive_keywords": [["cost", "additional", "water", "juice", "snacks"]], "negative_keywords": []}, {"text": "st andrews is a beautiful and friendly place to get a great education i joined the riding club there and  have much enjoyed riding since st andrews has one of the top equestrian programs in the country it is a beautiful oasis of higher learning on the lake in the sandhills of north carolina nestled between the beach and mountains there is a second campus in nearby southern pines which is another beautiful oasis with golf be warned if you visit you will want to stay", "sentiment": "POSITIVE", "sentiment_score": {"Positive": 0.9910922646522522, "Negative": 0.00010200613178312778, "Neutral": 0.008757233619689941, "Mixed": 4.84747470181901e-05}, "keywords": [["stay", "want", "visit", "warned", "golf"]], "positive_keywords": [["stay", "want", "visit", "warned", "golf"]], "negative_keywords": []}, {"text": "had higher expectations from university the curriculum needs a serious update", "sentiment": "NEGATIVE", "sentiment_score": {"Positive": 0.03928213194012642, "Negative": 0.6937776803970337, "Neutral": 0.23473480343818665, "Mixed": 0.03220541775226593}, "keywords": [["update", "needs", "curriculum", "university", "expectations"]], "positive_keywords": [], "negative_keywords": [["update", "needs", "curriculum", "university", "expectations"]]}, {"text": "had higher expectations from university the curriculum needs a serious update", "sentiment": "NEGATIVE", "sentiment_score": {"Positive": 0.03928213194012642, "Negative": 0.6937776803970337, "Neutral": 0.23473480343818665, "Mixed": 0.03220541775226593}, "keywords": [["update", "needs", "curriculum", "university", "expectations"]], "positive_keywords": [], "negative_keywords": [["update", "needs", "curriculum", "university", "expectations"]]}, {"text": "average experience at university nothing particularly outstanding", "sentiment": "NEGATIVE", "sentiment_score": {"Positive": 0.00849381648004055, "Negative": 0.6501188278198242, "Neutral": 0.04405200108885765, "Mixed": 0.29733535647392273}, "keywords": [["outstanding", "particularly", "university", "experience", "average"]], "positive_keywords": [], "negative_keywords": [["outstanding", "particularly", "university", "experience", "average"]]}, {"text": "had higher expectations from university the curriculum needs a serious update", "sentiment": "NEGATIVE", "sentiment_score": {"Positive": 0.03928213194012642, "Negative": 0.6937776803970337, "Neutral": 0.23473480343818665, "Mixed": 0.03220541775226593}, "keywords": [["update", "needs", "curriculum", "university", "expectations"]], "positive_keywords": [], "negative_keywords": [["update", "needs", "curriculum", "university", "expectations"]]}, {"text": "absolutely loved my time here university has an incredible campus and community", "sentiment": "POSITIVE", "sentiment_score": {"Positive": 0.9985748529434204, "Negative": 6.635062891291454e-05, "Neutral": 0.001123400405049324, "Mixed": 0.00023545697331428528}, "keywords": [["community", "campus", "incredible", "university", "time"]], "positive_keywords": [["community", "campus", "incredible", "university", "time"]], "negative_keywords": []}, {"text": "my time at university was decent good in some aspects but could be better in others", "sentiment": "MIXED", "sentiment_score": {"Positive": 0.010245845653116703, "Negative": 0.01066859345883131, "Neutral": 0.006733235437422991, "Mixed": 0.9723523259162903}, "keywords": [["better", "aspects", "good", "decent", "university"]], "positive_keywords": [], "negative_keywords": []}, {"text": "i was disappointed with my experience at university the resources were lacking", "sentiment": "NEGATIVE", "sentiment_score": {"Positive": 0.0002522050344850868, "Negative": 0.999014139175415, "Neutral": 0.0005387758137658238, "Mixed": 0.00019480571791063994}, "keywords": [["lacking", "resources", "university", "experience", "disappointed"]], "positive_keywords": [], "negative_keywords": [["lacking", "resources", "university", "experience", "disappointed"]]}, {"text": "its a good university but i think university has room for improvement", "sentiment": "MIXED", "sentiment_score": {"Positive": 0.09079279005527496, "Negative": 0.0044769770465791225, "Neutral": 0.02031625062227249, "Mixed": 0.8844140768051147}, "keywords": [["improvement", "room", "think", "university", "good"]], "positive_keywords": [], "negative_keywords": []}, {"text": "its a good university but i think university has room for improvement", "sentiment": "MIXED", "sentiment_score": {"Positive": 0.09079279005527496, "Negative": 0.0044769770465791225, "Neutral": 0.02031625062227249, "Mixed": 0.8844140768051147}, "keywords": [["improvement", "room", "think", "university", "good"]], "positive_keywords": [], "negative_keywords": []}, {"text": "absolutely loved my time here university has an incredible campus and community", "sentiment": "POSITIVE", "sentiment_score": {"Positive": 0.9985748529434204, "Negative": 6.635062891291454e-05, "Neutral": 0.001123400405049324, "Mixed": 0.00023545697331428528}, "keywords": [["community", "campus", "incredible", "university", "time"]], "positive_keywords": [["community", "campus", "incredible", "university", "time"]], "negative_keywords": []}]