[{"text": "take a couple of hours to visit this campus a great walk in a vibrant part of glasgow with a park and a river running through it the iconic central building and numerous places to relax it is well connected to the city center by bus", "sentiment": "POSITIVE", "sentiment_score": {"Positive": 0.9133044481277466, "Negative": 0.00022788219212088734, "Neutral": 0.08635469526052475, "Mixed": 0.00011295498552499339}, "keywords": [["bus", "center", "city", "connected", "relax"]], "positive_keywords": [["bus", "center", "city", "connected", "relax"]], "negative_keywords": []}, {"text": "the campus boasts stunning architecture with the main building standing out as a true masterpiece inside you will find free museums open study spaces cafes a harmonious blend of historic and contemporary structures the university is unquestionably a mustvisit place in glasgow", "sentiment": "POSITIVE", "sentiment_score": {"Positive": 0.9597061276435852, "Negative": 0.0001429736876161769, "Neutral": 0.04009923338890076, "Mixed": 5.158418935025111e-05}, "keywords": [["glasgow", "place", "mustvisit", "unquestionably", "university"]], "positive_keywords": [["glasgow", "place", "mustvisit", "unquestionably", "university"]], "negative_keywords": []}, {"text": "studying at glasgow university was a memorable experience for me even though i missed the chance to wear a gown and toss a cap due to the pandemic situation i mean i did get my degree via the post office and it hasnt served me much maybe that was sign  glasgow university is not only beautiful but also friendly i have travelled a lot in europe and the world and i can say that glasgow is on my top  friendliest and nicest cities to live in\n\nthe university has some modern facilities but i was more drawn to the old buildings that have a lot of history and charm the university also has a great vibe for learning and growing however i wish that universities not just this one would do more to help students who are new to the country or the campus feel less lonely unless they prefer solitude it can be hard for some students especially introverts to make friends and adjust to a new environment but dont worry it gets easier with time i just wish universities could speed up this process\n\nnow if you are thinking of studying there i have three pieces of advice for you  start working on your assignments early dont procrastinate because the library gets crowded on the deadline week  visit the student services if you need any support with your studies or anything else dont be shy they are there to help you  do your best but dont stress over grades in the real world most people dont care about them anyway find your balance in life my friend and above all good luck you can do it", "sentiment": "MIXED", "sentiment_score": {"Positive": 0.41330745816230774, "Negative": 0.010467548854649067, "Neutral": 0.023502975702285767, "Mixed": 0.5527220368385315}, "keywords": [["luck", "good", "friend", "life", "balance"]], "positive_keywords": [], "negative_keywords": []}, {"text": "well placed buildings beautiful rivers very nice for a walk along the river sidewalks", "sentiment": "POSITIVE", "sentiment_score": {"Positive": 0.996482253074646, "Negative": 9.79862452368252e-05, "Neutral": 0.0033837088849395514, "Mixed": 3.597631075535901e-05}, "keywords": [["sidewalks", "river", "walk", "nice", "rivers"]], "positive_keywords": [["sidewalks", "river", "walk", "nice", "rivers"]], "negative_keywords": []}, {"text": "the university of glasgow holds a special appeal for both harry potter fans and science enthusiasts\n\nfor harry potter fans the universitys cloisters bear a striking resemblance to the hogwarts school of witchcraft and wizardry the gothic architecture and atmospheric corridors evoke a sense of magic making it a mustvisit location for potterheads additionally its worth noting that jk rowling the author of the harry potter series studied at the university of glasgow adding an extra layer of significance for fans\n\nfor science enthusiasts the university of glasgow has a rich scientific heritage its known for its pioneering research and contributions to various fields including physics medicine and engineering the university is home to notable scientists like lord kelvin and joseph lister whose groundbreaking work has had a significant impact on the world of science\n\nvisiting the university of glasgow offers a unique blend of magical charm and scientific legacy making it a compelling attraction for both harry potter aficionados and those passionate about the pursuit of knowledge and innovation", "sentiment": "POSITIVE", "sentiment_score": {"Positive": 0.7662115097045898, "Negative": 0.0008896268554963171, "Neutral": 0.23167428374290466, "Mixed": 0.0012245186371728778}, "keywords": [["innovation", "knowledge", "pursuit", "passionate", "aficionados"]], "positive_keywords": [["innovation", "knowledge", "pursuit", "passionate", "aficionados"]], "negative_keywords": []}, {"text": "my time at university was decent good in some aspects but could be better in others", "sentiment": "MIXED", "sentiment_score": {"Positive": 0.010245845653116703, "Negative": 0.01066859345883131, "Neutral": 0.006733235437422991, "Mixed": 0.9723523259162903}, "keywords": [["better", "aspects", "good", "decent", "university"]], "positive_keywords": [], "negative_keywords": []}, {"text": "its a good university but i think university has room for improvement", "sentiment": "MIXED", "sentiment_score": {"Positive": 0.09079279005527496, "Negative": 0.0044769770465791225, "Neutral": 0.02031625062227249, "Mixed": 0.8844140768051147}, "keywords": [["improvement", "room", "think", "university", "good"]], "positive_keywords": [], "negative_keywords": []}, {"text": "its a good university but i think university has room for improvement", "sentiment": "MIXED", "sentiment_score": {"Positive": 0.09079279005527496, "Negative": 0.0044769770465791225, "Neutral": 0.02031625062227249, "Mixed": 0.8844140768051147}, "keywords": [["improvement", "room", "think", "university", "good"]], "positive_keywords": [], "negative_keywords": []}, {"text": "my time at university was decent good in some aspects but could be better in others", "sentiment": "MIXED", "sentiment_score": {"Positive": 0.010245845653116703, "Negative": 0.01066859345883131, "Neutral": 0.006733235437422991, "Mixed": 0.9723523259162903}, "keywords": [["better", "aspects", "good", "decent", "university"]], "positive_keywords": [], "negative_keywords": []}, {"text": "average experience at university nothing particularly outstanding", "sentiment": "NEGATIVE", "sentiment_score": {"Positive": 0.00849381648004055, "Negative": 0.6501188278198242, "Neutral": 0.04405200108885765, "Mixed": 0.29733535647392273}, "keywords": [["outstanding", "particularly", "university", "experience", "average"]], "positive_keywords": [], "negative_keywords": [["outstanding", "particularly", "university", "experience", "average"]]}, {"text": "its a good university but i think university has room for improvement", "sentiment": "MIXED", "sentiment_score": {"Positive": 0.09079279005527496, "Negative": 0.0044769770465791225, "Neutral": 0.02031625062227249, "Mixed": 0.8844140768051147}, "keywords": [["improvement", "room", "think", "university", "good"]], "positive_keywords": [], "negative_keywords": []}, {"text": "i was disappointed with my experience at university the resources were lacking", "sentiment": "NEGATIVE", "sentiment_score": {"Positive": 0.0002522050344850868, "Negative": 0.999014139175415, "Neutral": 0.0005387758137658238, "Mixed": 0.00019480571791063994}, "keywords": [["lacking", "resources", "university", "experience", "disappointed"]], "positive_keywords": [], "negative_keywords": [["lacking", "resources", "university", "experience", "disappointed"]]}, {"text": "had higher expectations from university the curriculum needs a serious update", "sentiment": "NEGATIVE", "sentiment_score": {"Positive": 0.03928213194012642, "Negative": 0.6937776803970337, "Neutral": 0.23473480343818665, "Mixed": 0.03220541775226593}, "keywords": [["update", "needs", "curriculum", "university", "expectations"]], "positive_keywords": [], "negative_keywords": [["update", "needs", "curriculum", "university", "expectations"]]}, {"text": "not what i expected university could really improve its student services", "sentiment": "NEGATIVE", "sentiment_score": {"Positive": 0.002219774993136525, "Negative": 0.9755644798278809, "Neutral": 0.015244387090206146, "Mixed": 0.006971326656639576}, "keywords": [["services", "student", "improve", "really", "university"]], "positive_keywords": [], "negative_keywords": [["services", "student", "improve", "really", "university"]]}, {"text": "the best years of my life were spent at university highly recommend it", "sentiment": "POSITIVE", "sentiment_score": {"Positive": 0.9983893632888794, "Negative": 0.00029790453845635056, "Neutral": 0.0012738844379782677, "Mixed": 3.883827230310999e-05}, "keywords": [["recommend", "highly", "university", "spent", "life"]], "positive_keywords": [["recommend", "highly", "university", "spent", "life"]], "negative_keywords": []}]