[{"text": "a beautiful campus and hospitality place we had an appointment there and ate on site in their cafeteria", "sentiment": "POSITIVE", "sentiment_score": {"Positive": 0.9796010851860046, "Negative": 0.0002690692199394107, "Neutral": 0.01887262798845768, "Mixed": 0.0012572394916787744}, "keywords": [["cafeteria", "site", "ate", "appointment", "place"]], "positive_keywords": [["cafeteria", "site", "ate", "appointment", "place"]], "negative_keywords": []}, {"text": "good academics interesting urban setting convenient coastal location", "sentiment": "POSITIVE", "sentiment_score": {"Positive": 0.9409441947937012, "Negative": 0.0010084171080961823, "Neutral": 0.056919146329164505, "Mixed": 0.0011282410705462098}, "keywords": [["location", "coastal", "convenient", "setting", "urban"]], "positive_keywords": [["location", "coastal", "convenient", "setting", "urban"]], "negative_keywords": []}, {"text": "what a beautiful green and serene campus this is the exposed brickwork complemented with roman style of architecture makes it marvellous americas first research university that boasts of  nobel laureates johns hopkins truly is an epitome of beauty with brains", "sentiment": "POSITIVE", "sentiment_score": {"Positive": 0.9936702251434326, "Negative": 7.489129347959533e-05, "Neutral": 0.006220325827598572, "Mixed": 3.45055123034399e-05}, "keywords": [["brains", "beauty", "epitome", "truly", "hopkins"]], "positive_keywords": [["brains", "beauty", "epitome", "truly", "hopkins"]], "negative_keywords": []}, {"text": "drove the campus of johns hopkins university in an effort to find the world renowned medical school the campus is quite dispersed and the drive to the edward d miller research building johns hopkins school of medicine was through not the most affluent neighborhood so it was in quite a contrast with the school was hoping id be more impressed with parts of the campus that i saw", "sentiment": "NEUTRAL", "sentiment_score": {"Positive": 0.32153984904289246, "Negative": 0.19831454753875732, "Neutral": 0.4272868037223816, "Mixed": 0.05285879224538803}, "keywords": [["saw", "parts", "impressed", "id", "hoping"]], "positive_keywords": [], "negative_keywords": []}, {"text": "a world renowned university and medical system on a beautiful campus that is always clean and well maintained the campus both the university and medical campus are situated in areas where petty crime can be an issue so always be vigilant but the university has extensive campus security and campus police on patrol its such a great campus and a great place to work or learn", "sentiment": "POSITIVE", "sentiment_score": {"Positive": 0.789436936378479, "Negative": 0.0004050146962981671, "Neutral": 0.2080647051334381, "Mixed": 0.0020933272317051888}, "keywords": [["learn", "work", "place", "great", "patrol"]], "positive_keywords": [["learn", "work", "place", "great", "patrol"]], "negative_keywords": []}, {"text": "i had an amazing experience at university the faculty and facilities are topnotch", "sentiment": "POSITIVE", "sentiment_score": {"Positive": 0.9932656288146973, "Negative": 0.00032129944884218276, "Neutral": 0.0041029369458556175, "Mixed": 0.0023101065307855606}, "keywords": [["topnotch", "facilities", "faculty", "university", "experience"]], "positive_keywords": [["topnotch", "facilities", "faculty", "university", "experience"]], "negative_keywords": []}, {"text": "had higher expectations from university the curriculum needs a serious update", "sentiment": "NEGATIVE", "sentiment_score": {"Positive": 0.03928213194012642, "Negative": 0.6937776803970337, "Neutral": 0.23473480343818665, "Mixed": 0.03220541775226593}, "keywords": [["update", "needs", "curriculum", "university", "expectations"]], "positive_keywords": [], "negative_keywords": [["update", "needs", "curriculum", "university", "expectations"]]}, {"text": "absolutely loved my time here university has an incredible campus and community", "sentiment": "POSITIVE", "sentiment_score": {"Positive": 0.9985748529434204, "Negative": 6.635062891291454e-05, "Neutral": 0.001123400405049324, "Mixed": 0.00023545697331428528}, "keywords": [["community", "campus", "incredible", "university", "time"]], "positive_keywords": [["community", "campus", "incredible", "university", "time"]], "negative_keywords": []}, {"text": "i had an amazing experience at university the faculty and facilities are topnotch", "sentiment": "POSITIVE", "sentiment_score": {"Positive": 0.9932656288146973, "Negative": 0.00032129944884218276, "Neutral": 0.0041029369458556175, "Mixed": 0.0023101065307855606}, "keywords": [["topnotch", "facilities", "faculty", "university", "experience"]], "positive_keywords": [["topnotch", "facilities", "faculty", "university", "experience"]], "negative_keywords": []}, {"text": "absolutely loved my time here university has an incredible campus and community", "sentiment": "POSITIVE", "sentiment_score": {"Positive": 0.9985748529434204, "Negative": 6.635062891291454e-05, "Neutral": 0.001123400405049324, "Mixed": 0.00023545697331428528}, "keywords": [["community", "campus", "incredible", "university", "time"]], "positive_keywords": [["community", "campus", "incredible", "university", "time"]], "negative_keywords": []}, {"text": "had higher expectations from university the curriculum needs a serious update", "sentiment": "NEGATIVE", "sentiment_score": {"Positive": 0.03928213194012642, "Negative": 0.6937776803970337, "Neutral": 0.23473480343818665, "Mixed": 0.03220541775226593}, "keywords": [["update", "needs", "curriculum", "university", "expectations"]], "positive_keywords": [], "negative_keywords": [["update", "needs", "curriculum", "university", "expectations"]]}, {"text": "i was disappointed with my experience at university the resources were lacking", "sentiment": "NEGATIVE", "sentiment_score": {"Positive": 0.0002522050344850868, "Negative": 0.999014139175415, "Neutral": 0.0005387758137658238, "Mixed": 0.00019480571791063994}, "keywords": [["lacking", "resources", "university", "experience", "disappointed"]], "positive_keywords": [], "negative_keywords": [["lacking", "resources", "university", "experience", "disappointed"]]}, {"text": "its a good university but i think university has room for improvement", "sentiment": "MIXED", "sentiment_score": {"Positive": 0.09079279005527496, "Negative": 0.0044769770465791225, "Neutral": 0.02031625062227249, "Mixed": 0.8844140768051147}, "keywords": [["improvement", "room", "think", "university", "good"]], "positive_keywords": [], "negative_keywords": []}, {"text": "my time at university was decent good in some aspects but could be better in others", "sentiment": "MIXED", "sentiment_score": {"Positive": 0.010245845653116703, "Negative": 0.01066859345883131, "Neutral": 0.006733235437422991, "Mixed": 0.9723523259162903}, "keywords": [["better", "aspects", "good", "decent", "university"]], "positive_keywords": [], "negative_keywords": []}, {"text": "absolutely loved my time here university has an incredible campus and community", "sentiment": "POSITIVE", "sentiment_score": {"Positive": 0.9985748529434204, "Negative": 6.635062891291454e-05, "Neutral": 0.001123400405049324, "Mixed": 0.00023545697331428528}, "keywords": [["community", "campus", "incredible", "university", "time"]], "positive_keywords": [["community", "campus", "incredible", "university", "time"]], "negative_keywords": []}]