[{"text": "beautiful university love the belinda gates summer program duke engage where students spend the  weeks immersing in civic activities around the world which is free to all duke students", "sentiment": "POSITIVE", "sentiment_score": {"Positive": 0.6593833565711975, "Negative": 0.0012331579346209764, "Neutral": 0.33854377269744873, "Mixed": 0.0008396416087634861}, "keywords": [["free", "world", "activities", "civic", "immersing"]], "positive_keywords": [["free", "world", "activities", "civic", "immersing"]], "negative_keywords": []}, {"text": "beautiful campus we did a tour a few years back and was blown away had a picnic here during sunset before heading back to busy san francisco the two things i remember the most are the library and the clock tower they had some art around the campus which i thought was super cool i come from a very art driven town or used to be and it is awesome to see art for all to see", "sentiment": "POSITIVE", "sentiment_score": {"Positive": 0.993812084197998, "Negative": 0.00019514684390742332, "Neutral": 0.005589643958956003, "Mixed": 0.0004031569405924529}, "keywords": [["awesome", "used", "town", "driven", "come"]], "positive_keywords": [["awesome", "used", "town", "driven", "come"]], "negative_keywords": []}, {"text": "go bears oh wait thats not a review thats a statement of fact i was at cal in the early s i have nothing but fond memories i made some great friends the only thing i can really say negative is that the campus wasnt so clean", "sentiment": "MIXED", "sentiment_score": {"Positive": 0.03613927587866783, "Negative": 0.023566320538520813, "Neutral": 0.019581260159611702, "Mixed": 0.9207131266593933}, "keywords": [["clean", "wasnt", "campus", "negative", "say"]], "positive_keywords": [], "negative_keywords": []}, {"text": "i really wish i had done my undergrad somewhere else i was so miserable and basically taught myself the whole way through it i got financial aid tho thats where my second star comes from ", "sentiment": "NEGATIVE", "sentiment_score": {"Positive": 0.03001636452972889, "Negative": 0.6001673340797424, "Neutral": 0.024467287585139275, "Mixed": 0.3453490138053894}, "keywords": [["comes", "star", "second", "thats", "tho"]], "positive_keywords": [], "negative_keywords": [["comes", "star", "second", "thats", "tho"]]}, {"text": "i swung by this university purely as a tourist and i gotta say i was seriously blown away by the architecture and the beauty of the campus if you ask me this is exactly how all campuses should be planned out honestly if i were a student id be absolutely more than happy to call this place my school", "sentiment": "POSITIVE", "sentiment_score": {"Positive": 0.8757395148277283, "Negative": 0.021209051832556725, "Neutral": 0.06785590201616287, "Mixed": 0.03519556671380997}, "keywords": [["school", "place", "happy", "absolutely", "id"]], "positive_keywords": [["school", "place", "happy", "absolutely", "id"]], "negative_keywords": []}, {"text": "average experience at university nothing particularly outstanding", "sentiment": "NEGATIVE", "sentiment_score": {"Positive": 0.00849381648004055, "Negative": 0.6501188278198242, "Neutral": 0.04405200108885765, "Mixed": 0.29733535647392273}, "keywords": [["outstanding", "particularly", "university", "experience", "average"]], "positive_keywords": [], "negative_keywords": [["outstanding", "particularly", "university", "experience", "average"]]}, {"text": "i was disappointed with my experience at university the resources were lacking", "sentiment": "NEGATIVE", "sentiment_score": {"Positive": 0.0002522050344850868, "Negative": 0.999014139175415, "Neutral": 0.0005387758137658238, "Mixed": 0.00019480571791063994}, "keywords": [["lacking", "resources", "university", "experience", "disappointed"]], "positive_keywords": [], "negative_keywords": [["lacking", "resources", "university", "experience", "disappointed"]]}, {"text": "its a good university but i think university has room for improvement", "sentiment": "MIXED", "sentiment_score": {"Positive": 0.09079279005527496, "Negative": 0.0044769770465791225, "Neutral": 0.02031625062227249, "Mixed": 0.8844140768051147}, "keywords": [["improvement", "room", "think", "university", "good"]], "positive_keywords": [], "negative_keywords": []}, {"text": "its a good university but i think university has room for improvement", "sentiment": "MIXED", "sentiment_score": {"Positive": 0.09079279005527496, "Negative": 0.0044769770465791225, "Neutral": 0.02031625062227249, "Mixed": 0.8844140768051147}, "keywords": [["improvement", "room", "think", "university", "good"]], "positive_keywords": [], "negative_keywords": []}, {"text": "had higher expectations from university the curriculum needs a serious update", "sentiment": "NEGATIVE", "sentiment_score": {"Positive": 0.03928213194012642, "Negative": 0.6937776803970337, "Neutral": 0.23473480343818665, "Mixed": 0.03220541775226593}, "keywords": [["update", "needs", "curriculum", "university", "expectations"]], "positive_keywords": [], "negative_keywords": [["update", "needs", "curriculum", "university", "expectations"]]}, {"text": "the best years of my life were spent at university highly recommend it", "sentiment": "POSITIVE", "sentiment_score": {"Positive": 0.9983893632888794, "Negative": 0.00029790453845635056, "Neutral": 0.0012738844379782677, "Mixed": 3.883827230310999e-05}, "keywords": [["recommend", "highly", "university", "spent", "life"]], "positive_keywords": [["recommend", "highly", "university", "spent", "life"]], "negative_keywords": []}, {"text": "i was disappointed with my experience at university the resources were lacking", "sentiment": "NEGATIVE", "sentiment_score": {"Positive": 0.0002522050344850868, "Negative": 0.999014139175415, "Neutral": 0.0005387758137658238, "Mixed": 0.00019480571791063994}, "keywords": [["lacking", "resources", "university", "experience", "disappointed"]], "positive_keywords": [], "negative_keywords": [["lacking", "resources", "university", "experience", "disappointed"]]}, {"text": "had higher expectations from university the curriculum needs a serious update", "sentiment": "NEGATIVE", "sentiment_score": {"Positive": 0.03928213194012642, "Negative": 0.6937776803970337, "Neutral": 0.23473480343818665, "Mixed": 0.03220541775226593}, "keywords": [["update", "needs", "curriculum", "university", "expectations"]], "positive_keywords": [], "negative_keywords": [["update", "needs", "curriculum", "university", "expectations"]]}, {"text": "absolutely loved my time here university has an incredible campus and community", "sentiment": "POSITIVE", "sentiment_score": {"Positive": 0.9985748529434204, "Negative": 6.635062891291454e-05, "Neutral": 0.001123400405049324, "Mixed": 0.00023545697331428528}, "keywords": [["community", "campus", "incredible", "university", "time"]], "positive_keywords": [["community", "campus", "incredible", "university", "time"]], "negative_keywords": []}, {"text": "i had an amazing experience at university the faculty and facilities are topnotch", "sentiment": "POSITIVE", "sentiment_score": {"Positive": 0.9932656288146973, "Negative": 0.00032129944884218276, "Neutral": 0.0041029369458556175, "Mixed": 0.0023101065307855606}, "keywords": [["topnotch", "facilities", "faculty", "university", "experience"]], "positive_keywords": [["topnotch", "facilities", "faculty", "university", "experience"]], "negative_keywords": []}]