[{"text": "this univ is near victoria park so we also feel very peaceful day here\n\nuniv was really active we visited here during weekday so many students were studying\nwe really envy cuz these students here study in such wonderful university\n\ni cam realize why this university is top beautiful university in the world after this visit", "sentiment": "POSITIVE", "sentiment_score": {"Positive": 0.9794832468032837, "Negative": 0.00017109276086557657, "Neutral": 0.01998172327876091, "Mixed": 0.00036393565824255347}, "keywords": [["visit", "world", "beautiful", "realize", "cam"]], "positive_keywords": [["visit", "world", "beautiful", "realize", "cam"]], "negative_keywords": []}, {"text": "great place open to public the building is beautiful and you can walk across halls and student library and see how the student life is here have pools and other courts that you can use after paying", "sentiment": "POSITIVE", "sentiment_score": {"Positive": 0.993760883808136, "Negative": 6.726982246618718e-05, "Neutral": 0.0061429464258253574, "Mixed": 2.8872549592051655e-05}, "keywords": [["paying", "use", "courts", "pools", "life"]], "positive_keywords": [["paying", "use", "courts", "pools", "life"]], "negative_keywords": []}, {"text": "sydney uni  awesome\nexcellent education \nbeautiful surrounds with city views \nsupportive community \nlots of social clubs \ni can personally endorse the amazing education and recognised degrees both our sons got but more important as a parent the good feeling respect and friendships made there too\nwe were there last night at the grass tennis clubs annual ball amazing\nwe live near the uni and know a lot about it feel free to follow me on instagram and send me a message\n\nlove your local guide  m", "sentiment": "POSITIVE", "sentiment_score": {"Positive": 0.9452641606330872, "Negative": 0.0001292964443564415, "Neutral": 0.05449417233467102, "Mixed": 0.00011234477278776467}, "keywords": [["guide", "local", "love", "message", "send"]], "positive_keywords": [["guide", "local", "love", "message", "send"]], "negative_keywords": []}, {"text": "it was one of the most beautiful buildings in sydney with the blue sky and the architecture you can even go inside so its a mustsee", "sentiment": "POSITIVE", "sentiment_score": {"Positive": 0.9966804385185242, "Negative": 7.567419379483908e-05, "Neutral": 0.0032105513382703066, "Mixed": 3.3294945751549676e-05}, "keywords": [["mustsee", "inside", "architecture", "sky", "blue"]], "positive_keywords": [["mustsee", "inside", "architecture", "sky", "blue"]], "negative_keywords": []}, {"text": "syd uni visited this place as it is near the chau chak museum \ngreat for taking good photos", "sentiment": "POSITIVE", "sentiment_score": {"Positive": 0.9408747553825378, "Negative": 0.0008447134750895202, "Neutral": 0.05807952955365181, "Mixed": 0.0002010651514865458}, "keywords": [["photos", "good", "taking", "great", "museum"]], "positive_keywords": [["photos", "good", "taking", "great", "museum"]], "negative_keywords": []}, {"text": "the best years of my life were spent at university highly recommend it", "sentiment": "POSITIVE", "sentiment_score": {"Positive": 0.9983893632888794, "Negative": 0.00029790453845635056, "Neutral": 0.0012738844379782677, "Mixed": 3.883827230310999e-05}, "keywords": [["recommend", "highly", "university", "spent", "life"]], "positive_keywords": [["recommend", "highly", "university", "spent", "life"]], "negative_keywords": []}, {"text": "not what i expected university could really improve its student services", "sentiment": "NEGATIVE", "sentiment_score": {"Positive": 0.002219774993136525, "Negative": 0.9755644798278809, "Neutral": 0.015244387090206146, "Mixed": 0.006971326656639576}, "keywords": [["services", "student", "improve", "really", "university"]], "positive_keywords": [], "negative_keywords": [["services", "student", "improve", "really", "university"]]}, {"text": "absolutely loved my time here university has an incredible campus and community", "sentiment": "POSITIVE", "sentiment_score": {"Positive": 0.9985748529434204, "Negative": 6.635062891291454e-05, "Neutral": 0.001123400405049324, "Mixed": 0.00023545697331428528}, "keywords": [["community", "campus", "incredible", "university", "time"]], "positive_keywords": [["community", "campus", "incredible", "university", "time"]], "negative_keywords": []}, {"text": "not what i expected university could really improve its student services", "sentiment": "NEGATIVE", "sentiment_score": {"Positive": 0.002219774993136525, "Negative": 0.9755644798278809, "Neutral": 0.015244387090206146, "Mixed": 0.006971326656639576}, "keywords": [["services", "student", "improve", "really", "university"]], "positive_keywords": [], "negative_keywords": [["services", "student", "improve", "really", "university"]]}, {"text": "average experience at university nothing particularly outstanding", "sentiment": "NEGATIVE", "sentiment_score": {"Positive": 0.00849381648004055, "Negative": 0.6501188278198242, "Neutral": 0.04405200108885765, "Mixed": 0.29733535647392273}, "keywords": [["outstanding", "particularly", "university", "experience", "average"]], "positive_keywords": [], "negative_keywords": [["outstanding", "particularly", "university", "experience", "average"]]}, {"text": "not what i expected university could really improve its student services", "sentiment": "NEGATIVE", "sentiment_score": {"Positive": 0.002219774993136525, "Negative": 0.9755644798278809, "Neutral": 0.015244387090206146, "Mixed": 0.006971326656639576}, "keywords": [["services", "student", "improve", "really", "university"]], "positive_keywords": [], "negative_keywords": [["services", "student", "improve", "really", "university"]]}, {"text": "not what i expected university could really improve its student services", "sentiment": "NEGATIVE", "sentiment_score": {"Positive": 0.002219774993136525, "Negative": 0.9755644798278809, "Neutral": 0.015244387090206146, "Mixed": 0.006971326656639576}, "keywords": [["services", "student", "improve", "really", "university"]], "positive_keywords": [], "negative_keywords": [["services", "student", "improve", "really", "university"]]}, {"text": "had higher expectations from university the curriculum needs a serious update", "sentiment": "NEGATIVE", "sentiment_score": {"Positive": 0.03928213194012642, "Negative": 0.6937776803970337, "Neutral": 0.23473480343818665, "Mixed": 0.03220541775226593}, "keywords": [["update", "needs", "curriculum", "university", "expectations"]], "positive_keywords": [], "negative_keywords": [["update", "needs", "curriculum", "university", "expectations"]]}, {"text": "not what i expected university could really improve its student services", "sentiment": "NEGATIVE", "sentiment_score": {"Positive": 0.002219774993136525, "Negative": 0.9755644798278809, "Neutral": 0.015244387090206146, "Mixed": 0.006971326656639576}, "keywords": [["services", "student", "improve", "really", "university"]], "positive_keywords": [], "negative_keywords": [["services", "student", "improve", "really", "university"]]}, {"text": "had higher expectations from university the curriculum needs a serious update", "sentiment": "NEGATIVE", "sentiment_score": {"Positive": 0.03928213194012642, "Negative": 0.6937776803970337, "Neutral": 0.23473480343818665, "Mixed": 0.03220541775226593}, "keywords": [["update", "needs", "curriculum", "university", "expectations"]], "positive_keywords": [], "negative_keywords": [["update", "needs", "curriculum", "university", "expectations"]]}]