[{"text": "wonderful architecture great lighting solutions through natural light from windows and beautifully designed lamps rounded forms and warm colours help improve the learning experience further thank you", "sentiment": "POSITIVE", "sentiment_score": {"Positive": 0.993925154209137, "Negative": 4.37801681982819e-05, "Neutral": 0.0059783728793263435, "Mixed": 5.2780767873628065e-05}, "keywords": [["thank", "experience", "learning", "improve", "help"]], "positive_keywords": [["thank", "experience", "learning", "improve", "help"]], "negative_keywords": []}, {"text": "nice place to visit to see the whole of zurich city and a nice museum good place to relax while enjoying the view", "sentiment": "POSITIVE", "sentiment_score": {"Positive": 0.9988139867782593, "Negative": 3.7649770092684776e-05, "Neutral": 0.0011214277474209666, "Mixed": 2.7038677217205986e-05}, "keywords": [["view", "enjoying", "relax", "good", "museum"]], "positive_keywords": [["view", "enjoying", "relax", "good", "museum"]], "negative_keywords": []}, {"text": "with  nobel prize awarded to faculty members and one fields medal as well i guess we are to comment only on the coffee shop", "sentiment": "NEUTRAL", "sentiment_score": {"Positive": 0.14660488069057465, "Negative": 0.027522504329681396, "Neutral": 0.8238704204559326, "Mixed": 0.002002264838665724}, "keywords": [["shop", "coffee", "comment", "guess", "medal"]], "positive_keywords": [], "negative_keywords": []}, {"text": "the university of zurich this great edifice is a dream for many people all over the world and not only switzerland a place for work and beneficial knowledge for the skin the university is located in a very special place and all services are very close to it", "sentiment": "POSITIVE", "sentiment_score": {"Positive": 0.9863266944885254, "Negative": 0.00015113413974177092, "Neutral": 0.013477989472448826, "Mixed": 4.419100150698796e-05}, "keywords": [["close", "services", "special", "located", "skin"]], "positive_keywords": [["close", "services", "special", "located", "skin"]], "negative_keywords": []}, {"text": "lack of support for students especially international students from the administrations the international scholar center is amazing but they could only do so much to help the administrations are extremely bureaucratic and inefficient it takes them forever to reply emails and get anything done to the point that it ruined my academic plan", "sentiment": "NEGATIVE", "sentiment_score": {"Positive": 0.0030524437315762043, "Negative": 0.8225226998329163, "Neutral": 0.010034535080194473, "Mixed": 0.16439025104045868}, "keywords": [["plan", "academic", "ruined", "point", "emails"]], "positive_keywords": [], "negative_keywords": [["plan", "academic", "ruined", "point", "emails"]]}, {"text": "had higher expectations from university the curriculum needs a serious update", "sentiment": "NEGATIVE", "sentiment_score": {"Positive": 0.03928213194012642, "Negative": 0.6937776803970337, "Neutral": 0.23473480343818665, "Mixed": 0.03220541775226593}, "keywords": [["update", "needs", "curriculum", "university", "expectations"]], "positive_keywords": [], "negative_keywords": [["update", "needs", "curriculum", "university", "expectations"]]}, {"text": "my time at university was decent good in some aspects but could be better in others", "sentiment": "MIXED", "sentiment_score": {"Positive": 0.010245845653116703, "Negative": 0.01066859345883131, "Neutral": 0.006733235437422991, "Mixed": 0.9723523259162903}, "keywords": [["better", "aspects", "good", "decent", "university"]], "positive_keywords": [], "negative_keywords": []}, {"text": "its a good university but i think university has room for improvement", "sentiment": "MIXED", "sentiment_score": {"Positive": 0.09079279005527496, "Negative": 0.0044769770465791225, "Neutral": 0.02031625062227249, "Mixed": 0.8844140768051147}, "keywords": [["improvement", "room", "think", "university", "good"]], "positive_keywords": [], "negative_keywords": []}, {"text": "i had an amazing experience at university the faculty and facilities are topnotch", "sentiment": "POSITIVE", "sentiment_score": {"Positive": 0.9932656288146973, "Negative": 0.00032129944884218276, "Neutral": 0.0041029369458556175, "Mixed": 0.0023101065307855606}, "keywords": [["topnotch", "facilities", "faculty", "university", "experience"]], "positive_keywords": [["topnotch", "facilities", "faculty", "university", "experience"]], "negative_keywords": []}, {"text": "the best years of my life were spent at university highly recommend it", "sentiment": "POSITIVE", "sentiment_score": {"Positive": 0.9983893632888794, "Negative": 0.00029790453845635056, "Neutral": 0.0012738844379782677, "Mixed": 3.883827230310999e-05}, "keywords": [["recommend", "highly", "university", "spent", "life"]], "positive_keywords": [["recommend", "highly", "university", "spent", "life"]], "negative_keywords": []}, {"text": "absolutely loved my time here university has an incredible campus and community", "sentiment": "POSITIVE", "sentiment_score": {"Positive": 0.9985748529434204, "Negative": 6.635062891291454e-05, "Neutral": 0.001123400405049324, "Mixed": 0.00023545697331428528}, "keywords": [["community", "campus", "incredible", "university", "time"]], "positive_keywords": [["community", "campus", "incredible", "university", "time"]], "negative_keywords": []}, {"text": "i had an amazing experience at university the faculty and facilities are topnotch", "sentiment": "POSITIVE", "sentiment_score": {"Positive": 0.9932656288146973, "Negative": 0.00032129944884218276, "Neutral": 0.0041029369458556175, "Mixed": 0.0023101065307855606}, "keywords": [["topnotch", "facilities", "faculty", "university", "experience"]], "positive_keywords": [["topnotch", "facilities", "faculty", "university", "experience"]], "negative_keywords": []}, {"text": "average experience at university nothing particularly outstanding", "sentiment": "NEGATIVE", "sentiment_score": {"Positive": 0.00849381648004055, "Negative": 0.6501188278198242, "Neutral": 0.04405200108885765, "Mixed": 0.29733535647392273}, "keywords": [["outstanding", "particularly", "university", "experience", "average"]], "positive_keywords": [], "negative_keywords": [["outstanding", "particularly", "university", "experience", "average"]]}, {"text": "had higher expectations from university the curriculum needs a serious update", "sentiment": "NEGATIVE", "sentiment_score": {"Positive": 0.03928213194012642, "Negative": 0.6937776803970337, "Neutral": 0.23473480343818665, "Mixed": 0.03220541775226593}, "keywords": [["update", "needs", "curriculum", "university", "expectations"]], "positive_keywords": [], "negative_keywords": [["update", "needs", "curriculum", "university", "expectations"]]}, {"text": "had higher expectations from university the curriculum needs a serious update", "sentiment": "NEGATIVE", "sentiment_score": {"Positive": 0.03928213194012642, "Negative": 0.6937776803970337, "Neutral": 0.23473480343818665, "Mixed": 0.03220541775226593}, "keywords": [["update", "needs", "curriculum", "university", "expectations"]], "positive_keywords": [], "negative_keywords": [["update", "needs", "curriculum", "university", "expectations"]]}]