[{"text": "my alma matter the best university of china i stayed there for four and a half an years during phd studies from september  to january  there are countless memories events celebrations achievements at tsinghua university i feel it as my second home chinese parents dream this university for their kids", "sentiment": "POSITIVE", "sentiment_score": {"Positive": 0.8759285807609558, "Negative": 0.003656323067843914, "Neutral": 0.11696000397205353, "Mixed": 0.003455051686614752}, "keywords": [["kids", "dream", "parents", "chinese", "home"]], "positive_keywords": [["kids", "dream", "parents", "chinese", "home"]], "negative_keywords": []}, {"text": "the best university in china a dream of every chinese student one of the best academic and research facilities in world inside there is a whole new world you will feel you have left beijing and came to new place in china theres a historical part with parks and lakes which came as a legacy as tsinghua was first built on royal gardens just take a walk around in the campus and experience its not just a university its much more there are many canteens with fabulous food representing different provinces of china", "sentiment": "POSITIVE", "sentiment_score": {"Positive": 0.7830101251602173, "Negative": 0.0014597343979403377, "Neutral": 0.21533411741256714, "Mixed": 0.0001960240479093045}, "keywords": [["provinces", "different", "representing", "food", "fabulous"]], "positive_keywords": [["provinces", "different", "representing", "food", "fabulous"]], "negative_keywords": []}, {"text": "inspiring academic environment ", "sentiment": "POSITIVE", "sentiment_score": {"Positive": 0.9771744608879089, "Negative": 0.00023346820671577007, "Neutral": 0.022343609482049942, "Mixed": 0.0002485011937096715}, "keywords": [["environment", "academic", "inspiring"]], "positive_keywords": [["environment", "academic", "inspiring"]], "negative_keywords": []}, {"text": "tsinghua university is one of the leading university in china as per its research excellence and academic excellence its one of chinese c league university which is highly funded and sponsored by various various research grant organizations to recruit highly capable graduates to compete globally with its rich history and report card it has excelled exponentially both in quality of education and to provide the access to research opportunities", "sentiment": "NEUTRAL", "sentiment_score": {"Positive": 0.2105811983346939, "Negative": 0.0001409495307598263, "Neutral": 0.7891562581062317, "Mixed": 0.00012155918375356123}, "keywords": [["opportunities", "access", "provide", "education", "quality"]], "positive_keywords": [], "negative_keywords": []}, {"text": "its the world top university is in china  there are a lot of opportunities for students and teachers and for the scientistsor researchers  if you need to refresh yourself you can look at the natural beauty of it in every time every season the area is so big to go to long drive with your girlfriend but no need to go out of the campus  i really happy for this universityso that i dont need to go to another one  ", "sentiment": "POSITIVE", "sentiment_score": {"Positive": 0.6699080467224121, "Negative": 0.006363118067383766, "Neutral": 0.0505446158349514, "Mixed": 0.27318423986434937}, "keywords": [["dont", "universityso", "happy", "really", "campus"]], "positive_keywords": [["dont", "universityso", "happy", "really", "campus"]], "negative_keywords": []}, {"text": "the best years of my life were spent at university highly recommend it", "sentiment": "POSITIVE", "sentiment_score": {"Positive": 0.9983893632888794, "Negative": 0.00029790453845635056, "Neutral": 0.0012738844379782677, "Mixed": 3.883827230310999e-05}, "keywords": [["recommend", "highly", "university", "spent", "life"]], "positive_keywords": [["recommend", "highly", "university", "spent", "life"]], "negative_keywords": []}, {"text": "not what i expected university could really improve its student services", "sentiment": "NEGATIVE", "sentiment_score": {"Positive": 0.002219774993136525, "Negative": 0.9755644798278809, "Neutral": 0.015244387090206146, "Mixed": 0.006971326656639576}, "keywords": [["services", "student", "improve", "really", "university"]], "positive_keywords": [], "negative_keywords": [["services", "student", "improve", "really", "university"]]}, {"text": "i had an amazing experience at university the faculty and facilities are topnotch", "sentiment": "POSITIVE", "sentiment_score": {"Positive": 0.9932656288146973, "Negative": 0.00032129944884218276, "Neutral": 0.0041029369458556175, "Mixed": 0.0023101065307855606}, "keywords": [["topnotch", "facilities", "faculty", "university", "experience"]], "positive_keywords": [["topnotch", "facilities", "faculty", "university", "experience"]], "negative_keywords": []}, {"text": "not what i expected university could really improve its student services", "sentiment": "NEGATIVE", "sentiment_score": {"Positive": 0.002219774993136525, "Negative": 0.9755644798278809, "Neutral": 0.015244387090206146, "Mixed": 0.006971326656639576}, "keywords": [["services", "student", "improve", "really", "university"]], "positive_keywords": [], "negative_keywords": [["services", "student", "improve", "really", "university"]]}, {"text": "had higher expectations from university the curriculum needs a serious update", "sentiment": "NEGATIVE", "sentiment_score": {"Positive": 0.03928213194012642, "Negative": 0.6937776803970337, "Neutral": 0.23473480343818665, "Mixed": 0.03220541775226593}, "keywords": [["update", "needs", "curriculum", "university", "expectations"]], "positive_keywords": [], "negative_keywords": [["update", "needs", "curriculum", "university", "expectations"]]}, {"text": "the best years of my life were spent at university highly recommend it", "sentiment": "POSITIVE", "sentiment_score": {"Positive": 0.9983893632888794, "Negative": 0.00029790453845635056, "Neutral": 0.0012738844379782677, "Mixed": 3.883827230310999e-05}, "keywords": [["recommend", "highly", "university", "spent", "life"]], "positive_keywords": [["recommend", "highly", "university", "spent", "life"]], "negative_keywords": []}, {"text": "the best years of my life were spent at university highly recommend it", "sentiment": "POSITIVE", "sentiment_score": {"Positive": 0.9983893632888794, "Negative": 0.00029790453845635056, "Neutral": 0.0012738844379782677, "Mixed": 3.883827230310999e-05}, "keywords": [["recommend", "highly", "university", "spent", "life"]], "positive_keywords": [["recommend", "highly", "university", "spent", "life"]], "negative_keywords": []}, {"text": "i had an amazing experience at university the faculty and facilities are topnotch", "sentiment": "POSITIVE", "sentiment_score": {"Positive": 0.9932656288146973, "Negative": 0.00032129944884218276, "Neutral": 0.0041029369458556175, "Mixed": 0.0023101065307855606}, "keywords": [["topnotch", "facilities", "faculty", "university", "experience"]], "positive_keywords": [["topnotch", "facilities", "faculty", "university", "experience"]], "negative_keywords": []}, {"text": "i had an amazing experience at university the faculty and facilities are topnotch", "sentiment": "POSITIVE", "sentiment_score": {"Positive": 0.9932656288146973, "Negative": 0.00032129944884218276, "Neutral": 0.0041029369458556175, "Mixed": 0.0023101065307855606}, "keywords": [["topnotch", "facilities", "faculty", "university", "experience"]], "positive_keywords": [["topnotch", "facilities", "faculty", "university", "experience"]], "negative_keywords": []}, {"text": "i had an amazing experience at university the faculty and facilities are topnotch", "sentiment": "POSITIVE", "sentiment_score": {"Positive": 0.9932656288146973, "Negative": 0.00032129944884218276, "Neutral": 0.0041029369458556175, "Mixed": 0.0023101065307855606}, "keywords": [["topnotch", "facilities", "faculty", "university", "experience"]], "positive_keywords": [["topnotch", "facilities", "faculty", "university", "experience"]], "negative_keywords": []}]