[{"text": "the best university in the world where you will find the best professors the environment of the university is also very high the four years of my phd at the school of media and communication have been wonderful my professor has been very supportive", "sentiment": "POSITIVE", "sentiment_score": {"Positive": 0.9909650087356567, "Negative": 9.877719276119024e-05, "Neutral": 0.008853106759488583, "Mixed": 8.31188663141802e-05}, "keywords": [["supportive", "professor", "wonderful", "communication", "media"]], "positive_keywords": [["supportive", "professor", "wonderful", "communication", "media"]], "negative_keywords": []}, {"text": "an unbelievable experience of studying here at this research university the school of mechanical engineering is currently ranked th in asia and th in the worldqs rankings the infrastructure study environment culture faculty  libraries are world class", "sentiment": "POSITIVE", "sentiment_score": {"Positive": 0.6538565158843994, "Negative": 0.012029225938022137, "Neutral": 0.3338010609149933, "Mixed": 0.0003132113488391042}, "keywords": [["class", "world", "libraries", "faculty", "culture"]], "positive_keywords": [["class", "world", "libraries", "faculty", "culture"]], "negative_keywords": []}, {"text": "warning to foreign academics considering a job offer from jiao tong they are not to be trusted they straightup lied about our contract and we found out we werent the only ones we fled after  months it was a  year contract the only good thing about the position was a big office but the uni had a scary vibe and we found out mid semester that all classes were recorded not sure who it was surveilled by but creepy nonetheless", "sentiment": "MIXED", "sentiment_score": {"Positive": 0.01126083917915821, "Negative": 0.31193050742149353, "Neutral": 0.14803428947925568, "Mixed": 0.5287744402885437}, "keywords": [["nonetheless", "creepy", "surveilled", "sure", "recorded"]], "positive_keywords": [], "negative_keywords": []}, {"text": "no respect for students professors are non supporting and most of them are dictator having extremely bossy attitude\n\nbest for chinese students but they are also exploited by these bossy professors", "sentiment": "NEGATIVE", "sentiment_score": {"Positive": 0.002286243485286832, "Negative": 0.9260770678520203, "Neutral": 0.06307431310415268, "Mixed": 0.008562345989048481}, "keywords": [["exploited", "chinese", "best", "attitude", "bossy"]], "positive_keywords": [], "negative_keywords": [["exploited", "chinese", "best", "attitude", "bossy"]]}, {"text": "china wont let international students back to campus\nbut they let business people and koreans enter china basically everyone except international students that is not from korea cannot enter china\nis this not discrimination\nthe schools online classes sucks poor video and audio quality even with an ielts listening score of  i still cannot hear clearly what the hell the lecturer talked about since their students are studying in campus lecturers dont care about the online students as a previous international student now transferred i suffered mental health issues from the attitude and situation from this university\nin general if you consider to study in china dont go seriously", "sentiment": "NEGATIVE", "sentiment_score": {"Positive": 0.000877032580319792, "Negative": 0.9831380844116211, "Neutral": 0.014862251468002796, "Mixed": 0.0011227012146264315}, "keywords": [["seriously", "study", "consider", "general", "university"]], "positive_keywords": [], "negative_keywords": [["seriously", "study", "consider", "general", "university"]]}, {"text": "i had an amazing experience at university the faculty and facilities are topnotch", "sentiment": "POSITIVE", "sentiment_score": {"Positive": 0.9932656288146973, "Negative": 0.00032129944884218276, "Neutral": 0.0041029369458556175, "Mixed": 0.0023101065307855606}, "keywords": [["topnotch", "facilities", "faculty", "university", "experience"]], "positive_keywords": [["topnotch", "facilities", "faculty", "university", "experience"]], "negative_keywords": []}, {"text": "my time at university was decent good in some aspects but could be better in others", "sentiment": "MIXED", "sentiment_score": {"Positive": 0.010245845653116703, "Negative": 0.01066859345883131, "Neutral": 0.006733235437422991, "Mixed": 0.9723523259162903}, "keywords": [["better", "aspects", "good", "decent", "university"]], "positive_keywords": [], "negative_keywords": []}, {"text": "had higher expectations from university the curriculum needs a serious update", "sentiment": "NEGATIVE", "sentiment_score": {"Positive": 0.03928213194012642, "Negative": 0.6937776803970337, "Neutral": 0.23473480343818665, "Mixed": 0.03220541775226593}, "keywords": [["update", "needs", "curriculum", "university", "expectations"]], "positive_keywords": [], "negative_keywords": [["update", "needs", "curriculum", "university", "expectations"]]}, {"text": "my time at university was decent good in some aspects but could be better in others", "sentiment": "MIXED", "sentiment_score": {"Positive": 0.010245845653116703, "Negative": 0.01066859345883131, "Neutral": 0.006733235437422991, "Mixed": 0.9723523259162903}, "keywords": [["better", "aspects", "good", "decent", "university"]], "positive_keywords": [], "negative_keywords": []}, {"text": "average experience at university nothing particularly outstanding", "sentiment": "NEGATIVE", "sentiment_score": {"Positive": 0.00849381648004055, "Negative": 0.6501188278198242, "Neutral": 0.04405200108885765, "Mixed": 0.29733535647392273}, "keywords": [["outstanding", "particularly", "university", "experience", "average"]], "positive_keywords": [], "negative_keywords": [["outstanding", "particularly", "university", "experience", "average"]]}, {"text": "had higher expectations from university the curriculum needs a serious update", "sentiment": "NEGATIVE", "sentiment_score": {"Positive": 0.03928213194012642, "Negative": 0.6937776803970337, "Neutral": 0.23473480343818665, "Mixed": 0.03220541775226593}, "keywords": [["update", "needs", "curriculum", "university", "expectations"]], "positive_keywords": [], "negative_keywords": [["update", "needs", "curriculum", "university", "expectations"]]}, {"text": "had higher expectations from university the curriculum needs a serious update", "sentiment": "NEGATIVE", "sentiment_score": {"Positive": 0.03928213194012642, "Negative": 0.6937776803970337, "Neutral": 0.23473480343818665, "Mixed": 0.03220541775226593}, "keywords": [["update", "needs", "curriculum", "university", "expectations"]], "positive_keywords": [], "negative_keywords": [["update", "needs", "curriculum", "university", "expectations"]]}, {"text": "had higher expectations from university the curriculum needs a serious update", "sentiment": "NEGATIVE", "sentiment_score": {"Positive": 0.03928213194012642, "Negative": 0.6937776803970337, "Neutral": 0.23473480343818665, "Mixed": 0.03220541775226593}, "keywords": [["update", "needs", "curriculum", "university", "expectations"]], "positive_keywords": [], "negative_keywords": [["update", "needs", "curriculum", "university", "expectations"]]}, {"text": "my time at university was decent good in some aspects but could be better in others", "sentiment": "MIXED", "sentiment_score": {"Positive": 0.010245845653116703, "Negative": 0.01066859345883131, "Neutral": 0.006733235437422991, "Mixed": 0.9723523259162903}, "keywords": [["better", "aspects", "good", "decent", "university"]], "positive_keywords": [], "negative_keywords": []}, {"text": "had higher expectations from university the curriculum needs a serious update", "sentiment": "NEGATIVE", "sentiment_score": {"Positive": 0.03928213194012642, "Negative": 0.6937776803970337, "Neutral": 0.23473480343818665, "Mixed": 0.03220541775226593}, "keywords": [["update", "needs", "curriculum", "university", "expectations"]], "positive_keywords": [], "negative_keywords": [["update", "needs", "curriculum", "university", "expectations"]]}]