[{"text": "i do support most of the comments on social media that if a university is prestigious and one of the best in law or science it shouldnt permit students to damage other students just because of fraternities ceremonies this is the age where logic tell us that the risk of life is too much for any university to not do something about this be tainted by issues that shouldnt have being ignored since the beginning is just a bad business decision", "sentiment": "MIXED", "sentiment_score": {"Positive": 0.0931200310587883, "Negative": 0.21403898298740387, "Neutral": 0.2280043214559555, "Mixed": 0.46483665704727173}, "keywords": [["decision", "business", "bad", "beginning", "ignored"]], "positive_keywords": [], "negative_keywords": []}, {"text": "top notch education and research facilities education is highly demanding and focuses on teaching cutting edge science", "sentiment": "POSITIVE", "sentiment_score": {"Positive": 0.6316294074058533, "Negative": 0.001397393411025405, "Neutral": 0.3657076954841614, "Mixed": 0.001265477272681892}, "keywords": [["science", "edge", "cutting", "teaching", "focuses"]], "positive_keywords": [["science", "edge", "cutting", "teaching", "focuses"]], "negative_keywords": []}, {"text": "high quality undergraduated programs professors are nice helpful and experienced great campus best city ever for an erasmus pangaea is a must visited place for relax work and social networking", "sentiment": "POSITIVE", "sentiment_score": {"Positive": 0.9714632034301758, "Negative": 0.00018792618357110769, "Neutral": 0.02810470201075077, "Mixed": 0.0002441107644699514}, "keywords": [["networking", "social", "work", "relax", "place"]], "positive_keywords": [["networking", "social", "work", "relax", "place"]], "negative_keywords": []}, {"text": "looks gorgeous could be a palace not a university ", "sentiment": "MIXED", "sentiment_score": {"Positive": 0.20081409811973572, "Negative": 0.036388467997312546, "Neutral": 0.07861518859863281, "Mixed": 0.6841821670532227}, "keywords": [["university", "palace", "gorgeous", "looks"]], "positive_keywords": [], "negative_keywords": []}, {"text": "if you study or work in leuven you have to face being temporarily expelled from the town just because the soccer club of your heart has a match there", "sentiment": "NEUTRAL", "sentiment_score": {"Positive": 0.03878200799226761, "Negative": 0.16309580206871033, "Neutral": 0.6986359357833862, "Mixed": 0.09948627650737762}, "keywords": [["match", "heart", "club", "soccer", "just"]], "positive_keywords": [], "negative_keywords": []}, {"text": "had higher expectations from university the curriculum needs a serious update", "sentiment": "NEGATIVE", "sentiment_score": {"Positive": 0.03928213194012642, "Negative": 0.6937776803970337, "Neutral": 0.23473480343818665, "Mixed": 0.03220541775226593}, "keywords": [["update", "needs", "curriculum", "university", "expectations"]], "positive_keywords": [], "negative_keywords": [["update", "needs", "curriculum", "university", "expectations"]]}, {"text": "i had an amazing experience at university the faculty and facilities are topnotch", "sentiment": "POSITIVE", "sentiment_score": {"Positive": 0.9932656288146973, "Negative": 0.00032129944884218276, "Neutral": 0.0041029369458556175, "Mixed": 0.0023101065307855606}, "keywords": [["topnotch", "facilities", "faculty", "university", "experience"]], "positive_keywords": [["topnotch", "facilities", "faculty", "university", "experience"]], "negative_keywords": []}, {"text": "the best years of my life were spent at university highly recommend it", "sentiment": "POSITIVE", "sentiment_score": {"Positive": 0.9983893632888794, "Negative": 0.00029790453845635056, "Neutral": 0.0012738844379782677, "Mixed": 3.883827230310999e-05}, "keywords": [["recommend", "highly", "university", "spent", "life"]], "positive_keywords": [["recommend", "highly", "university", "spent", "life"]], "negative_keywords": []}, {"text": "the best years of my life were spent at university highly recommend it", "sentiment": "POSITIVE", "sentiment_score": {"Positive": 0.9983893632888794, "Negative": 0.00029790453845635056, "Neutral": 0.0012738844379782677, "Mixed": 3.883827230310999e-05}, "keywords": [["recommend", "highly", "university", "spent", "life"]], "positive_keywords": [["recommend", "highly", "university", "spent", "life"]], "negative_keywords": []}, {"text": "average experience at university nothing particularly outstanding", "sentiment": "NEGATIVE", "sentiment_score": {"Positive": 0.00849381648004055, "Negative": 0.6501188278198242, "Neutral": 0.04405200108885765, "Mixed": 0.29733535647392273}, "keywords": [["outstanding", "particularly", "university", "experience", "average"]], "positive_keywords": [], "negative_keywords": [["outstanding", "particularly", "university", "experience", "average"]]}, {"text": "i had an amazing experience at university the faculty and facilities are topnotch", "sentiment": "POSITIVE", "sentiment_score": {"Positive": 0.9932656288146973, "Negative": 0.00032129944884218276, "Neutral": 0.0041029369458556175, "Mixed": 0.0023101065307855606}, "keywords": [["topnotch", "facilities", "faculty", "university", "experience"]], "positive_keywords": [["topnotch", "facilities", "faculty", "university", "experience"]], "negative_keywords": []}, {"text": "not what i expected university could really improve its student services", "sentiment": "NEGATIVE", "sentiment_score": {"Positive": 0.002219774993136525, "Negative": 0.9755644798278809, "Neutral": 0.015244387090206146, "Mixed": 0.006971326656639576}, "keywords": [["services", "student", "improve", "really", "university"]], "positive_keywords": [], "negative_keywords": [["services", "student", "improve", "really", "university"]]}, {"text": "i had an amazing experience at university the faculty and facilities are topnotch", "sentiment": "POSITIVE", "sentiment_score": {"Positive": 0.9932656288146973, "Negative": 0.00032129944884218276, "Neutral": 0.0041029369458556175, "Mixed": 0.0023101065307855606}, "keywords": [["topnotch", "facilities", "faculty", "university", "experience"]], "positive_keywords": [["topnotch", "facilities", "faculty", "university", "experience"]], "negative_keywords": []}, {"text": "i had an amazing experience at university the faculty and facilities are topnotch", "sentiment": "POSITIVE", "sentiment_score": {"Positive": 0.9932656288146973, "Negative": 0.00032129944884218276, "Neutral": 0.0041029369458556175, "Mixed": 0.0023101065307855606}, "keywords": [["topnotch", "facilities", "faculty", "university", "experience"]], "positive_keywords": [["topnotch", "facilities", "faculty", "university", "experience"]], "negative_keywords": []}, {"text": "average experience at university nothing particularly outstanding", "sentiment": "NEGATIVE", "sentiment_score": {"Positive": 0.00849381648004055, "Negative": 0.6501188278198242, "Neutral": 0.04405200108885765, "Mixed": 0.29733535647392273}, "keywords": [["outstanding", "particularly", "university", "experience", "average"]], "positive_keywords": [], "negative_keywords": [["outstanding", "particularly", "university", "experience", "average"]]}]