[{"text": "located in the heart of atlanta georgia tech provides unique opportunities for companies governments and students all of the competitions and assignments are pushing technology forward training some of the brightest engineers worldclass amenities such as an olympicsized fitness center and newly renovated library classes keep running with high quality instruction on everchanging technical subjects", "sentiment": "NEUTRAL", "sentiment_score": {"Positive": 0.1885094940662384, "Negative": 0.0002494312357157469, "Neutral": 0.8111335039138794, "Mixed": 0.00010764029138954356}, "keywords": [["subjects", "technical", "everchanging", "instruction", "quality"]], "positive_keywords": [], "negative_keywords": []}, {"text": "great game tonight   saw the mayor of the city of atlanta a ga tech alumni hes very nice  handsome ga tech mens basketball coach is very personalable", "sentiment": "POSITIVE", "sentiment_score": {"Positive": 0.9810425043106079, "Negative": 0.00042661523912101984, "Neutral": 0.018424341455101967, "Mixed": 0.00010650566400727257}, "keywords": [["personalable", "coach", "basketball", "mens", "handsome"]], "positive_keywords": [["personalable", "coach", "basketball", "mens", "handsome"]], "negative_keywords": []}, {"text": "mcamish auditorium is huge and beautifully constructed attended class of  hs graduation lets go north atlanta  easy in and out despite crowds  ticketed seating   and extra security i saw local stars from love hip hop families very down to earth that was nice anyway prepare to walk and climb stairs", "sentiment": "POSITIVE", "sentiment_score": {"Positive": 0.9577305912971497, "Negative": 0.0021698973141610622, "Neutral": 0.038950614631175995, "Mixed": 0.001148862880654633}, "keywords": [["stairs", "climb", "walk", "prepare", "nice"]], "positive_keywords": [["stairs", "climb", "walk", "prepare", "nice"]], "negative_keywords": []}, {"text": "beautiful campus had all you can eatdinner in one of the student dining halls for  also bought a gtbranded bottle as a souvenir", "sentiment": "POSITIVE", "sentiment_score": {"Positive": 0.7482038736343384, "Negative": 0.03454684093594551, "Neutral": 0.15412011742591858, "Mixed": 0.0631292313337326}, "keywords": [["souvenir", "bottle", "gtbranded", "bought", "halls"]], "positive_keywords": [["souvenir", "bottle", "gtbranded", "bought", "halls"]], "negative_keywords": []}, {"text": "i recently visited georgia institute of technology and was impressed with the campus and facilities the campus is large and wellmaintained with a mix of historic and modern buildings that create a unique and interesting atmosphere the technology and resources available to students are impressive and the faculty and staff are knowledgeable and supportive the campus also has a vibrant and diverse student body with plenty of clubs and activities to get involved in overall i highly recommend georgia institute of technology to anyone looking for a topnotch education in a dynamic and exciting environment", "sentiment": "POSITIVE", "sentiment_score": {"Positive": 0.9748597741127014, "Negative": 7.182531408034265e-05, "Neutral": 0.024996280670166016, "Mixed": 7.216408266685903e-05}, "keywords": [["environment", "exciting", "dynamic", "education", "topnotch"]], "positive_keywords": [["environment", "exciting", "dynamic", "education", "topnotch"]], "negative_keywords": []}, {"text": "my time at university was decent good in some aspects but could be better in others", "sentiment": "MIXED", "sentiment_score": {"Positive": 0.010245845653116703, "Negative": 0.01066859345883131, "Neutral": 0.006733235437422991, "Mixed": 0.9723523259162903}, "keywords": [["better", "aspects", "good", "decent", "university"]], "positive_keywords": [], "negative_keywords": []}, {"text": "my time at university was decent good in some aspects but could be better in others", "sentiment": "MIXED", "sentiment_score": {"Positive": 0.010245845653116703, "Negative": 0.01066859345883131, "Neutral": 0.006733235437422991, "Mixed": 0.9723523259162903}, "keywords": [["better", "aspects", "good", "decent", "university"]], "positive_keywords": [], "negative_keywords": []}, {"text": "average experience at university nothing particularly outstanding", "sentiment": "NEGATIVE", "sentiment_score": {"Positive": 0.00849381648004055, "Negative": 0.6501188278198242, "Neutral": 0.04405200108885765, "Mixed": 0.29733535647392273}, "keywords": [["outstanding", "particularly", "university", "experience", "average"]], "positive_keywords": [], "negative_keywords": [["outstanding", "particularly", "university", "experience", "average"]]}, {"text": "its a good university but i think university has room for improvement", "sentiment": "MIXED", "sentiment_score": {"Positive": 0.09079279005527496, "Negative": 0.0044769770465791225, "Neutral": 0.02031625062227249, "Mixed": 0.8844140768051147}, "keywords": [["improvement", "room", "think", "university", "good"]], "positive_keywords": [], "negative_keywords": []}, {"text": "i had an amazing experience at university the faculty and facilities are topnotch", "sentiment": "POSITIVE", "sentiment_score": {"Positive": 0.9932656288146973, "Negative": 0.00032129944884218276, "Neutral": 0.0041029369458556175, "Mixed": 0.0023101065307855606}, "keywords": [["topnotch", "facilities", "faculty", "university", "experience"]], "positive_keywords": [["topnotch", "facilities", "faculty", "university", "experience"]], "negative_keywords": []}, {"text": "not what i expected university could really improve its student services", "sentiment": "NEGATIVE", "sentiment_score": {"Positive": 0.002219774993136525, "Negative": 0.9755644798278809, "Neutral": 0.015244387090206146, "Mixed": 0.006971326656639576}, "keywords": [["services", "student", "improve", "really", "university"]], "positive_keywords": [], "negative_keywords": [["services", "student", "improve", "really", "university"]]}, {"text": "had higher expectations from university the curriculum needs a serious update", "sentiment": "NEGATIVE", "sentiment_score": {"Positive": 0.03928213194012642, "Negative": 0.6937776803970337, "Neutral": 0.23473480343818665, "Mixed": 0.03220541775226593}, "keywords": [["update", "needs", "curriculum", "university", "expectations"]], "positive_keywords": [], "negative_keywords": [["update", "needs", "curriculum", "university", "expectations"]]}, {"text": "the best years of my life were spent at university highly recommend it", "sentiment": "POSITIVE", "sentiment_score": {"Positive": 0.9983893632888794, "Negative": 0.00029790453845635056, "Neutral": 0.0012738844379782677, "Mixed": 3.883827230310999e-05}, "keywords": [["recommend", "highly", "university", "spent", "life"]], "positive_keywords": [["recommend", "highly", "university", "spent", "life"]], "negative_keywords": []}, {"text": "my time at university was decent good in some aspects but could be better in others", "sentiment": "MIXED", "sentiment_score": {"Positive": 0.010245845653116703, "Negative": 0.01066859345883131, "Neutral": 0.006733235437422991, "Mixed": 0.9723523259162903}, "keywords": [["better", "aspects", "good", "decent", "university"]], "positive_keywords": [], "negative_keywords": []}, {"text": "had higher expectations from university the curriculum needs a serious update", "sentiment": "NEGATIVE", "sentiment_score": {"Positive": 0.03928213194012642, "Negative": 0.6937776803970337, "Neutral": 0.23473480343818665, "Mixed": 0.03220541775226593}, "keywords": [["update", "needs", "curriculum", "university", "expectations"]], "positive_keywords": [], "negative_keywords": [["update", "needs", "curriculum", "university", "expectations"]]}]