[{"text": "ucla is a very clean quiet beautiful campus it is located at a very nice area  my brother eric just graduated last week and we never had any complaint about his stay there he was able to grow and learn so much in this last  years now my kids will attend a summer program there as well in a few weeks beautiful place", "sentiment": "POSITIVE", "sentiment_score": {"Positive": 0.9981746673583984, "Negative": 3.444549656705931e-05, "Neutral": 0.001744328998029232, "Mixed": 4.661750790546648e-05}, "keywords": [["place", "weeks", "program", "summer", "attend"]], "positive_keywords": [["place", "weeks", "program", "summer", "attend"]], "negative_keywords": []}, {"text": "incredibly historical  spectacular architectural designs sparkling clean and wellmaintained i love how striking each building looks especially the library its giving light academia aesthetic elite location one of amazing attractions in westwood", "sentiment": "POSITIVE", "sentiment_score": {"Positive": 0.9953775405883789, "Negative": 4.664003063226119e-05, "Neutral": 0.004543877672404051, "Mixed": 3.193643715349026e-05}, "keywords": [["westwood", "attractions", "amazing", "location", "elite"]], "positive_keywords": [["westwood", "attractions", "amazing", "location", "elite"]], "negative_keywords": []}, {"text": "when i visited the usa and los angeles with my family we also visited ucla university it is a series of buildings playgrounds walking paths a library a park\nin the summertime when we were on campus for a tour they even filmed a movie or series here great", "sentiment": "POSITIVE", "sentiment_score": {"Positive": 0.7626882195472717, "Negative": 0.010249534621834755, "Neutral": 0.22596858441829681, "Mixed": 0.0010936250910162926}, "keywords": [["great", "movie", "filmed", "tour", "campus"]], "positive_keywords": [["great", "movie", "filmed", "tour", "campus"]], "negative_keywords": []}, {"text": "beautiful and very spacious university outstanding facilities as well however a number of homeless people are roaming around the campus", "sentiment": "MIXED", "sentiment_score": {"Positive": 0.044878698885440826, "Negative": 0.00014755924348719418, "Neutral": 0.0025566110853105783, "Mixed": 0.9524171352386475}, "keywords": [["campus", "roaming", "people", "homeless", "number"]], "positive_keywords": [], "negative_keywords": []}, {"text": "what an amazing urban campus lots of buildings clean roads organized traffic lots of green patches campus buses birds and bikes to get around police presence huge conference facilities and so diverse", "sentiment": "POSITIVE", "sentiment_score": {"Positive": 0.874426543712616, "Negative": 0.003555245930328965, "Neutral": 0.1169450432062149, "Mixed": 0.00507324980571866}, "keywords": [["diverse", "facilities", "conference", "huge", "presence"]], "positive_keywords": [["diverse", "facilities", "conference", "huge", "presence"]], "negative_keywords": []}, {"text": "average experience at university nothing particularly outstanding", "sentiment": "NEGATIVE", "sentiment_score": {"Positive": 0.00849381648004055, "Negative": 0.6501188278198242, "Neutral": 0.04405200108885765, "Mixed": 0.29733535647392273}, "keywords": [["outstanding", "particularly", "university", "experience", "average"]], "positive_keywords": [], "negative_keywords": [["outstanding", "particularly", "university", "experience", "average"]]}, {"text": "i had an amazing experience at university the faculty and facilities are topnotch", "sentiment": "POSITIVE", "sentiment_score": {"Positive": 0.9932656288146973, "Negative": 0.00032129944884218276, "Neutral": 0.0041029369458556175, "Mixed": 0.0023101065307855606}, "keywords": [["topnotch", "facilities", "faculty", "university", "experience"]], "positive_keywords": [["topnotch", "facilities", "faculty", "university", "experience"]], "negative_keywords": []}, {"text": "its a good university but i think university has room for improvement", "sentiment": "MIXED", "sentiment_score": {"Positive": 0.09079279005527496, "Negative": 0.0044769770465791225, "Neutral": 0.02031625062227249, "Mixed": 0.8844140768051147}, "keywords": [["improvement", "room", "think", "university", "good"]], "positive_keywords": [], "negative_keywords": []}, {"text": "i was disappointed with my experience at university the resources were lacking", "sentiment": "NEGATIVE", "sentiment_score": {"Positive": 0.0002522050344850868, "Negative": 0.999014139175415, "Neutral": 0.0005387758137658238, "Mixed": 0.00019480571791063994}, "keywords": [["lacking", "resources", "university", "experience", "disappointed"]], "positive_keywords": [], "negative_keywords": [["lacking", "resources", "university", "experience", "disappointed"]]}, {"text": "not what i expected university could really improve its student services", "sentiment": "NEGATIVE", "sentiment_score": {"Positive": 0.002219774993136525, "Negative": 0.9755644798278809, "Neutral": 0.015244387090206146, "Mixed": 0.006971326656639576}, "keywords": [["services", "student", "improve", "really", "university"]], "positive_keywords": [], "negative_keywords": [["services", "student", "improve", "really", "university"]]}, {"text": "the best years of my life were spent at university highly recommend it", "sentiment": "POSITIVE", "sentiment_score": {"Positive": 0.9983893632888794, "Negative": 0.00029790453845635056, "Neutral": 0.0012738844379782677, "Mixed": 3.883827230310999e-05}, "keywords": [["recommend", "highly", "university", "spent", "life"]], "positive_keywords": [["recommend", "highly", "university", "spent", "life"]], "negative_keywords": []}, {"text": "had higher expectations from university the curriculum needs a serious update", "sentiment": "NEGATIVE", "sentiment_score": {"Positive": 0.03928213194012642, "Negative": 0.6937776803970337, "Neutral": 0.23473480343818665, "Mixed": 0.03220541775226593}, "keywords": [["update", "needs", "curriculum", "university", "expectations"]], "positive_keywords": [], "negative_keywords": [["update", "needs", "curriculum", "university", "expectations"]]}, {"text": "its a good university but i think university has room for improvement", "sentiment": "MIXED", "sentiment_score": {"Positive": 0.09079279005527496, "Negative": 0.0044769770465791225, "Neutral": 0.02031625062227249, "Mixed": 0.8844140768051147}, "keywords": [["improvement", "room", "think", "university", "good"]], "positive_keywords": [], "negative_keywords": []}, {"text": "absolutely loved my time here university has an incredible campus and community", "sentiment": "POSITIVE", "sentiment_score": {"Positive": 0.9985748529434204, "Negative": 6.635062891291454e-05, "Neutral": 0.001123400405049324, "Mixed": 0.00023545697331428528}, "keywords": [["community", "campus", "incredible", "university", "time"]], "positive_keywords": [["community", "campus", "incredible", "university", "time"]], "negative_keywords": []}, {"text": "not what i expected university could really improve its student services", "sentiment": "NEGATIVE", "sentiment_score": {"Positive": 0.002219774993136525, "Negative": 0.9755644798278809, "Neutral": 0.015244387090206146, "Mixed": 0.006971326656639576}, "keywords": [["services", "student", "improve", "really", "university"]], "positive_keywords": [], "negative_keywords": [["services", "student", "improve", "really", "university"]]}]