[{"text": "great sprawling campus visited the thompson conference center for a graduation ceremony the venue is located close to the lbj presidential library there are various pictures of famous people hanging in the hallway the floor looks like its made of marble or white quartz super fancy looking the grounds outside look pristine", "sentiment": "POSITIVE", "sentiment_score": {"Positive": 0.7705374956130981, "Negative": 0.013956290669739246, "Neutral": 0.2153291553258896, "Mixed": 0.00017710693646222353}, "keywords": [["pristine", "look", "outside", "grounds", "looking"]], "positive_keywords": [["pristine", "look", "outside", "grounds", "looking"]], "negative_keywords": []}, {"text": "even far better than anyone could have ever imagined it would be just a real dream come truetrew longhorn country  nation here indeed indeed immaculate and blows texasam harvard stanford yale mit alabama ou  all the rest hands down without question god bless texas", "sentiment": "POSITIVE", "sentiment_score": {"Positive": 0.9641121625900269, "Negative": 0.002265473362058401, "Neutral": 0.03224528953433037, "Mixed": 0.0013770011719316244}, "keywords": [["texas", "bless", "god", "question", "hands"]], "positive_keywords": [["texas", "bless", "god", "question", "hands"]], "negative_keywords": []}, {"text": "the university of texas at austin\u00a0also known as\u00a0texas\u00a0ut austin or\u00a0ut\u00a0is a\u00a0publicresearch university\u00a0and\u00a0flagship institution\u00a0of the\u00a0university of texas system founded in  its campus is located in\u00a0austin texas\u00a0united states approximately one mile \u00a0km from the\u00a0texas state capitol ut austin was inducted into the\u00a0association of american universities\u00a0in  becoming only the third university in the\u00a0american south\u00a0to be elected the institution has the nations\u00a0eighthlargest singlecampus enrollment with over  undergraduate and graduate students and over  faculty and staff", "sentiment": "NEUTRAL", "sentiment_score": {"Positive": 0.0006690313457511365, "Negative": 0.0002835097548086196, "Neutral": 0.9990442395210266, "Mixed": 3.227719616916147e-06}, "keywords": [["staff", "faculty", "students", "graduate", "undergraduate"]], "positive_keywords": [], "negative_keywords": []}, {"text": "extremely clean and organized very good location in the downtown they are hosting the best entertainment events unfortunately the parking near by is very expensive stair ting at   fyi", "sentiment": "MIXED", "sentiment_score": {"Positive": 0.029508337378501892, "Negative": 0.0010763524333015084, "Neutral": 0.0007867660606279969, "Mixed": 0.9686285257339478}, "keywords": [["fyi", "ting", "stair", "expensive", "near"]], "positive_keywords": [], "negative_keywords": []}, {"text": "scenic walkable campus oozes charm history and fierce school spirit\n\nhighlights include the tower or main building the darrell k royal football stadium guadalupe streets hipish drag and not least of all one of americas most naturally attractive student bodies\n\nnow if they could just hookemthose academics ", "sentiment": "NEUTRAL", "sentiment_score": {"Positive": 0.320883572101593, "Negative": 0.0009892330272123218, "Neutral": 0.6778525114059448, "Mixed": 0.00027463355218060315}, "keywords": [["academics", "hookemthose", "just", "bodies", "student"]], "positive_keywords": [], "negative_keywords": []}, {"text": "had higher expectations from university the curriculum needs a serious update", "sentiment": "NEGATIVE", "sentiment_score": {"Positive": 0.03928213194012642, "Negative": 0.6937776803970337, "Neutral": 0.23473480343818665, "Mixed": 0.03220541775226593}, "keywords": [["update", "needs", "curriculum", "university", "expectations"]], "positive_keywords": [], "negative_keywords": [["update", "needs", "curriculum", "university", "expectations"]]}, {"text": "not what i expected university could really improve its student services", "sentiment": "NEGATIVE", "sentiment_score": {"Positive": 0.002219774993136525, "Negative": 0.9755644798278809, "Neutral": 0.015244387090206146, "Mixed": 0.006971326656639576}, "keywords": [["services", "student", "improve", "really", "university"]], "positive_keywords": [], "negative_keywords": [["services", "student", "improve", "really", "university"]]}, {"text": "my time at university was decent good in some aspects but could be better in others", "sentiment": "MIXED", "sentiment_score": {"Positive": 0.010245845653116703, "Negative": 0.01066859345883131, "Neutral": 0.006733235437422991, "Mixed": 0.9723523259162903}, "keywords": [["better", "aspects", "good", "decent", "university"]], "positive_keywords": [], "negative_keywords": []}, {"text": "had higher expectations from university the curriculum needs a serious update", "sentiment": "NEGATIVE", "sentiment_score": {"Positive": 0.03928213194012642, "Negative": 0.6937776803970337, "Neutral": 0.23473480343818665, "Mixed": 0.03220541775226593}, "keywords": [["update", "needs", "curriculum", "university", "expectations"]], "positive_keywords": [], "negative_keywords": [["update", "needs", "curriculum", "university", "expectations"]]}, {"text": "had higher expectations from university the curriculum needs a serious update", "sentiment": "NEGATIVE", "sentiment_score": {"Positive": 0.03928213194012642, "Negative": 0.6937776803970337, "Neutral": 0.23473480343818665, "Mixed": 0.03220541775226593}, "keywords": [["update", "needs", "curriculum", "university", "expectations"]], "positive_keywords": [], "negative_keywords": [["update", "needs", "curriculum", "university", "expectations"]]}, {"text": "my time at university was decent good in some aspects but could be better in others", "sentiment": "MIXED", "sentiment_score": {"Positive": 0.010245845653116703, "Negative": 0.01066859345883131, "Neutral": 0.006733235437422991, "Mixed": 0.9723523259162903}, "keywords": [["better", "aspects", "good", "decent", "university"]], "positive_keywords": [], "negative_keywords": []}, {"text": "its a good university but i think university has room for improvement", "sentiment": "MIXED", "sentiment_score": {"Positive": 0.09079279005527496, "Negative": 0.0044769770465791225, "Neutral": 0.02031625062227249, "Mixed": 0.8844140768051147}, "keywords": [["improvement", "room", "think", "university", "good"]], "positive_keywords": [], "negative_keywords": []}, {"text": "average experience at university nothing particularly outstanding", "sentiment": "NEGATIVE", "sentiment_score": {"Positive": 0.00849381648004055, "Negative": 0.6501188278198242, "Neutral": 0.04405200108885765, "Mixed": 0.29733535647392273}, "keywords": [["outstanding", "particularly", "university", "experience", "average"]], "positive_keywords": [], "negative_keywords": [["outstanding", "particularly", "university", "experience", "average"]]}, {"text": "my time at university was decent good in some aspects but could be better in others", "sentiment": "MIXED", "sentiment_score": {"Positive": 0.010245845653116703, "Negative": 0.01066859345883131, "Neutral": 0.006733235437422991, "Mixed": 0.9723523259162903}, "keywords": [["better", "aspects", "good", "decent", "university"]], "positive_keywords": [], "negative_keywords": []}, {"text": "my time at university was decent good in some aspects but could be better in others", "sentiment": "MIXED", "sentiment_score": {"Positive": 0.010245845653116703, "Negative": 0.01066859345883131, "Neutral": 0.006733235437422991, "Mixed": 0.9723523259162903}, "keywords": [["better", "aspects", "good", "decent", "university"]], "positive_keywords": [], "negative_keywords": []}]