[{"text": "the campus really has a certain vibe to it strolling along while taking all the excellence in is quite the inspiring experience if you happen to be around take the detour eruditio et religio await", "sentiment": "POSITIVE", "sentiment_score": {"Positive": 0.926752507686615, "Negative": 0.0021618837490677834, "Neutral": 0.06954167783260345, "Mixed": 0.0015438215341418982}, "keywords": [["await", "religio", "et", "eruditio", "detour"]], "positive_keywords": [["await", "religio", "et", "eruditio", "detour"]], "negative_keywords": []}, {"text": "this one is for riley jenkins last name unknown\n\nand once again\nthe setting sun\nonce again i am sated\n\nthe humanist said love him for who he is and do not hate him for the words of others\n\nbetter than water\nmore pleasant than songs\nthe most pleasant thoughts ive ever had\nalone\nin the setting sun\n\nsuch sweetness doesnt air the skies\nnor such honor please the minds\nfor tasks are simple\nand others dont wish\nexcept for the pleasure\nof these words that mist\n\nwatching the grass grow\nmajicks of memory\nplaying on the back of my lids\nhumming human breaths\n\nbirds singing time passing by\nno sweeter melody\nthan the air in the sky\n\nso much fear for my mistakes\nthat i have opened up from me\nfortified by the joy\nof the humanists memory\nknowing id endure\ni promised never to aim my mind at myself\n\nnot at once but soon after\nsuch joy to her memory\n\nah better than water\nmore pleasant than songs\nthe most pleasant thoughts ive ever known\nunder the evening sun\n\nits beginning to chill\nand time for a walk\nthoughts of only the humanist\ni suppose\n\nwhen i was alone you appeared\nwhen i was lost you showed me the way\nwhen it was dark you glowed like light\nwhen i was weak you showed me strength\nwhen i was crying you brought laughter\nwhile i was hopeless you offered wonder", "sentiment": "POSITIVE", "sentiment_score": {"Positive": 0.8397718071937561, "Negative": 0.02081935666501522, "Neutral": 0.08122288435697556, "Mixed": 0.05818600207567215}, "keywords": [["wonder", "offered", "hopeless", "laughter", "brought"]], "positive_keywords": [["wonder", "offered", "hopeless", "laughter", "brought"]], "negative_keywords": []}, {"text": "beautiful campus  it was like being in a movie lol", "sentiment": "POSITIVE", "sentiment_score": {"Positive": 0.9302095174789429, "Negative": 0.004143693950027227, "Neutral": 0.04787447303533554, "Mixed": 0.017772329971194267}, "keywords": [["lol", "movie", "like", "campus", "beautiful"]], "positive_keywords": [["lol", "movie", "like", "campus", "beautiful"]], "negative_keywords": []}, {"text": "duke administration supports dr l conger and his stance behind not caring for duke emergency room patients who dont look ill please be advised seek other help no nurses or doctors mask just reinfecting the entire community youll get a plate full of zero help and leave sicker better off going to wakemed", "sentiment": "MIXED", "sentiment_score": {"Positive": 0.018929243087768555, "Negative": 0.2574308514595032, "Neutral": 0.0730036199092865, "Mixed": 0.6506363153457642}, "keywords": [["wakemed", "going", "better", "sicker", "leave"]], "positive_keywords": [], "negative_keywords": []}, {"text": "awesome campus will definitely apply here", "sentiment": "POSITIVE", "sentiment_score": {"Positive": 0.9148461818695068, "Negative": 0.00032838096376508474, "Neutral": 0.08438855409622192, "Mixed": 0.00043684549746103585}, "keywords": [["apply", "definitely", "campus", "awesome"]], "positive_keywords": [["apply", "definitely", "campus", "awesome"]], "negative_keywords": []}, {"text": "average experience at university nothing particularly outstanding", "sentiment": "NEGATIVE", "sentiment_score": {"Positive": 0.00849381648004055, "Negative": 0.6501188278198242, "Neutral": 0.04405200108885765, "Mixed": 0.29733535647392273}, "keywords": [["outstanding", "particularly", "university", "experience", "average"]], "positive_keywords": [], "negative_keywords": [["outstanding", "particularly", "university", "experience", "average"]]}, {"text": "the best years of my life were spent at university highly recommend it", "sentiment": "POSITIVE", "sentiment_score": {"Positive": 0.9983893632888794, "Negative": 0.00029790453845635056, "Neutral": 0.0012738844379782677, "Mixed": 3.883827230310999e-05}, "keywords": [["recommend", "highly", "university", "spent", "life"]], "positive_keywords": [["recommend", "highly", "university", "spent", "life"]], "negative_keywords": []}, {"text": "the best years of my life were spent at university highly recommend it", "sentiment": "POSITIVE", "sentiment_score": {"Positive": 0.9983893632888794, "Negative": 0.00029790453845635056, "Neutral": 0.0012738844379782677, "Mixed": 3.883827230310999e-05}, "keywords": [["recommend", "highly", "university", "spent", "life"]], "positive_keywords": [["recommend", "highly", "university", "spent", "life"]], "negative_keywords": []}, {"text": "my time at university was decent good in some aspects but could be better in others", "sentiment": "MIXED", "sentiment_score": {"Positive": 0.010245845653116703, "Negative": 0.01066859345883131, "Neutral": 0.006733235437422991, "Mixed": 0.9723523259162903}, "keywords": [["better", "aspects", "good", "decent", "university"]], "positive_keywords": [], "negative_keywords": []}, {"text": "had higher expectations from university the curriculum needs a serious update", "sentiment": "NEGATIVE", "sentiment_score": {"Positive": 0.03928213194012642, "Negative": 0.6937776803970337, "Neutral": 0.23473480343818665, "Mixed": 0.03220541775226593}, "keywords": [["update", "needs", "curriculum", "university", "expectations"]], "positive_keywords": [], "negative_keywords": [["update", "needs", "curriculum", "university", "expectations"]]}, {"text": "not what i expected university could really improve its student services", "sentiment": "NEGATIVE", "sentiment_score": {"Positive": 0.002219774993136525, "Negative": 0.9755644798278809, "Neutral": 0.015244387090206146, "Mixed": 0.006971326656639576}, "keywords": [["services", "student", "improve", "really", "university"]], "positive_keywords": [], "negative_keywords": [["services", "student", "improve", "really", "university"]]}, {"text": "absolutely loved my time here university has an incredible campus and community", "sentiment": "POSITIVE", "sentiment_score": {"Positive": 0.9985748529434204, "Negative": 6.635062891291454e-05, "Neutral": 0.001123400405049324, "Mixed": 0.00023545697331428528}, "keywords": [["community", "campus", "incredible", "university", "time"]], "positive_keywords": [["community", "campus", "incredible", "university", "time"]], "negative_keywords": []}, {"text": "not what i expected university could really improve its student services", "sentiment": "NEGATIVE", "sentiment_score": {"Positive": 0.002219774993136525, "Negative": 0.9755644798278809, "Neutral": 0.015244387090206146, "Mixed": 0.006971326656639576}, "keywords": [["services", "student", "improve", "really", "university"]], "positive_keywords": [], "negative_keywords": [["services", "student", "improve", "really", "university"]]}, {"text": "average experience at university nothing particularly outstanding", "sentiment": "NEGATIVE", "sentiment_score": {"Positive": 0.00849381648004055, "Negative": 0.6501188278198242, "Neutral": 0.04405200108885765, "Mixed": 0.29733535647392273}, "keywords": [["outstanding", "particularly", "university", "experience", "average"]], "positive_keywords": [], "negative_keywords": [["outstanding", "particularly", "university", "experience", "average"]]}, {"text": "my time at university was decent good in some aspects but could be better in others", "sentiment": "MIXED", "sentiment_score": {"Positive": 0.010245845653116703, "Negative": 0.01066859345883131, "Neutral": 0.006733235437422991, "Mixed": 0.9723523259162903}, "keywords": [["better", "aspects", "good", "decent", "university"]], "positive_keywords": [], "negative_keywords": []}]