[{"text": "i love uw madison every is so good here affordable tuition and living expenses rich resources for free convenient living located in an urban with everything essential but is away from the noisy metropolis all courses are of great quality and the instructors really want to teach you something people no matter native or not are all friendly its like a big family its a so underrated university miss my time there", "sentiment": "POSITIVE", "sentiment_score": {"Positive": 0.6679837703704834, "Negative": 0.012331375852227211, "Neutral": 0.03219875693321228, "Mixed": 0.28748610615730286}, "keywords": [["time", "miss", "university", "underrated", "family"]], "positive_keywords": [["time", "miss", "university", "underrated", "family"]], "negative_keywords": []}, {"text": "beautiful campus with magnificent lake views adjacent along one side  there is a visitor center near the quad and the union terrace is a must see  enjoy a hot coffee while taking in beautiful views of the lake  state street which runs from the campus up to the capitol building is also bustling with all sorts of interesting little bistros and student shops", "sentiment": "POSITIVE", "sentiment_score": {"Positive": 0.9764869809150696, "Negative": 0.0002679344033822417, "Neutral": 0.023150499910116196, "Mixed": 9.450499783270061e-05}, "keywords": [["shops", "student", "bistros", "little", "interesting"]], "positive_keywords": [["shops", "student", "bistros", "little", "interesting"]], "negative_keywords": []}, {"text": "one of the great land grant universities  buckle up and learn stuff  if at some point you are not confused frustrated or having your feelings hurt you are not getting your moneys worth but you will for sure come out the other end stronger more mature more knowledgeable more rational more sensative and better able to discern truth and to wade through the viscicitudes of life", "sentiment": "MIXED", "sentiment_score": {"Positive": 0.22867989540100098, "Negative": 0.021265802904963493, "Neutral": 0.08710096776485443, "Mixed": 0.6629533171653748}, "keywords": [["life", "viscicitudes", "wade", "truth", "discern"]], "positive_keywords": [], "negative_keywords": []}, {"text": "this college is so neat the campus is so pretty along the lake with all sorts of activities theres so many cool building and academic centers for students like me to research topics i only toured it for  min but it has wonderful nature and lots of resources in the capitol madison", "sentiment": "POSITIVE", "sentiment_score": {"Positive": 0.995848536491394, "Negative": 0.00012631359277293086, "Neutral": 0.0025139751378446817, "Mixed": 0.0015112013788893819}, "keywords": [["madison", "capitol", "resources", "lots", "nature"]], "positive_keywords": [["madison", "capitol", "resources", "lots", "nature"]], "negative_keywords": []}, {"text": "wisconsin football coach fickel tell him to quit playing with his pickle because when you lose to  and  team indiana hoosies you need to get fired as a football coach he is a poor excuse of a foot bc all coach", "sentiment": "NEGATIVE", "sentiment_score": {"Positive": 0.0013670145999640226, "Negative": 0.7499868869781494, "Neutral": 0.2365548014640808, "Mixed": 0.012091269716620445}, "keywords": [["bc", "foot", "excuse", "poor", "fired"]], "positive_keywords": [], "negative_keywords": [["bc", "foot", "excuse", "poor", "fired"]]}, {"text": "not what i expected university could really improve its student services", "sentiment": "NEGATIVE", "sentiment_score": {"Positive": 0.002219774993136525, "Negative": 0.9755644798278809, "Neutral": 0.015244387090206146, "Mixed": 0.006971326656639576}, "keywords": [["services", "student", "improve", "really", "university"]], "positive_keywords": [], "negative_keywords": [["services", "student", "improve", "really", "university"]]}, {"text": "had higher expectations from university the curriculum needs a serious update", "sentiment": "NEGATIVE", "sentiment_score": {"Positive": 0.03928213194012642, "Negative": 0.6937776803970337, "Neutral": 0.23473480343818665, "Mixed": 0.03220541775226593}, "keywords": [["update", "needs", "curriculum", "university", "expectations"]], "positive_keywords": [], "negative_keywords": [["update", "needs", "curriculum", "university", "expectations"]]}, {"text": "had higher expectations from university the curriculum needs a serious update", "sentiment": "NEGATIVE", "sentiment_score": {"Positive": 0.03928213194012642, "Negative": 0.6937776803970337, "Neutral": 0.23473480343818665, "Mixed": 0.03220541775226593}, "keywords": [["update", "needs", "curriculum", "university", "expectations"]], "positive_keywords": [], "negative_keywords": [["update", "needs", "curriculum", "university", "expectations"]]}, {"text": "i had an amazing experience at university the faculty and facilities are topnotch", "sentiment": "POSITIVE", "sentiment_score": {"Positive": 0.9932656288146973, "Negative": 0.00032129944884218276, "Neutral": 0.0041029369458556175, "Mixed": 0.0023101065307855606}, "keywords": [["topnotch", "facilities", "faculty", "university", "experience"]], "positive_keywords": [["topnotch", "facilities", "faculty", "university", "experience"]], "negative_keywords": []}, {"text": "its a good university but i think university has room for improvement", "sentiment": "MIXED", "sentiment_score": {"Positive": 0.09079279005527496, "Negative": 0.0044769770465791225, "Neutral": 0.02031625062227249, "Mixed": 0.8844140768051147}, "keywords": [["improvement", "room", "think", "university", "good"]], "positive_keywords": [], "negative_keywords": []}, {"text": "not what i expected university could really improve its student services", "sentiment": "NEGATIVE", "sentiment_score": {"Positive": 0.002219774993136525, "Negative": 0.9755644798278809, "Neutral": 0.015244387090206146, "Mixed": 0.006971326656639576}, "keywords": [["services", "student", "improve", "really", "university"]], "positive_keywords": [], "negative_keywords": [["services", "student", "improve", "really", "university"]]}, {"text": "not what i expected university could really improve its student services", "sentiment": "NEGATIVE", "sentiment_score": {"Positive": 0.002219774993136525, "Negative": 0.9755644798278809, "Neutral": 0.015244387090206146, "Mixed": 0.006971326656639576}, "keywords": [["services", "student", "improve", "really", "university"]], "positive_keywords": [], "negative_keywords": [["services", "student", "improve", "really", "university"]]}, {"text": "i was disappointed with my experience at university the resources were lacking", "sentiment": "NEGATIVE", "sentiment_score": {"Positive": 0.0002522050344850868, "Negative": 0.999014139175415, "Neutral": 0.0005387758137658238, "Mixed": 0.00019480571791063994}, "keywords": [["lacking", "resources", "university", "experience", "disappointed"]], "positive_keywords": [], "negative_keywords": [["lacking", "resources", "university", "experience", "disappointed"]]}, {"text": "its a good university but i think university has room for improvement", "sentiment": "MIXED", "sentiment_score": {"Positive": 0.09079279005527496, "Negative": 0.0044769770465791225, "Neutral": 0.02031625062227249, "Mixed": 0.8844140768051147}, "keywords": [["improvement", "room", "think", "university", "good"]], "positive_keywords": [], "negative_keywords": []}, {"text": "its a good university but i think university has room for improvement", "sentiment": "MIXED", "sentiment_score": {"Positive": 0.09079279005527496, "Negative": 0.0044769770465791225, "Neutral": 0.02031625062227249, "Mixed": 0.8844140768051147}, "keywords": [["improvement", "room", "think", "university", "good"]], "positive_keywords": [], "negative_keywords": []}]