[{"text": "so proud to be a student in this charming university tu delft is the oldest and largest dutch public technical university located in lovely delft it was founded on jan th  and original name of royal academy for the education of civilian engineers but then became a polytechnic school\ntu delft has developed over the years into a renowned institution for academic research and education in engineering technology and applied sciences the university has a rich history of groundbreaking innovations and contributions to many different fields tu delft has made a substantial contribution to the technical landscape both in the nl and globally", "sentiment": "POSITIVE", "sentiment_score": {"Positive": 0.5493002533912659, "Negative": 0.0002962925937026739, "Neutral": 0.45029935240745544, "Mixed": 0.00010409262904431671}, "keywords": [["globally", "nl", "landscape", "contribution", "substantial"]], "positive_keywords": [["globally", "nl", "landscape", "contribution", "substantial"]], "negative_keywords": []}, {"text": "i spend  days at this university in a workshop on the urban management department actually it is a dream the university is very well equipped with laboratories machines and other equipment the staff is very nice and over qualified you can feel science in every corner only problem was that coffee bars are to be used with cards only and this was a little problem three are a number of food trucks within the campus with vegan food", "sentiment": "MIXED", "sentiment_score": {"Positive": 0.031080976128578186, "Negative": 0.004166049882769585, "Neutral": 0.0027887660544365644, "Mixed": 0.9619642496109009}, "keywords": [["vegan", "campus", "trucks", "food", "number"]], "positive_keywords": [], "negative_keywords": []}, {"text": "a beautiful campus i didnt get to go inside however i enjoyed seeing the outside of it i would recommend coming here to any tourists as it located in an especially beautiful area of town there are also ducks in the stream nearby", "sentiment": "POSITIVE", "sentiment_score": {"Positive": 0.8957134485244751, "Negative": 0.0006762176053598523, "Neutral": 0.010909566655755043, "Mixed": 0.0927007719874382}, "keywords": [["nearby", "stream", "ducks", "town", "area"]], "positive_keywords": [["nearby", "stream", "ducks", "town", "area"]], "negative_keywords": []}, {"text": "i went there as a visitor and i ended up mouth open with the wonders everything there was at its perfection the buildings the facilities the library the environment and its fabulous environment visited every section of the university and i was really delighted about this place you can feel that there are so much science hanging there the students studying intensely make you have a good feel about future if you u go to delft visit this place absolutely astonishing", "sentiment": "POSITIVE", "sentiment_score": {"Positive": 0.9991598129272461, "Negative": 8.709308895049617e-05, "Neutral": 0.0006758728413842618, "Mixed": 7.725768955424428e-05}, "keywords": [["astonishing", "absolutely", "visit", "delft", "future"]], "positive_keywords": [["astonishing", "absolutely", "visit", "delft", "future"]], "negative_keywords": []}, {"text": "its quite good all modern buildings with nice plantation good for a walk pr jog with your close ones weather now august  is perfect", "sentiment": "POSITIVE", "sentiment_score": {"Positive": 0.9914924502372742, "Negative": 0.0003050279919989407, "Neutral": 0.006704334169626236, "Mixed": 0.0014981799758970737}, "keywords": [["perfect", "august", "weather", "ones", "close"]], "positive_keywords": [["perfect", "august", "weather", "ones", "close"]], "negative_keywords": []}, {"text": "absolutely loved my time here university has an incredible campus and community", "sentiment": "POSITIVE", "sentiment_score": {"Positive": 0.9985748529434204, "Negative": 6.635062891291454e-05, "Neutral": 0.001123400405049324, "Mixed": 0.00023545697331428528}, "keywords": [["community", "campus", "incredible", "university", "time"]], "positive_keywords": [["community", "campus", "incredible", "university", "time"]], "negative_keywords": []}, {"text": "i had an amazing experience at university the faculty and facilities are topnotch", "sentiment": "POSITIVE", "sentiment_score": {"Positive": 0.9932656288146973, "Negative": 0.00032129944884218276, "Neutral": 0.0041029369458556175, "Mixed": 0.0023101065307855606}, "keywords": [["topnotch", "facilities", "faculty", "university", "experience"]], "positive_keywords": [["topnotch", "facilities", "faculty", "university", "experience"]], "negative_keywords": []}, {"text": "the best years of my life were spent at university highly recommend it", "sentiment": "POSITIVE", "sentiment_score": {"Positive": 0.9983893632888794, "Negative": 0.00029790453845635056, "Neutral": 0.0012738844379782677, "Mixed": 3.883827230310999e-05}, "keywords": [["recommend", "highly", "university", "spent", "life"]], "positive_keywords": [["recommend", "highly", "university", "spent", "life"]], "negative_keywords": []}, {"text": "my time at university was decent good in some aspects but could be better in others", "sentiment": "MIXED", "sentiment_score": {"Positive": 0.010245845653116703, "Negative": 0.01066859345883131, "Neutral": 0.006733235437422991, "Mixed": 0.9723523259162903}, "keywords": [["better", "aspects", "good", "decent", "university"]], "positive_keywords": [], "negative_keywords": []}, {"text": "the best years of my life were spent at university highly recommend it", "sentiment": "POSITIVE", "sentiment_score": {"Positive": 0.9983893632888794, "Negative": 0.00029790453845635056, "Neutral": 0.0012738844379782677, "Mixed": 3.883827230310999e-05}, "keywords": [["recommend", "highly", "university", "spent", "life"]], "positive_keywords": [["recommend", "highly", "university", "spent", "life"]], "negative_keywords": []}, {"text": "not what i expected university could really improve its student services", "sentiment": "NEGATIVE", "sentiment_score": {"Positive": 0.002219774993136525, "Negative": 0.9755644798278809, "Neutral": 0.015244387090206146, "Mixed": 0.006971326656639576}, "keywords": [["services", "student", "improve", "really", "university"]], "positive_keywords": [], "negative_keywords": [["services", "student", "improve", "really", "university"]]}, {"text": "the best years of my life were spent at university highly recommend it", "sentiment": "POSITIVE", "sentiment_score": {"Positive": 0.9983893632888794, "Negative": 0.00029790453845635056, "Neutral": 0.0012738844379782677, "Mixed": 3.883827230310999e-05}, "keywords": [["recommend", "highly", "university", "spent", "life"]], "positive_keywords": [["recommend", "highly", "university", "spent", "life"]], "negative_keywords": []}, {"text": "its a good university but i think university has room for improvement", "sentiment": "MIXED", "sentiment_score": {"Positive": 0.09079279005527496, "Negative": 0.0044769770465791225, "Neutral": 0.02031625062227249, "Mixed": 0.8844140768051147}, "keywords": [["improvement", "room", "think", "university", "good"]], "positive_keywords": [], "negative_keywords": []}, {"text": "had higher expectations from university the curriculum needs a serious update", "sentiment": "NEGATIVE", "sentiment_score": {"Positive": 0.03928213194012642, "Negative": 0.6937776803970337, "Neutral": 0.23473480343818665, "Mixed": 0.03220541775226593}, "keywords": [["update", "needs", "curriculum", "university", "expectations"]], "positive_keywords": [], "negative_keywords": [["update", "needs", "curriculum", "university", "expectations"]]}, {"text": "average experience at university nothing particularly outstanding", "sentiment": "NEGATIVE", "sentiment_score": {"Positive": 0.00849381648004055, "Negative": 0.6501188278198242, "Neutral": 0.04405200108885765, "Mixed": 0.29733535647392273}, "keywords": [["outstanding", "particularly", "university", "experience", "average"]], "positive_keywords": [], "negative_keywords": [["outstanding", "particularly", "university", "experience", "average"]]}]