[{"text": "good university and an awesome place to apply if you want to go far in life and change the world", "sentiment": "POSITIVE", "sentiment_score": {"Positive": 0.9256047010421753, "Negative": 0.0010031521087512374, "Neutral": 0.06833390891551971, "Mixed": 0.005058268550783396}, "keywords": [["world", "change", "life", "far", "want"]], "positive_keywords": [["world", "change", "life", "far", "want"]], "negative_keywords": []}, {"text": "great university and many places to stop over and walk around", "sentiment": "POSITIVE", "sentiment_score": {"Positive": 0.9578146934509277, "Negative": 0.004868024028837681, "Neutral": 0.035026665776968, "Mixed": 0.0022906383965164423}, "keywords": [["walk", "stop", "places", "university", "great"]], "positive_keywords": [["walk", "stop", "places", "university", "great"]], "negative_keywords": []}, {"text": "i was in uiuc to see off my nephew\nthe university campus is humongous \nthe college buildings are awesome  transport system within the university is greatsometimes it takes a long time there are dedicated bike lanes and accessibility access almost all places\nthey boast the biggest engineering library \nthe orientation program was good and informative people seem efficient and i am sure teaching staff is also great\nthere are quite a few frat houses and student quarters around the university\nthe restaurant selection is great and the university also has multiple on campus food court and surprisingly have a lot of good vegetarian options as well\nstudents who really want to learn well can do wonders great place to study and enjoy", "sentiment": "POSITIVE", "sentiment_score": {"Positive": 0.9629274606704712, "Negative": 0.002238404704257846, "Neutral": 0.03208792954683304, "Mixed": 0.0027461887802928686}, "keywords": [["enjoy", "study", "place", "wonders", "learn"]], "positive_keywords": [["enjoy", "study", "place", "wonders", "learn"]], "negative_keywords": []}, {"text": "great game nice staff good teamwork good customer service ", "sentiment": "POSITIVE", "sentiment_score": {"Positive": 0.999257504940033, "Negative": 2.1274443497532047e-05, "Neutral": 0.0004897127510048449, "Mixed": 0.00023140180564951152}, "keywords": [["service", "customer", "teamwork", "good", "staff"]], "positive_keywords": [["service", "customer", "teamwork", "good", "staff"]], "negative_keywords": []}, {"text": "i recently had the misfortune of attending the university of illinois at urbanachampaign uiuc and my experience can only be described as a complete disaster from the moment i set foot on campus i couldnt help but feel overwhelmed by the multitude of issues that plagued this institution\n\nlets start with the roads  an absolute nightmare navigating the poorlymaintained potholeridden streets around campus was like participating in an extreme offroad rally its astonishing that a university of this supposed caliber cant manage to keep its basic infrastructure intact i spent more time dodging craters than actually getting to my classes\n\nnext on the list of grievances is the food  or lack thereof the culinary offerings at uiuc were nothing short of appalling the dining halls served up a concoction of tasteless unidentifiable mush that left me questioning whether i had mistakenly wandered into a culinary wasteland its astounding that a university cant provide its students with even halfway decent sustenance\n\nand then theres the student body  a collective of seemingly perpetual partygoers the atmosphere was saturated with an overwhelming stench of alcohol and it seemed like the entire student population was in a perpetual state of inebriation if youre looking for a serious academic environment look elsewhere because uiuc is more concerned with its reputation as a party school than fostering a conducive learning atmosphere\n\nattending uiuc was a regrettable decision the deplorable state of the roads the abysmal food the unbearable weather and the pervasive culture of excessive drinking all contributed to an experience that i wouldnt wish upon my worst enemy save yourself the trouble and consider other educational institutions that prioritize quality over the myriad shortcomings that define the university of illinois at urbanachampaign\n\nin short go to asu and enjoy the nice weather at least", "sentiment": "NEGATIVE", "sentiment_score": {"Positive": 0.04268063232302666, "Negative": 0.8433713912963867, "Neutral": 0.0527246855199337, "Mixed": 0.06122327595949173}, "keywords": [["nice", "enjoy", "asu", "define", "shortcomings"]], "positive_keywords": [], "negative_keywords": [["nice", "enjoy", "asu", "define", "shortcomings"]]}, {"text": "absolutely loved my time here university has an incredible campus and community", "sentiment": "POSITIVE", "sentiment_score": {"Positive": 0.9985748529434204, "Negative": 6.635062891291454e-05, "Neutral": 0.001123400405049324, "Mixed": 0.00023545697331428528}, "keywords": [["community", "campus", "incredible", "university", "time"]], "positive_keywords": [["community", "campus", "incredible", "university", "time"]], "negative_keywords": []}, {"text": "average experience at university nothing particularly outstanding", "sentiment": "NEGATIVE", "sentiment_score": {"Positive": 0.00849381648004055, "Negative": 0.6501188278198242, "Neutral": 0.04405200108885765, "Mixed": 0.29733535647392273}, "keywords": [["outstanding", "particularly", "university", "experience", "average"]], "positive_keywords": [], "negative_keywords": [["outstanding", "particularly", "university", "experience", "average"]]}, {"text": "the best years of my life were spent at university highly recommend it", "sentiment": "POSITIVE", "sentiment_score": {"Positive": 0.9983893632888794, "Negative": 0.00029790453845635056, "Neutral": 0.0012738844379782677, "Mixed": 3.883827230310999e-05}, "keywords": [["recommend", "highly", "university", "spent", "life"]], "positive_keywords": [["recommend", "highly", "university", "spent", "life"]], "negative_keywords": []}, {"text": "average experience at university nothing particularly outstanding", "sentiment": "NEGATIVE", "sentiment_score": {"Positive": 0.00849381648004055, "Negative": 0.6501188278198242, "Neutral": 0.04405200108885765, "Mixed": 0.29733535647392273}, "keywords": [["outstanding", "particularly", "university", "experience", "average"]], "positive_keywords": [], "negative_keywords": [["outstanding", "particularly", "university", "experience", "average"]]}, {"text": "absolutely loved my time here university has an incredible campus and community", "sentiment": "POSITIVE", "sentiment_score": {"Positive": 0.9985748529434204, "Negative": 6.635062891291454e-05, "Neutral": 0.001123400405049324, "Mixed": 0.00023545697331428528}, "keywords": [["community", "campus", "incredible", "university", "time"]], "positive_keywords": [["community", "campus", "incredible", "university", "time"]], "negative_keywords": []}, {"text": "the best years of my life were spent at university highly recommend it", "sentiment": "POSITIVE", "sentiment_score": {"Positive": 0.9983893632888794, "Negative": 0.00029790453845635056, "Neutral": 0.0012738844379782677, "Mixed": 3.883827230310999e-05}, "keywords": [["recommend", "highly", "university", "spent", "life"]], "positive_keywords": [["recommend", "highly", "university", "spent", "life"]], "negative_keywords": []}, {"text": "average experience at university nothing particularly outstanding", "sentiment": "NEGATIVE", "sentiment_score": {"Positive": 0.00849381648004055, "Negative": 0.6501188278198242, "Neutral": 0.04405200108885765, "Mixed": 0.29733535647392273}, "keywords": [["outstanding", "particularly", "university", "experience", "average"]], "positive_keywords": [], "negative_keywords": [["outstanding", "particularly", "university", "experience", "average"]]}, {"text": "i had an amazing experience at university the faculty and facilities are topnotch", "sentiment": "POSITIVE", "sentiment_score": {"Positive": 0.9932656288146973, "Negative": 0.00032129944884218276, "Neutral": 0.0041029369458556175, "Mixed": 0.0023101065307855606}, "keywords": [["topnotch", "facilities", "faculty", "university", "experience"]], "positive_keywords": [["topnotch", "facilities", "faculty", "university", "experience"]], "negative_keywords": []}, {"text": "not what i expected university could really improve its student services", "sentiment": "NEGATIVE", "sentiment_score": {"Positive": 0.002219774993136525, "Negative": 0.9755644798278809, "Neutral": 0.015244387090206146, "Mixed": 0.006971326656639576}, "keywords": [["services", "student", "improve", "really", "university"]], "positive_keywords": [], "negative_keywords": [["services", "student", "improve", "really", "university"]]}, {"text": "absolutely loved my time here university has an incredible campus and community", "sentiment": "POSITIVE", "sentiment_score": {"Positive": 0.9985748529434204, "Negative": 6.635062891291454e-05, "Neutral": 0.001123400405049324, "Mixed": 0.00023545697331428528}, "keywords": [["community", "campus", "incredible", "university", "time"]], "positive_keywords": [["community", "campus", "incredible", "university", "time"]], "negative_keywords": []}]