[{"text": "one of my favorite aspects of columbia is its location in new york city the university is situated in the heart of manhattan surrounded by some of the best restaurants museums and cultural attractions in the world its the perfect place to experience the vibrancy of city life while also pursuing your academic goals\n\noverall i highly recommend columbia university to anyone who is seeking a topnotch education a supportive community and a vibrant city experience", "sentiment": "POSITIVE", "sentiment_score": {"Positive": 0.9845208525657654, "Negative": 5.1605395128717646e-05, "Neutral": 0.01539697777479887, "Mixed": 3.0514798709191382e-05}, "keywords": [["vibrant", "community", "supportive", "education", "topnotch"]], "positive_keywords": [["vibrant", "community", "supportive", "education", "topnotch"]], "negative_keywords": []}, {"text": "columbia university is an excellent institution that provides students with a topnotch education the professors are highly knowledgeable and passionate about their subjects and the curriculum is challenging and engaging the campus is beautiful and offers a wide range of resources and opportunities for students to get involved in research clubs and extracurricular activities overall columbia university is a fantastic choice for any student looking to receive a worldclass education and gain valuable experiences that will prepare them for success in their future careers", "sentiment": "POSITIVE", "sentiment_score": {"Positive": 0.9593366980552673, "Negative": 6.214141467353329e-05, "Neutral": 0.04052497819066048, "Mixed": 7.623999408679083e-05}, "keywords": [["careers", "future", "success", "prepare", "experiences"]], "positive_keywords": [["careers", "future", "success", "prepare", "experiences"]], "negative_keywords": []}, {"text": "columbia university is a stunning campus that is steeped in history and tradition from the moment you step onto its grounds you are struck by the beauty of the architecture and the natural surroundings the campus is sprawling with lush green spaces modern buildings and historic landmarks\n\nthe faculty are worldrenowned experts in their fields and the curriculum is challenging and thoughtprovoking the university also provides an abundance of extracurricular activities and resources including clubs sports teams and research programs\n\none of my favorite aspects of columbia is its location in new york city the university is situated in the heart of manhattan surrounded by some of the best restaurants museums and cultural attractions in the world its the perfect place to experience the vibrancy of city life while also pursuing your academic goals\n\noverall i highly recommend columbia university to anyone who is seeking a topnotch education a supportive community and a vibrant city experience", "sentiment": "POSITIVE", "sentiment_score": {"Positive": 0.8987852334976196, "Negative": 0.00014181440928950906, "Neutral": 0.10087373107671738, "Mixed": 0.00019917669123969972}, "keywords": [["vibrant", "community", "supportive", "education", "topnotch"]], "positive_keywords": [["vibrant", "community", "supportive", "education", "topnotch"]], "negative_keywords": []}, {"text": "working almost every day with the college  is a good experience since you get to meet students from all over the world  and interact with them  very nice kids well educated and good manner allways willing to help us in anything with need like open doors where we need a key with dont have  buy they know us  bravo nice environment   ", "sentiment": "POSITIVE", "sentiment_score": {"Positive": 0.9630692005157471, "Negative": 0.0004109370638616383, "Neutral": 0.03354993835091591, "Mixed": 0.0029699888546019793}, "keywords": [["environment", "bravo", "know", "buy", "dont"]], "positive_keywords": [["environment", "bravo", "know", "buy", "dont"]], "negative_keywords": []}, {"text": "this is the best school with great professors the beautiful campus and the art works all over the campus are must see", "sentiment": "POSITIVE", "sentiment_score": {"Positive": 0.9906703233718872, "Negative": 0.00023796057212166488, "Neutral": 0.00854740384966135, "Mixed": 0.0005443269037641585}, "keywords": [["works", "art", "campus", "beautiful", "professors"]], "positive_keywords": [["works", "art", "campus", "beautiful", "professors"]], "negative_keywords": []}, {"text": "i was disappointed with my experience at university the resources were lacking", "sentiment": "NEGATIVE", "sentiment_score": {"Positive": 0.0002522050344850868, "Negative": 0.999014139175415, "Neutral": 0.0005387758137658238, "Mixed": 0.00019480571791063994}, "keywords": [["lacking", "resources", "university", "experience", "disappointed"]], "positive_keywords": [], "negative_keywords": [["lacking", "resources", "university", "experience", "disappointed"]]}, {"text": "my time at university was decent good in some aspects but could be better in others", "sentiment": "MIXED", "sentiment_score": {"Positive": 0.010245845653116703, "Negative": 0.01066859345883131, "Neutral": 0.006733235437422991, "Mixed": 0.9723523259162903}, "keywords": [["better", "aspects", "good", "decent", "university"]], "positive_keywords": [], "negative_keywords": []}, {"text": "absolutely loved my time here university has an incredible campus and community", "sentiment": "POSITIVE", "sentiment_score": {"Positive": 0.9985748529434204, "Negative": 6.635062891291454e-05, "Neutral": 0.001123400405049324, "Mixed": 0.00023545697331428528}, "keywords": [["community", "campus", "incredible", "university", "time"]], "positive_keywords": [["community", "campus", "incredible", "university", "time"]], "negative_keywords": []}, {"text": "had higher expectations from university the curriculum needs a serious update", "sentiment": "NEGATIVE", "sentiment_score": {"Positive": 0.03928213194012642, "Negative": 0.6937776803970337, "Neutral": 0.23473480343818665, "Mixed": 0.03220541775226593}, "keywords": [["update", "needs", "curriculum", "university", "expectations"]], "positive_keywords": [], "negative_keywords": [["update", "needs", "curriculum", "university", "expectations"]]}, {"text": "its a good university but i think university has room for improvement", "sentiment": "MIXED", "sentiment_score": {"Positive": 0.09079279005527496, "Negative": 0.0044769770465791225, "Neutral": 0.02031625062227249, "Mixed": 0.8844140768051147}, "keywords": [["improvement", "room", "think", "university", "good"]], "positive_keywords": [], "negative_keywords": []}, {"text": "average experience at university nothing particularly outstanding", "sentiment": "NEGATIVE", "sentiment_score": {"Positive": 0.00849381648004055, "Negative": 0.6501188278198242, "Neutral": 0.04405200108885765, "Mixed": 0.29733535647392273}, "keywords": [["outstanding", "particularly", "university", "experience", "average"]], "positive_keywords": [], "negative_keywords": [["outstanding", "particularly", "university", "experience", "average"]]}, {"text": "i was disappointed with my experience at university the resources were lacking", "sentiment": "NEGATIVE", "sentiment_score": {"Positive": 0.0002522050344850868, "Negative": 0.999014139175415, "Neutral": 0.0005387758137658238, "Mixed": 0.00019480571791063994}, "keywords": [["lacking", "resources", "university", "experience", "disappointed"]], "positive_keywords": [], "negative_keywords": [["lacking", "resources", "university", "experience", "disappointed"]]}, {"text": "i had an amazing experience at university the faculty and facilities are topnotch", "sentiment": "POSITIVE", "sentiment_score": {"Positive": 0.9932656288146973, "Negative": 0.00032129944884218276, "Neutral": 0.0041029369458556175, "Mixed": 0.0023101065307855606}, "keywords": [["topnotch", "facilities", "faculty", "university", "experience"]], "positive_keywords": [["topnotch", "facilities", "faculty", "university", "experience"]], "negative_keywords": []}, {"text": "i had an amazing experience at university the faculty and facilities are topnotch", "sentiment": "POSITIVE", "sentiment_score": {"Positive": 0.9932656288146973, "Negative": 0.00032129944884218276, "Neutral": 0.0041029369458556175, "Mixed": 0.0023101065307855606}, "keywords": [["topnotch", "facilities", "faculty", "university", "experience"]], "positive_keywords": [["topnotch", "facilities", "faculty", "university", "experience"]], "negative_keywords": []}, {"text": "not what i expected university could really improve its student services", "sentiment": "NEGATIVE", "sentiment_score": {"Positive": 0.002219774993136525, "Negative": 0.9755644798278809, "Neutral": 0.015244387090206146, "Mixed": 0.006971326656639576}, "keywords": [["services", "student", "improve", "really", "university"]], "positive_keywords": [], "negative_keywords": [["services", "student", "improve", "really", "university"]]}]