[{"text": "peking university is the best university in the world tsinghua university is the second after peking u many of its majors and colleges are ranked the top in china including science math physics chemistry and medical and business and literature it is the dream of every chinese gaokao student its campus is also one of the most beautiful ones in china with more than  years of history it bears the witness to too many events in china after all this is the capital of china in those most tumultuous years also many of those most influential people in china come from here\nfor a traveler sometimes u need to register on their website to visit the campus if u want to go inside this is to control the crowd in the campus and prevent students from being overdisrupted the lake a lot of people suicide here really it comes through the most chaotic years of china history and keeps doing so and the pagoda are the most iconic structures in the campus", "sentiment": "POSITIVE", "sentiment_score": {"Positive": 0.5846247673034668, "Negative": 0.00126916472800076, "Neutral": 0.4138050377368927, "Mixed": 0.0003009773208759725}, "keywords": [["structures", "iconic", "pagoda", "doing", "keeps"]], "positive_keywords": [["structures", "iconic", "pagoda", "doing", "keeps"]], "negative_keywords": []}, {"text": "beautiful campus definitely a place you should visit if youre a tourist here and the people youd meet here are fun to hang out with and super smartpassionate if youre lucky you also get to see tons of student groups doing activities outdoors", "sentiment": "POSITIVE", "sentiment_score": {"Positive": 0.9654923677444458, "Negative": 0.0005190289230085909, "Neutral": 0.033274129033088684, "Mixed": 0.0007144288974814117}, "keywords": [["outdoors", "activities", "doing", "groups", "student"]], "positive_keywords": [["outdoors", "activities", "doing", "groups", "student"]], "negative_keywords": []}, {"text": "peking university is the top university in china it is not only a perfect place to study but also a very beautiful campus for visitors there are many typical architecture in classical chinese styles with beautiful gardens and a unique lake the pku campus is also call yanyuan namely a beautiful garden in beijing if you have a chance to visit or live here you will see nice scenery every where the weiming lake is like a sea and  poets live under it when you are in beijing do take time to visit it you will love it for sure", "sentiment": "POSITIVE", "sentiment_score": {"Positive": 0.907080888748169, "Negative": 0.0004166070430073887, "Neutral": 0.09232863783836365, "Mixed": 0.00017378793563693762}, "keywords": [["sure", "love", "time", "poets", "sea"]], "positive_keywords": [["sure", "love", "time", "poets", "sea"]], "negative_keywords": []}, {"text": "beautiful campus with lakes and small forests lots of students and facilities but always quiet and peaceful lovely place", "sentiment": "POSITIVE", "sentiment_score": {"Positive": 0.9770116209983826, "Negative": 0.00025164856924675405, "Neutral": 0.010066280141472816, "Mixed": 0.012670380994677544}, "keywords": [["place", "lovely", "peaceful", "quiet", "facilities"]], "positive_keywords": [["place", "lovely", "peaceful", "quiet", "facilities"]], "negative_keywords": []}, {"text": "an absolutely beautiful university lying in the heart of beijing expansive gardens and traditional architecture add to the grandeur and splendour of the grounds awesome facilities and seasonal changes bring out the best  in the universitys landscape", "sentiment": "POSITIVE", "sentiment_score": {"Positive": 0.9809838533401489, "Negative": 9.667213453212753e-05, "Neutral": 0.01881435140967369, "Mixed": 0.00010507691331440583}, "keywords": [["landscape", "universitys", "best", "bring", "changes"]], "positive_keywords": [["landscape", "universitys", "best", "bring", "changes"]], "negative_keywords": []}, {"text": "the best years of my life were spent at university highly recommend it", "sentiment": "POSITIVE", "sentiment_score": {"Positive": 0.9983893632888794, "Negative": 0.00029790453845635056, "Neutral": 0.0012738844379782677, "Mixed": 3.883827230310999e-05}, "keywords": [["recommend", "highly", "university", "spent", "life"]], "positive_keywords": [["recommend", "highly", "university", "spent", "life"]], "negative_keywords": []}, {"text": "i was disappointed with my experience at university the resources were lacking", "sentiment": "NEGATIVE", "sentiment_score": {"Positive": 0.0002522050344850868, "Negative": 0.999014139175415, "Neutral": 0.0005387758137658238, "Mixed": 0.00019480571791063994}, "keywords": [["lacking", "resources", "university", "experience", "disappointed"]], "positive_keywords": [], "negative_keywords": [["lacking", "resources", "university", "experience", "disappointed"]]}, {"text": "the best years of my life were spent at university highly recommend it", "sentiment": "POSITIVE", "sentiment_score": {"Positive": 0.9983893632888794, "Negative": 0.00029790453845635056, "Neutral": 0.0012738844379782677, "Mixed": 3.883827230310999e-05}, "keywords": [["recommend", "highly", "university", "spent", "life"]], "positive_keywords": [["recommend", "highly", "university", "spent", "life"]], "negative_keywords": []}, {"text": "the best years of my life were spent at university highly recommend it", "sentiment": "POSITIVE", "sentiment_score": {"Positive": 0.9983893632888794, "Negative": 0.00029790453845635056, "Neutral": 0.0012738844379782677, "Mixed": 3.883827230310999e-05}, "keywords": [["recommend", "highly", "university", "spent", "life"]], "positive_keywords": [["recommend", "highly", "university", "spent", "life"]], "negative_keywords": []}, {"text": "the best years of my life were spent at university highly recommend it", "sentiment": "POSITIVE", "sentiment_score": {"Positive": 0.9983893632888794, "Negative": 0.00029790453845635056, "Neutral": 0.0012738844379782677, "Mixed": 3.883827230310999e-05}, "keywords": [["recommend", "highly", "university", "spent", "life"]], "positive_keywords": [["recommend", "highly", "university", "spent", "life"]], "negative_keywords": []}, {"text": "had higher expectations from university the curriculum needs a serious update", "sentiment": "NEGATIVE", "sentiment_score": {"Positive": 0.03928213194012642, "Negative": 0.6937776803970337, "Neutral": 0.23473480343818665, "Mixed": 0.03220541775226593}, "keywords": [["update", "needs", "curriculum", "university", "expectations"]], "positive_keywords": [], "negative_keywords": [["update", "needs", "curriculum", "university", "expectations"]]}, {"text": "i was disappointed with my experience at university the resources were lacking", "sentiment": "NEGATIVE", "sentiment_score": {"Positive": 0.0002522050344850868, "Negative": 0.999014139175415, "Neutral": 0.0005387758137658238, "Mixed": 0.00019480571791063994}, "keywords": [["lacking", "resources", "university", "experience", "disappointed"]], "positive_keywords": [], "negative_keywords": [["lacking", "resources", "university", "experience", "disappointed"]]}, {"text": "i was disappointed with my experience at university the resources were lacking", "sentiment": "NEGATIVE", "sentiment_score": {"Positive": 0.0002522050344850868, "Negative": 0.999014139175415, "Neutral": 0.0005387758137658238, "Mixed": 0.00019480571791063994}, "keywords": [["lacking", "resources", "university", "experience", "disappointed"]], "positive_keywords": [], "negative_keywords": [["lacking", "resources", "university", "experience", "disappointed"]]}, {"text": "not what i expected university could really improve its student services", "sentiment": "NEGATIVE", "sentiment_score": {"Positive": 0.002219774993136525, "Negative": 0.9755644798278809, "Neutral": 0.015244387090206146, "Mixed": 0.006971326656639576}, "keywords": [["services", "student", "improve", "really", "university"]], "positive_keywords": [], "negative_keywords": [["services", "student", "improve", "really", "university"]]}, {"text": "i was disappointed with my experience at university the resources were lacking", "sentiment": "NEGATIVE", "sentiment_score": {"Positive": 0.0002522050344850868, "Negative": 0.999014139175415, "Neutral": 0.0005387758137658238, "Mixed": 0.00019480571791063994}, "keywords": [["lacking", "resources", "university", "experience", "disappointed"]], "positive_keywords": [], "negative_keywords": [["lacking", "resources", "university", "experience", "disappointed"]]}]