[{"text": "came here for a short walk as a tourist this uni trumps my home uni in singapore not gonna name which in terms of scenery and nature buildings are designed nicely and there are trees lining every street we stopped by a cafe to get from delicious bread and coffee im not sure how the curriculum is like but im pretty sure that i wouldve loved to do an exchange here", "sentiment": "POSITIVE", "sentiment_score": {"Positive": 0.6464343667030334, "Negative": 0.06163424625992775, "Neutral": 0.20425383746623993, "Mixed": 0.08767760545015335}, "keywords": [["exchange", "loved", "wouldve", "pretty", "like"]], "positive_keywords": [["exchange", "loved", "wouldve", "pretty", "like"]], "negative_keywords": []}, {"text": "katahira campus is very beautiful during spring and autumn", "sentiment": "POSITIVE", "sentiment_score": {"Positive": 0.9949510097503662, "Negative": 0.0001795479329302907, "Neutral": 0.0044624535366892815, "Mixed": 0.00040703255217522383}, "keywords": [["autumn", "spring", "beautiful", "campus", "katahira"]], "positive_keywords": [["autumn", "spring", "beautiful", "campus", "katahira"]], "negative_keywords": []}, {"text": "cherry blossom  in katahira campus  march ", "sentiment": "NEUTRAL", "sentiment_score": {"Positive": 0.003309933701530099, "Negative": 0.0005254655843600631, "Neutral": 0.9961538910865784, "Mixed": 1.0718592420744244e-05}, "keywords": [["march", "campus", "katahira", "blossom", "cherry"]], "positive_keywords": [], "negative_keywords": []}, {"text": "avoid at all cost as an international student you will witness some shocking unethical and unprofessional behavior from academics gaslighting no supervision no opportunities and no support\nyou will wind up burnt out after graduating if you manage to of course you will be very lucky if you get a mere recommnedation letter afterwards from your lab\n\na very toxic place please avoid", "sentiment": "NEGATIVE", "sentiment_score": {"Positive": 0.0015550291864201427, "Negative": 0.9620983600616455, "Neutral": 0.03492661938071251, "Mixed": 0.0014200251316651702}, "keywords": [["place", "toxic", "lab", "letter", "recommnedation"]], "positive_keywords": [], "negative_keywords": [["place", "toxic", "lab", "letter", "recommnedation"]]}, {"text": "i graduated from this university i was the third generation of the international engineering course when i was there in  to  most of the classes were in english but some were taught in japanese with minimal english translation which was frustrating i was quite upset with the university at that time i told the engineering department that all the classes that an international student need to take in an international engineering course must be offered fully in english as the university advertised when i enroll in this course the university setup a meeting for international student who were upset with the courses to talk with the dean program supervisor and other faculty staff member after our feedback and complaint the university improved immediately my junior has a class that was fully taught in english and more classes were offered in the later year i am really impress is how the university took the complaint seriously and improve accordingly this really shows how the hospitality and consideration of the japanese", "sentiment": "NEGATIVE", "sentiment_score": {"Positive": 0.046221546828746796, "Negative": 0.48578134179115295, "Neutral": 0.25231513381004333, "Mixed": 0.21568197011947632}, "keywords": [["consideration", "hospitality", "shows", "accordingly", "improve"]], "positive_keywords": [], "negative_keywords": [["consideration", "hospitality", "shows", "accordingly", "improve"]]}, {"text": "its a good university but i think university has room for improvement", "sentiment": "MIXED", "sentiment_score": {"Positive": 0.09079279005527496, "Negative": 0.0044769770465791225, "Neutral": 0.02031625062227249, "Mixed": 0.8844140768051147}, "keywords": [["improvement", "room", "think", "university", "good"]], "positive_keywords": [], "negative_keywords": []}, {"text": "average experience at university nothing particularly outstanding", "sentiment": "NEGATIVE", "sentiment_score": {"Positive": 0.00849381648004055, "Negative": 0.6501188278198242, "Neutral": 0.04405200108885765, "Mixed": 0.29733535647392273}, "keywords": [["outstanding", "particularly", "university", "experience", "average"]], "positive_keywords": [], "negative_keywords": [["outstanding", "particularly", "university", "experience", "average"]]}, {"text": "had higher expectations from university the curriculum needs a serious update", "sentiment": "NEGATIVE", "sentiment_score": {"Positive": 0.03928213194012642, "Negative": 0.6937776803970337, "Neutral": 0.23473480343818665, "Mixed": 0.03220541775226593}, "keywords": [["update", "needs", "curriculum", "university", "expectations"]], "positive_keywords": [], "negative_keywords": [["update", "needs", "curriculum", "university", "expectations"]]}, {"text": "the best years of my life were spent at university highly recommend it", "sentiment": "POSITIVE", "sentiment_score": {"Positive": 0.9983893632888794, "Negative": 0.00029790453845635056, "Neutral": 0.0012738844379782677, "Mixed": 3.883827230310999e-05}, "keywords": [["recommend", "highly", "university", "spent", "life"]], "positive_keywords": [["recommend", "highly", "university", "spent", "life"]], "negative_keywords": []}, {"text": "had higher expectations from university the curriculum needs a serious update", "sentiment": "NEGATIVE", "sentiment_score": {"Positive": 0.03928213194012642, "Negative": 0.6937776803970337, "Neutral": 0.23473480343818665, "Mixed": 0.03220541775226593}, "keywords": [["update", "needs", "curriculum", "university", "expectations"]], "positive_keywords": [], "negative_keywords": [["update", "needs", "curriculum", "university", "expectations"]]}, {"text": "absolutely loved my time here university has an incredible campus and community", "sentiment": "POSITIVE", "sentiment_score": {"Positive": 0.9985748529434204, "Negative": 6.635062891291454e-05, "Neutral": 0.001123400405049324, "Mixed": 0.00023545697331428528}, "keywords": [["community", "campus", "incredible", "university", "time"]], "positive_keywords": [["community", "campus", "incredible", "university", "time"]], "negative_keywords": []}, {"text": "not what i expected university could really improve its student services", "sentiment": "NEGATIVE", "sentiment_score": {"Positive": 0.002219774993136525, "Negative": 0.9755644798278809, "Neutral": 0.015244387090206146, "Mixed": 0.006971326656639576}, "keywords": [["services", "student", "improve", "really", "university"]], "positive_keywords": [], "negative_keywords": [["services", "student", "improve", "really", "university"]]}, {"text": "had higher expectations from university the curriculum needs a serious update", "sentiment": "NEGATIVE", "sentiment_score": {"Positive": 0.03928213194012642, "Negative": 0.6937776803970337, "Neutral": 0.23473480343818665, "Mixed": 0.03220541775226593}, "keywords": [["update", "needs", "curriculum", "university", "expectations"]], "positive_keywords": [], "negative_keywords": [["update", "needs", "curriculum", "university", "expectations"]]}, {"text": "absolutely loved my time here university has an incredible campus and community", "sentiment": "POSITIVE", "sentiment_score": {"Positive": 0.9985748529434204, "Negative": 6.635062891291454e-05, "Neutral": 0.001123400405049324, "Mixed": 0.00023545697331428528}, "keywords": [["community", "campus", "incredible", "university", "time"]], "positive_keywords": [["community", "campus", "incredible", "university", "time"]], "negative_keywords": []}, {"text": "not what i expected university could really improve its student services", "sentiment": "NEGATIVE", "sentiment_score": {"Positive": 0.002219774993136525, "Negative": 0.9755644798278809, "Neutral": 0.015244387090206146, "Mixed": 0.006971326656639576}, "keywords": [["services", "student", "improve", "really", "university"]], "positive_keywords": [], "negative_keywords": [["services", "student", "improve", "really", "university"]]}]