[{"text": "this is the place where i have developed my skills as a midlevel scientist i had also learned a lot of valuable life lessons both from my professors and colleagues its a very nice place to grow but definitely not for the faint hearted gonna miss this place", "sentiment": "MIXED", "sentiment_score": {"Positive": 0.10482960194349289, "Negative": 0.02082638442516327, "Neutral": 0.01283731684088707, "Mixed": 0.8615067005157471}, "keywords": [["miss", "gonna", "hearted", "faint", "definitely"]], "positive_keywords": [], "negative_keywords": []}, {"text": "this is one of the top three universities in korea its architecture is of european style the buildings look like castles there are modern style buildings there are a lot of trees and greenery around the campus you can go there and take pictures of those beautiful buildings", "sentiment": "NEUTRAL", "sentiment_score": {"Positive": 0.4945656955242157, "Negative": 0.00314329843968153, "Neutral": 0.5019797086715698, "Mixed": 0.0003113150887656957}, "keywords": [["beautiful", "pictures", "campus", "greenery", "trees"]], "positive_keywords": [], "negative_keywords": []}, {"text": "korea university summer camp\n there is a building next to dormitory but you will be studying in woodang hall which is far away\n buses could take you to woodang hall but not back if you study korean korean classes end at  and university buses at \n you wont eat in a cafeteria either because it closed at  even if you came  there wont be main meal anymore\nand it then all of this could still be ok during sunny days it will be a disaster during rainy days and its half of july\n\nother things are not bad nice teachers nice dormitories nice food\n\nupdate i gave it more stars but they literally came to my room then i was in underwear they gave me literally  seconds to have my pants on this is disgusting", "sentiment": "MIXED", "sentiment_score": {"Positive": 0.19178253412246704, "Negative": 0.10753599554300308, "Neutral": 0.3160785436630249, "Mixed": 0.38460296392440796}, "keywords": [["disgusting", "pants", "seconds", "underwear", "room"]], "positive_keywords": [], "negative_keywords": []}, {"text": "amazing school i took their korean course teachers were amazing really know how to teach well and get along well with students\n\nfor the campus walking around in autumn is magical the color of the trees can change everyday\n\nthe time i spend here was just incredible also they have a huge grasses area to sit and chat with friends many students just go there with their guitar as well", "sentiment": "POSITIVE", "sentiment_score": {"Positive": 0.9915767908096313, "Negative": 0.0003195587487425655, "Neutral": 0.006630257237702608, "Mixed": 0.0014733849093317986}, "keywords": [["guitar", "friends", "chat", "sit", "area"]], "positive_keywords": [["guitar", "friends", "chat", "sit", "area"]], "negative_keywords": []}, {"text": "korea university main campus is one of those hotspots in autumn where you may go and enjoy the colorful leaves on the ground", "sentiment": "POSITIVE", "sentiment_score": {"Positive": 0.7403639554977417, "Negative": 0.0013270993949845433, "Neutral": 0.2582126259803772, "Mixed": 9.632068395148963e-05}, "keywords": [["ground", "leaves", "colorful", "enjoy", "autumn"]], "positive_keywords": [["ground", "leaves", "colorful", "enjoy", "autumn"]], "negative_keywords": []}, {"text": "i was disappointed with my experience at university the resources were lacking", "sentiment": "NEGATIVE", "sentiment_score": {"Positive": 0.0002522050344850868, "Negative": 0.999014139175415, "Neutral": 0.0005387758137658238, "Mixed": 0.00019480571791063994}, "keywords": [["lacking", "resources", "university", "experience", "disappointed"]], "positive_keywords": [], "negative_keywords": [["lacking", "resources", "university", "experience", "disappointed"]]}, {"text": "my time at university was decent good in some aspects but could be better in others", "sentiment": "MIXED", "sentiment_score": {"Positive": 0.010245845653116703, "Negative": 0.01066859345883131, "Neutral": 0.006733235437422991, "Mixed": 0.9723523259162903}, "keywords": [["better", "aspects", "good", "decent", "university"]], "positive_keywords": [], "negative_keywords": []}, {"text": "my time at university was decent good in some aspects but could be better in others", "sentiment": "MIXED", "sentiment_score": {"Positive": 0.010245845653116703, "Negative": 0.01066859345883131, "Neutral": 0.006733235437422991, "Mixed": 0.9723523259162903}, "keywords": [["better", "aspects", "good", "decent", "university"]], "positive_keywords": [], "negative_keywords": []}, {"text": "i was disappointed with my experience at university the resources were lacking", "sentiment": "NEGATIVE", "sentiment_score": {"Positive": 0.0002522050344850868, "Negative": 0.999014139175415, "Neutral": 0.0005387758137658238, "Mixed": 0.00019480571791063994}, "keywords": [["lacking", "resources", "university", "experience", "disappointed"]], "positive_keywords": [], "negative_keywords": [["lacking", "resources", "university", "experience", "disappointed"]]}, {"text": "its a good university but i think university has room for improvement", "sentiment": "MIXED", "sentiment_score": {"Positive": 0.09079279005527496, "Negative": 0.0044769770465791225, "Neutral": 0.02031625062227249, "Mixed": 0.8844140768051147}, "keywords": [["improvement", "room", "think", "university", "good"]], "positive_keywords": [], "negative_keywords": []}, {"text": "its a good university but i think university has room for improvement", "sentiment": "MIXED", "sentiment_score": {"Positive": 0.09079279005527496, "Negative": 0.0044769770465791225, "Neutral": 0.02031625062227249, "Mixed": 0.8844140768051147}, "keywords": [["improvement", "room", "think", "university", "good"]], "positive_keywords": [], "negative_keywords": []}, {"text": "i was disappointed with my experience at university the resources were lacking", "sentiment": "NEGATIVE", "sentiment_score": {"Positive": 0.0002522050344850868, "Negative": 0.999014139175415, "Neutral": 0.0005387758137658238, "Mixed": 0.00019480571791063994}, "keywords": [["lacking", "resources", "university", "experience", "disappointed"]], "positive_keywords": [], "negative_keywords": [["lacking", "resources", "university", "experience", "disappointed"]]}, {"text": "average experience at university nothing particularly outstanding", "sentiment": "NEGATIVE", "sentiment_score": {"Positive": 0.00849381648004055, "Negative": 0.6501188278198242, "Neutral": 0.04405200108885765, "Mixed": 0.29733535647392273}, "keywords": [["outstanding", "particularly", "university", "experience", "average"]], "positive_keywords": [], "negative_keywords": [["outstanding", "particularly", "university", "experience", "average"]]}, {"text": "not what i expected university could really improve its student services", "sentiment": "NEGATIVE", "sentiment_score": {"Positive": 0.002219774993136525, "Negative": 0.9755644798278809, "Neutral": 0.015244387090206146, "Mixed": 0.006971326656639576}, "keywords": [["services", "student", "improve", "really", "university"]], "positive_keywords": [], "negative_keywords": [["services", "student", "improve", "really", "university"]]}, {"text": "its a good university but i think university has room for improvement", "sentiment": "MIXED", "sentiment_score": {"Positive": 0.09079279005527496, "Negative": 0.0044769770465791225, "Neutral": 0.02031625062227249, "Mixed": 0.8844140768051147}, "keywords": [["improvement", "room", "think", "university", "good"]], "positive_keywords": [], "negative_keywords": []}]