[{"text": "stunning architecture and beautiful scenery of all the colleges lots of tourists around like me taking photos and videos i had a lovely day out with family enjoyed every bit of oxford university walks i would definitely visit again soon", "sentiment": "POSITIVE", "sentiment_score": {"Positive": 0.9985093474388123, "Negative": 4.274708771845326e-05, "Neutral": 0.0014147186884656549, "Mixed": 3.317644586786628e-05}, "keywords": [["soon", "visit", "definitely", "walks", "university"]], "positive_keywords": [["soon", "visit", "definitely", "walks", "university"]], "negative_keywords": []}, {"text": "what a beautiful place so full of history and amazing tales and the home of education\n\nloved all the college buildings the history each of them carries and the architecture of these buildings were just amazing\n\ntheres nothing i need to say about its education systems knows its one of the best in the world\n\nbut just as a tourist you have to visit the place to see and feel the beauty of this place", "sentiment": "POSITIVE", "sentiment_score": {"Positive": 0.999627947807312, "Negative": 2.8674334316747263e-05, "Neutral": 0.00031333952210843563, "Mixed": 3.001607365149539e-05}, "keywords": [["beauty", "feel", "visit", "tourist", "world"]], "positive_keywords": [["beauty", "feel", "visit", "tourist", "world"]], "negative_keywords": []}, {"text": " hours walking tour was awesome discovered lots of information harry potter  narnia   alice in wonderland scenes  inspiration site in addition to famous  historical site", "sentiment": "POSITIVE", "sentiment_score": {"Positive": 0.9861863851547241, "Negative": 0.0002482347481418401, "Neutral": 0.013245457783341408, "Mixed": 0.0003198374470230192}, "keywords": [["historical", "famous", "addition", "site", "inspiration"]], "positive_keywords": [["historical", "famous", "addition", "site", "inspiration"]], "negative_keywords": []}, {"text": "great experience\n\nwitnessed the wisdom and a center of excellence\n\n great for a day trip london\n the parking is little crowded but near university there is a nados opposite to that we found great parking spot\n except the main bodleian library  other libraries are just a building but remember you can witness the history every where in the campus", "sentiment": "POSITIVE", "sentiment_score": {"Positive": 0.9837493896484375, "Negative": 0.00017454734188504517, "Neutral": 0.014943358488380909, "Mixed": 0.0011327896500006318}, "keywords": [["campus", "history", "witness", "remember", "building"]], "positive_keywords": [["campus", "history", "witness", "remember", "building"]], "negative_keywords": []}, {"text": "the oldest university they say in the english speaking world located on broad street in oxford about hrs drive from london its made up of  colleges which are around the area the architecture is truly stunning and its no wonder it was used in some scenes in the filming of harry potter apart from the colleges you pass by the radcliffe camera library the bridge of sighs and st marys to name a few sighta look out for the harry potter bolt etched on the ground in some places like in front of the sheldonian theatre the souvenir shops sell oxford uni jackets pins caps etc overall well worth a visit", "sentiment": "NEUTRAL", "sentiment_score": {"Positive": 0.3276650309562683, "Negative": 0.06188442185521126, "Neutral": 0.5916913747787476, "Mixed": 0.018759168684482574}, "keywords": [["visit", "worth", "overall", "caps", "pins"]], "positive_keywords": [], "negative_keywords": []}, {"text": "i had an amazing experience at university the faculty and facilities are topnotch", "sentiment": "POSITIVE", "sentiment_score": {"Positive": 0.9932656288146973, "Negative": 0.00032129944884218276, "Neutral": 0.0041029369458556175, "Mixed": 0.0023101065307855606}, "keywords": [["topnotch", "facilities", "faculty", "university", "experience"]], "positive_keywords": [["topnotch", "facilities", "faculty", "university", "experience"]], "negative_keywords": []}, {"text": "absolutely loved my time here university has an incredible campus and community", "sentiment": "POSITIVE", "sentiment_score": {"Positive": 0.9985748529434204, "Negative": 6.635062891291454e-05, "Neutral": 0.001123400405049324, "Mixed": 0.00023545697331428528}, "keywords": [["community", "campus", "incredible", "university", "time"]], "positive_keywords": [["community", "campus", "incredible", "university", "time"]], "negative_keywords": []}, {"text": "i was disappointed with my experience at university the resources were lacking", "sentiment": "NEGATIVE", "sentiment_score": {"Positive": 0.0002522050344850868, "Negative": 0.999014139175415, "Neutral": 0.0005387758137658238, "Mixed": 0.00019480571791063994}, "keywords": [["lacking", "resources", "university", "experience", "disappointed"]], "positive_keywords": [], "negative_keywords": [["lacking", "resources", "university", "experience", "disappointed"]]}, {"text": "not what i expected university could really improve its student services", "sentiment": "NEGATIVE", "sentiment_score": {"Positive": 0.002219774993136525, "Negative": 0.9755644798278809, "Neutral": 0.015244387090206146, "Mixed": 0.006971326656639576}, "keywords": [["services", "student", "improve", "really", "university"]], "positive_keywords": [], "negative_keywords": [["services", "student", "improve", "really", "university"]]}, {"text": "average experience at university nothing particularly outstanding", "sentiment": "NEGATIVE", "sentiment_score": {"Positive": 0.00849381648004055, "Negative": 0.6501188278198242, "Neutral": 0.04405200108885765, "Mixed": 0.29733535647392273}, "keywords": [["outstanding", "particularly", "university", "experience", "average"]], "positive_keywords": [], "negative_keywords": [["outstanding", "particularly", "university", "experience", "average"]]}, {"text": "had higher expectations from university the curriculum needs a serious update", "sentiment": "NEGATIVE", "sentiment_score": {"Positive": 0.03928213194012642, "Negative": 0.6937776803970337, "Neutral": 0.23473480343818665, "Mixed": 0.03220541775226593}, "keywords": [["update", "needs", "curriculum", "university", "expectations"]], "positive_keywords": [], "negative_keywords": [["update", "needs", "curriculum", "university", "expectations"]]}, {"text": "i had an amazing experience at university the faculty and facilities are topnotch", "sentiment": "POSITIVE", "sentiment_score": {"Positive": 0.9932656288146973, "Negative": 0.00032129944884218276, "Neutral": 0.0041029369458556175, "Mixed": 0.0023101065307855606}, "keywords": [["topnotch", "facilities", "faculty", "university", "experience"]], "positive_keywords": [["topnotch", "facilities", "faculty", "university", "experience"]], "negative_keywords": []}, {"text": "my time at university was decent good in some aspects but could be better in others", "sentiment": "MIXED", "sentiment_score": {"Positive": 0.010245845653116703, "Negative": 0.01066859345883131, "Neutral": 0.006733235437422991, "Mixed": 0.9723523259162903}, "keywords": [["better", "aspects", "good", "decent", "university"]], "positive_keywords": [], "negative_keywords": []}, {"text": "its a good university but i think university has room for improvement", "sentiment": "MIXED", "sentiment_score": {"Positive": 0.09079279005527496, "Negative": 0.0044769770465791225, "Neutral": 0.02031625062227249, "Mixed": 0.8844140768051147}, "keywords": [["improvement", "room", "think", "university", "good"]], "positive_keywords": [], "negative_keywords": []}, {"text": "my time at university was decent good in some aspects but could be better in others", "sentiment": "MIXED", "sentiment_score": {"Positive": 0.010245845653116703, "Negative": 0.01066859345883131, "Neutral": 0.006733235437422991, "Mixed": 0.9723523259162903}, "keywords": [["better", "aspects", "good", "decent", "university"]], "positive_keywords": [], "negative_keywords": []}]