[{"text": "just went to the open day today the university is huge teachers are friendly and helpful received lots of useful information here i got a bit lost cus the place is so big some buildings are bit complicated to walked to but theres lots of students who lead us there", "sentiment": "MIXED", "sentiment_score": {"Positive": 0.030885430052876472, "Negative": 0.0015726147685199976, "Neutral": 0.002912349533289671, "Mixed": 0.964629590511322}, "keywords": [["lead", "students", "theres", "walked", "complicated"]], "positive_keywords": [], "negative_keywords": []}, {"text": "you are at a teaching hospital everything happens slowly and you wonder is everyone serious youll be seen by more than  junior doctors asking the same identical questions about the history of your illness when they decide to take bloods it will be more than  hours after your arrival no hurry no worries its the teaching school youre theyre subject matter", "sentiment": "NEUTRAL", "sentiment_score": {"Positive": 0.12768559157848358, "Negative": 0.3082802891731262, "Neutral": 0.5147583484649658, "Mixed": 0.049275852739810944}, "keywords": [["matter", "subject", "theyre", "youre", "school"]], "positive_keywords": [], "negative_keywords": []}, {"text": "i went to the open day a few months ago and was very impressed this uni is so large and the teachers are very friendly i think we will send our son here", "sentiment": "POSITIVE", "sentiment_score": {"Positive": 0.9986768364906311, "Negative": 7.252492650877684e-05, "Neutral": 0.0011928204912692308, "Mixed": 5.780547871836461e-05}, "keywords": [["son", "send", "think", "friendly", "teachers"]], "positive_keywords": [["son", "send", "think", "friendly", "teachers"]], "negative_keywords": []}, {"text": "went for open day  all looked quite impressive", "sentiment": "POSITIVE", "sentiment_score": {"Positive": 0.9900528788566589, "Negative": 0.0015380877302959561, "Neutral": 0.005343843717128038, "Mixed": 0.003065192373469472}, "keywords": [["impressive", "quite", "looked", "day", "open"]], "positive_keywords": [["impressive", "quite", "looked", "day", "open"]], "negative_keywords": []}, {"text": "it seems a great university with excellent student union some tradition and modern building the connection to the nature peak district is in the neighborhood industrial partners and local community create a vibrant place", "sentiment": "POSITIVE", "sentiment_score": {"Positive": 0.9377548098564148, "Negative": 0.000240571447648108, "Neutral": 0.061862725764513016, "Mixed": 0.00014188073691911995}, "keywords": [["place", "vibrant", "create", "community", "local"]], "positive_keywords": [["place", "vibrant", "create", "community", "local"]], "negative_keywords": []}, {"text": "i was disappointed with my experience at university the resources were lacking", "sentiment": "NEGATIVE", "sentiment_score": {"Positive": 0.0002522050344850868, "Negative": 0.999014139175415, "Neutral": 0.0005387758137658238, "Mixed": 0.00019480571791063994}, "keywords": [["lacking", "resources", "university", "experience", "disappointed"]], "positive_keywords": [], "negative_keywords": [["lacking", "resources", "university", "experience", "disappointed"]]}, {"text": "i had an amazing experience at university the faculty and facilities are topnotch", "sentiment": "POSITIVE", "sentiment_score": {"Positive": 0.9932656288146973, "Negative": 0.00032129944884218276, "Neutral": 0.0041029369458556175, "Mixed": 0.0023101065307855606}, "keywords": [["topnotch", "facilities", "faculty", "university", "experience"]], "positive_keywords": [["topnotch", "facilities", "faculty", "university", "experience"]], "negative_keywords": []}, {"text": "its a good university but i think university has room for improvement", "sentiment": "MIXED", "sentiment_score": {"Positive": 0.09079279005527496, "Negative": 0.0044769770465791225, "Neutral": 0.02031625062227249, "Mixed": 0.8844140768051147}, "keywords": [["improvement", "room", "think", "university", "good"]], "positive_keywords": [], "negative_keywords": []}, {"text": "absolutely loved my time here university has an incredible campus and community", "sentiment": "POSITIVE", "sentiment_score": {"Positive": 0.9985748529434204, "Negative": 6.635062891291454e-05, "Neutral": 0.001123400405049324, "Mixed": 0.00023545697331428528}, "keywords": [["community", "campus", "incredible", "university", "time"]], "positive_keywords": [["community", "campus", "incredible", "university", "time"]], "negative_keywords": []}, {"text": "i had an amazing experience at university the faculty and facilities are topnotch", "sentiment": "POSITIVE", "sentiment_score": {"Positive": 0.9932656288146973, "Negative": 0.00032129944884218276, "Neutral": 0.0041029369458556175, "Mixed": 0.0023101065307855606}, "keywords": [["topnotch", "facilities", "faculty", "university", "experience"]], "positive_keywords": [["topnotch", "facilities", "faculty", "university", "experience"]], "negative_keywords": []}, {"text": "absolutely loved my time here university has an incredible campus and community", "sentiment": "POSITIVE", "sentiment_score": {"Positive": 0.9985748529434204, "Negative": 6.635062891291454e-05, "Neutral": 0.001123400405049324, "Mixed": 0.00023545697331428528}, "keywords": [["community", "campus", "incredible", "university", "time"]], "positive_keywords": [["community", "campus", "incredible", "university", "time"]], "negative_keywords": []}, {"text": "i was disappointed with my experience at university the resources were lacking", "sentiment": "NEGATIVE", "sentiment_score": {"Positive": 0.0002522050344850868, "Negative": 0.999014139175415, "Neutral": 0.0005387758137658238, "Mixed": 0.00019480571791063994}, "keywords": [["lacking", "resources", "university", "experience", "disappointed"]], "positive_keywords": [], "negative_keywords": [["lacking", "resources", "university", "experience", "disappointed"]]}, {"text": "the best years of my life were spent at university highly recommend it", "sentiment": "POSITIVE", "sentiment_score": {"Positive": 0.9983893632888794, "Negative": 0.00029790453845635056, "Neutral": 0.0012738844379782677, "Mixed": 3.883827230310999e-05}, "keywords": [["recommend", "highly", "university", "spent", "life"]], "positive_keywords": [["recommend", "highly", "university", "spent", "life"]], "negative_keywords": []}, {"text": "my time at university was decent good in some aspects but could be better in others", "sentiment": "MIXED", "sentiment_score": {"Positive": 0.010245845653116703, "Negative": 0.01066859345883131, "Neutral": 0.006733235437422991, "Mixed": 0.9723523259162903}, "keywords": [["better", "aspects", "good", "decent", "university"]], "positive_keywords": [], "negative_keywords": []}, {"text": "the best years of my life were spent at university highly recommend it", "sentiment": "POSITIVE", "sentiment_score": {"Positive": 0.9983893632888794, "Negative": 0.00029790453845635056, "Neutral": 0.0012738844379782677, "Mixed": 3.883827230310999e-05}, "keywords": [["recommend", "highly", "university", "spent", "life"]], "positive_keywords": [["recommend", "highly", "university", "spent", "life"]], "negative_keywords": []}]