[{"text": "a small university town known for its historic events kings college queens college and trinity college are the jewels of this campusgreat place with impressive architecture good to visit with friends and family", "sentiment": "POSITIVE", "sentiment_score": {"Positive": 0.888810932636261, "Negative": 0.000246815150603652, "Neutral": 0.11080015450716019, "Mixed": 0.00014213399845175445}, "keywords": [["family", "friends", "visit", "good", "architecture"]], "positive_keywords": [["family", "friends", "visit", "good", "architecture"]], "negative_keywords": []}, {"text": "amazing place with highly scenic picturescapes traditional river punting\nif you are with kids it is too much to walk so please take local bus to reach cambridge city center one way to be more comfortable", "sentiment": "POSITIVE", "sentiment_score": {"Positive": 0.9043849110603333, "Negative": 0.005618503782898188, "Neutral": 0.025459013879299164, "Mixed": 0.06453758478164673}, "keywords": [["comfortable", "way", "center", "city", "cambridge"]], "positive_keywords": [["comfortable", "way", "center", "city", "cambridge"]], "negative_keywords": []}, {"text": "interesting beautiful and amazing gothic architecture it was founded in  and the second oldest university in the english speaking world it certainly worth your visit", "sentiment": "POSITIVE", "sentiment_score": {"Positive": 0.9989087581634521, "Negative": 3.529329478624277e-05, "Neutral": 0.0010227004531770945, "Mixed": 3.332174674142152e-05}, "keywords": [["visit", "worth", "certainly", "world", "speaking"]], "positive_keywords": [["visit", "worth", "certainly", "world", "speaking"]], "negative_keywords": []}, {"text": "great campus you should definitely do the punting tour tour fee adult  pound children  pound with the tour you get information from students studying at cambridge and contribute to them", "sentiment": "POSITIVE", "sentiment_score": {"Positive": 0.7999465465545654, "Negative": 0.013327744789421558, "Neutral": 0.1813974231481552, "Mixed": 0.005328322295099497}, "keywords": [["contribute", "cambridge", "studying", "students", "information"]], "positive_keywords": [["contribute", "cambridge", "studying", "students", "information"]], "negative_keywords": []}, {"text": "one of the most beautiful universities in the entire world what i liked a lot is that people there behave very classy but friendly", "sentiment": "POSITIVE", "sentiment_score": {"Positive": 0.9822667241096497, "Negative": 0.0007812748663127422, "Neutral": 0.008275100961327553, "Mixed": 0.00867690984159708}, "keywords": [["friendly", "classy", "behave", "people", "lot"]], "positive_keywords": [["friendly", "classy", "behave", "people", "lot"]], "negative_keywords": []}, {"text": "its a good university but i think university has room for improvement", "sentiment": "MIXED", "sentiment_score": {"Positive": 0.09079279005527496, "Negative": 0.0044769770465791225, "Neutral": 0.02031625062227249, "Mixed": 0.8844140768051147}, "keywords": [["improvement", "room", "think", "university", "good"]], "positive_keywords": [], "negative_keywords": []}, {"text": "absolutely loved my time here university has an incredible campus and community", "sentiment": "POSITIVE", "sentiment_score": {"Positive": 0.9985748529434204, "Negative": 6.635062891291454e-05, "Neutral": 0.001123400405049324, "Mixed": 0.00023545697331428528}, "keywords": [["community", "campus", "incredible", "university", "time"]], "positive_keywords": [["community", "campus", "incredible", "university", "time"]], "negative_keywords": []}, {"text": "average experience at university nothing particularly outstanding", "sentiment": "NEGATIVE", "sentiment_score": {"Positive": 0.00849381648004055, "Negative": 0.6501188278198242, "Neutral": 0.04405200108885765, "Mixed": 0.29733535647392273}, "keywords": [["outstanding", "particularly", "university", "experience", "average"]], "positive_keywords": [], "negative_keywords": [["outstanding", "particularly", "university", "experience", "average"]]}, {"text": "i was disappointed with my experience at university the resources were lacking", "sentiment": "NEGATIVE", "sentiment_score": {"Positive": 0.0002522050344850868, "Negative": 0.999014139175415, "Neutral": 0.0005387758137658238, "Mixed": 0.00019480571791063994}, "keywords": [["lacking", "resources", "university", "experience", "disappointed"]], "positive_keywords": [], "negative_keywords": [["lacking", "resources", "university", "experience", "disappointed"]]}, {"text": "its a good university but i think university has room for improvement", "sentiment": "MIXED", "sentiment_score": {"Positive": 0.09079279005527496, "Negative": 0.0044769770465791225, "Neutral": 0.02031625062227249, "Mixed": 0.8844140768051147}, "keywords": [["improvement", "room", "think", "university", "good"]], "positive_keywords": [], "negative_keywords": []}, {"text": "i had an amazing experience at university the faculty and facilities are topnotch", "sentiment": "POSITIVE", "sentiment_score": {"Positive": 0.9932656288146973, "Negative": 0.00032129944884218276, "Neutral": 0.0041029369458556175, "Mixed": 0.0023101065307855606}, "keywords": [["topnotch", "facilities", "faculty", "university", "experience"]], "positive_keywords": [["topnotch", "facilities", "faculty", "university", "experience"]], "negative_keywords": []}, {"text": "my time at university was decent good in some aspects but could be better in others", "sentiment": "MIXED", "sentiment_score": {"Positive": 0.010245845653116703, "Negative": 0.01066859345883131, "Neutral": 0.006733235437422991, "Mixed": 0.9723523259162903}, "keywords": [["better", "aspects", "good", "decent", "university"]], "positive_keywords": [], "negative_keywords": []}, {"text": "not what i expected university could really improve its student services", "sentiment": "NEGATIVE", "sentiment_score": {"Positive": 0.002219774993136525, "Negative": 0.9755644798278809, "Neutral": 0.015244387090206146, "Mixed": 0.006971326656639576}, "keywords": [["services", "student", "improve", "really", "university"]], "positive_keywords": [], "negative_keywords": [["services", "student", "improve", "really", "university"]]}, {"text": "i had an amazing experience at university the faculty and facilities are topnotch", "sentiment": "POSITIVE", "sentiment_score": {"Positive": 0.9932656288146973, "Negative": 0.00032129944884218276, "Neutral": 0.0041029369458556175, "Mixed": 0.0023101065307855606}, "keywords": [["topnotch", "facilities", "faculty", "university", "experience"]], "positive_keywords": [["topnotch", "facilities", "faculty", "university", "experience"]], "negative_keywords": []}, {"text": "its a good university but i think university has room for improvement", "sentiment": "MIXED", "sentiment_score": {"Positive": 0.09079279005527496, "Negative": 0.0044769770465791225, "Neutral": 0.02031625062227249, "Mixed": 0.8844140768051147}, "keywords": [["improvement", "room", "think", "university", "good"]], "positive_keywords": [], "negative_keywords": []}]