[{"text": "came here for the rams training camp practice matthew stafford looks healthy seen aaron donald doing light practice hes the one in the white shirt the rams host their training camp at uci soccer field back in the day the og la rams teams trained here pretty cool to see them back they separate the drills by postion group and rotate the players from station to station until the last period where a live one on one practice takes place i was able to meet a few former rams players at the legends autograph tent i purchased a rams mini helmet for  dollars and had hall of famer linemen jackie slater  less know player mickey sutton", "sentiment": "NEUTRAL", "sentiment_score": {"Positive": 0.09614317119121552, "Negative": 0.06734645366668701, "Neutral": 0.7934488654136658, "Mixed": 0.043061502277851105}, "keywords": [["sutton", "mickey", "player", "know", "slater"]], "positive_keywords": [], "negative_keywords": []}, {"text": "nice campus kind flexible professors diversity of course options easy to get to campusaccess campus\nhorrible parking fees apathetic staff which are overworked large student body  months of waiting is required to obtain the physical copy of your degree overall ", "sentiment": "MIXED", "sentiment_score": {"Positive": 0.1030857264995575, "Negative": 0.07362060248851776, "Neutral": 0.11338295787572861, "Mixed": 0.7099107503890991}, "keywords": [["overall", "degree", "copy", "physical", "obtain"]], "positive_keywords": [], "negative_keywords": []}, {"text": "its wonderful it just takes a while to get here when youre driving from seal beach but people are nice very friendly cant ask for anything better", "sentiment": "POSITIVE", "sentiment_score": {"Positive": 0.5160855054855347, "Negative": 0.0011734782019630075, "Neutral": 0.005176063627004623, "Mixed": 0.4775649309158325}, "keywords": [["better", "ask", "friendly", "nice", "people"]], "positive_keywords": [["better", "ask", "friendly", "nice", "people"]], "negative_keywords": []}, {"text": "very impressive university i felt like i was at a resort everything was clean and orderly the people are all friendly and willing to show visitors why this campus is so highly regarded", "sentiment": "POSITIVE", "sentiment_score": {"Positive": 0.9954215884208679, "Negative": 0.0003546253137756139, "Neutral": 0.0037570989225059748, "Mixed": 0.00046668105642311275}, "keywords": [["regarded", "highly", "campus", "visitors", "willing"]], "positive_keywords": [["regarded", "highly", "campus", "visitors", "willing"]], "negative_keywords": []}, {"text": "great university and nice campus irvine in general is an amazing town", "sentiment": "POSITIVE", "sentiment_score": {"Positive": 0.9894165396690369, "Negative": 0.00014759621990378946, "Neutral": 0.010202492587268353, "Mixed": 0.00023336647427640855}, "keywords": [["town", "amazing", "general", "irvine", "campus"]], "positive_keywords": [["town", "amazing", "general", "irvine", "campus"]], "negative_keywords": []}, {"text": "not what i expected university could really improve its student services", "sentiment": "NEGATIVE", "sentiment_score": {"Positive": 0.002219774993136525, "Negative": 0.9755644798278809, "Neutral": 0.015244387090206146, "Mixed": 0.006971326656639576}, "keywords": [["services", "student", "improve", "really", "university"]], "positive_keywords": [], "negative_keywords": [["services", "student", "improve", "really", "university"]]}, {"text": "its a good university but i think university has room for improvement", "sentiment": "MIXED", "sentiment_score": {"Positive": 0.09079279005527496, "Negative": 0.0044769770465791225, "Neutral": 0.02031625062227249, "Mixed": 0.8844140768051147}, "keywords": [["improvement", "room", "think", "university", "good"]], "positive_keywords": [], "negative_keywords": []}, {"text": "the best years of my life were spent at university highly recommend it", "sentiment": "POSITIVE", "sentiment_score": {"Positive": 0.9983893632888794, "Negative": 0.00029790453845635056, "Neutral": 0.0012738844379782677, "Mixed": 3.883827230310999e-05}, "keywords": [["recommend", "highly", "university", "spent", "life"]], "positive_keywords": [["recommend", "highly", "university", "spent", "life"]], "negative_keywords": []}, {"text": "my time at university was decent good in some aspects but could be better in others", "sentiment": "MIXED", "sentiment_score": {"Positive": 0.010245845653116703, "Negative": 0.01066859345883131, "Neutral": 0.006733235437422991, "Mixed": 0.9723523259162903}, "keywords": [["better", "aspects", "good", "decent", "university"]], "positive_keywords": [], "negative_keywords": []}, {"text": "absolutely loved my time here university has an incredible campus and community", "sentiment": "POSITIVE", "sentiment_score": {"Positive": 0.9985748529434204, "Negative": 6.635062891291454e-05, "Neutral": 0.001123400405049324, "Mixed": 0.00023545697331428528}, "keywords": [["community", "campus", "incredible", "university", "time"]], "positive_keywords": [["community", "campus", "incredible", "university", "time"]], "negative_keywords": []}, {"text": "my time at university was decent good in some aspects but could be better in others", "sentiment": "MIXED", "sentiment_score": {"Positive": 0.010245845653116703, "Negative": 0.01066859345883131, "Neutral": 0.006733235437422991, "Mixed": 0.9723523259162903}, "keywords": [["better", "aspects", "good", "decent", "university"]], "positive_keywords": [], "negative_keywords": []}, {"text": "the best years of my life were spent at university highly recommend it", "sentiment": "POSITIVE", "sentiment_score": {"Positive": 0.9983893632888794, "Negative": 0.00029790453845635056, "Neutral": 0.0012738844379782677, "Mixed": 3.883827230310999e-05}, "keywords": [["recommend", "highly", "university", "spent", "life"]], "positive_keywords": [["recommend", "highly", "university", "spent", "life"]], "negative_keywords": []}, {"text": "not what i expected university could really improve its student services", "sentiment": "NEGATIVE", "sentiment_score": {"Positive": 0.002219774993136525, "Negative": 0.9755644798278809, "Neutral": 0.015244387090206146, "Mixed": 0.006971326656639576}, "keywords": [["services", "student", "improve", "really", "university"]], "positive_keywords": [], "negative_keywords": [["services", "student", "improve", "really", "university"]]}, {"text": "i was disappointed with my experience at university the resources were lacking", "sentiment": "NEGATIVE", "sentiment_score": {"Positive": 0.0002522050344850868, "Negative": 0.999014139175415, "Neutral": 0.0005387758137658238, "Mixed": 0.00019480571791063994}, "keywords": [["lacking", "resources", "university", "experience", "disappointed"]], "positive_keywords": [], "negative_keywords": [["lacking", "resources", "university", "experience", "disappointed"]]}, {"text": "average experience at university nothing particularly outstanding", "sentiment": "NEGATIVE", "sentiment_score": {"Positive": 0.00849381648004055, "Negative": 0.6501188278198242, "Neutral": 0.04405200108885765, "Mixed": 0.29733535647392273}, "keywords": [["outstanding", "particularly", "university", "experience", "average"]], "positive_keywords": [], "negative_keywords": [["outstanding", "particularly", "university", "experience", "average"]]}]