[{"text": "beautiful university in geneva the architecture is fantastic although it might need a restoration the library options are very limited not much to find for research especially in management or law", "sentiment": "MIXED", "sentiment_score": {"Positive": 0.01224883645772934, "Negative": 0.0003703204565681517, "Neutral": 0.0009339432581327856, "Mixed": 0.9864468574523926}, "keywords": [["law", "management", "especially", "research", "limited"]], "positive_keywords": [], "negative_keywords": []}, {"text": "even though i didnt visit internally the university buildings the place can be a good idea for a stop when visiting geneva due to the very interesting park that i guess is very livable in summer and the number of interest points located just close to it in the area you can find both the old town the building of the opera the st pierre cathedral and the reformation wall", "sentiment": "MIXED", "sentiment_score": {"Positive": 0.2909340262413025, "Negative": 0.002033018274232745, "Neutral": 0.038032256066799164, "Mixed": 0.6690007448196411}, "keywords": [["wall", "reformation", "cathedral", "pierre", "st"]], "positive_keywords": [], "negative_keywords": []}, {"text": "university of geneva  one of the greatest public universities in switzerland quite old university in a good way and good ranking worldwide amazing atmosphere going on around green and clean place people are just chilling some reading books overall having an amazing time it is visible that the place is enjoyed by public including me very good", "sentiment": "POSITIVE", "sentiment_score": {"Positive": 0.9775735139846802, "Negative": 0.0005777881597168744, "Neutral": 0.021771140396595, "Mixed": 7.754962280159816e-05}, "keywords": [["including", "enjoyed", "visible", "time", "having"]], "positive_keywords": [["including", "enjoyed", "visible", "time", "having"]], "negative_keywords": []}, {"text": "just splendid plus the new library in the jura wing is just amazing i totally recommend studying there", "sentiment": "POSITIVE", "sentiment_score": {"Positive": 0.9992719292640686, "Negative": 6.169924017740414e-05, "Neutral": 0.0005689866375178099, "Mixed": 9.73689675447531e-05}, "keywords": [["studying", "recommend", "totally", "amazing", "wing"]], "positive_keywords": [["studying", "recommend", "totally", "amazing", "wing"]], "negative_keywords": []}, {"text": "would have expected more grandiose building than the one i was greeted by however it looks nice", "sentiment": "MIXED", "sentiment_score": {"Positive": 0.008795823901891708, "Negative": 0.02391778863966465, "Neutral": 0.0016178296646103263, "Mixed": 0.9656684994697571}, "keywords": [["nice", "looks", "greeted", "building", "grandiose"]], "positive_keywords": [], "negative_keywords": []}, {"text": "the best years of my life were spent at university highly recommend it", "sentiment": "POSITIVE", "sentiment_score": {"Positive": 0.9983893632888794, "Negative": 0.00029790453845635056, "Neutral": 0.0012738844379782677, "Mixed": 3.883827230310999e-05}, "keywords": [["recommend", "highly", "university", "spent", "life"]], "positive_keywords": [["recommend", "highly", "university", "spent", "life"]], "negative_keywords": []}, {"text": "its a good university but i think university has room for improvement", "sentiment": "MIXED", "sentiment_score": {"Positive": 0.09079279005527496, "Negative": 0.0044769770465791225, "Neutral": 0.02031625062227249, "Mixed": 0.8844140768051147}, "keywords": [["improvement", "room", "think", "university", "good"]], "positive_keywords": [], "negative_keywords": []}, {"text": "i was disappointed with my experience at university the resources were lacking", "sentiment": "NEGATIVE", "sentiment_score": {"Positive": 0.0002522050344850868, "Negative": 0.999014139175415, "Neutral": 0.0005387758137658238, "Mixed": 0.00019480571791063994}, "keywords": [["lacking", "resources", "university", "experience", "disappointed"]], "positive_keywords": [], "negative_keywords": [["lacking", "resources", "university", "experience", "disappointed"]]}, {"text": "the best years of my life were spent at university highly recommend it", "sentiment": "POSITIVE", "sentiment_score": {"Positive": 0.9983893632888794, "Negative": 0.00029790453845635056, "Neutral": 0.0012738844379782677, "Mixed": 3.883827230310999e-05}, "keywords": [["recommend", "highly", "university", "spent", "life"]], "positive_keywords": [["recommend", "highly", "university", "spent", "life"]], "negative_keywords": []}, {"text": "i had an amazing experience at university the faculty and facilities are topnotch", "sentiment": "POSITIVE", "sentiment_score": {"Positive": 0.9932656288146973, "Negative": 0.00032129944884218276, "Neutral": 0.0041029369458556175, "Mixed": 0.0023101065307855606}, "keywords": [["topnotch", "facilities", "faculty", "university", "experience"]], "positive_keywords": [["topnotch", "facilities", "faculty", "university", "experience"]], "negative_keywords": []}, {"text": "the best years of my life were spent at university highly recommend it", "sentiment": "POSITIVE", "sentiment_score": {"Positive": 0.9983893632888794, "Negative": 0.00029790453845635056, "Neutral": 0.0012738844379782677, "Mixed": 3.883827230310999e-05}, "keywords": [["recommend", "highly", "university", "spent", "life"]], "positive_keywords": [["recommend", "highly", "university", "spent", "life"]], "negative_keywords": []}, {"text": "i was disappointed with my experience at university the resources were lacking", "sentiment": "NEGATIVE", "sentiment_score": {"Positive": 0.0002522050344850868, "Negative": 0.999014139175415, "Neutral": 0.0005387758137658238, "Mixed": 0.00019480571791063994}, "keywords": [["lacking", "resources", "university", "experience", "disappointed"]], "positive_keywords": [], "negative_keywords": [["lacking", "resources", "university", "experience", "disappointed"]]}, {"text": "average experience at university nothing particularly outstanding", "sentiment": "NEGATIVE", "sentiment_score": {"Positive": 0.00849381648004055, "Negative": 0.6501188278198242, "Neutral": 0.04405200108885765, "Mixed": 0.29733535647392273}, "keywords": [["outstanding", "particularly", "university", "experience", "average"]], "positive_keywords": [], "negative_keywords": [["outstanding", "particularly", "university", "experience", "average"]]}, {"text": "i was disappointed with my experience at university the resources were lacking", "sentiment": "NEGATIVE", "sentiment_score": {"Positive": 0.0002522050344850868, "Negative": 0.999014139175415, "Neutral": 0.0005387758137658238, "Mixed": 0.00019480571791063994}, "keywords": [["lacking", "resources", "university", "experience", "disappointed"]], "positive_keywords": [], "negative_keywords": [["lacking", "resources", "university", "experience", "disappointed"]]}, {"text": "average experience at university nothing particularly outstanding", "sentiment": "NEGATIVE", "sentiment_score": {"Positive": 0.00849381648004055, "Negative": 0.6501188278198242, "Neutral": 0.04405200108885765, "Mixed": 0.29733535647392273}, "keywords": [["outstanding", "particularly", "university", "experience", "average"]], "positive_keywords": [], "negative_keywords": [["outstanding", "particularly", "university", "experience", "average"]]}]