[{"text": "stanford campus is one of the mustvisit bay area sites  campus is vast and beautiful  the weather is almost perfect all year round  it typically take about  hours to have a full tour of the enormous campus  i have taken a few pictures for us to share  hope you would like them", "sentiment": "POSITIVE", "sentiment_score": {"Positive": 0.9063801169395447, "Negative": 0.00022883778729010373, "Neutral": 0.0931556448340416, "Mixed": 0.00023533373314421624}, "keywords": [["like", "hope", "share", "pictures", "taken"]], "positive_keywords": [["like", "hope", "share", "pictures", "taken"]], "negative_keywords": []}, {"text": "the place with nice vibe we had just a small walk here i was never dreaming about studying in such a place but the understanding that here is the university with huge history so old and beautiful made me happy", "sentiment": "POSITIVE", "sentiment_score": {"Positive": 0.9009328484535217, "Negative": 0.0009724744013510644, "Neutral": 0.023805582895874977, "Mixed": 0.07428912073373795}, "keywords": [["happy", "beautiful", "old", "history", "huge"]], "positive_keywords": [["happy", "beautiful", "old", "history", "huge"]], "negative_keywords": []}, {"text": "no doubt one of the top universities in the world silicon valley is the proof got a quick tour today not able to attend the mass due to time limit wish kids can have the chances to study here one day", "sentiment": "NEUTRAL", "sentiment_score": {"Positive": 0.1810106337070465, "Negative": 0.2828823924064636, "Neutral": 0.47313955426216125, "Mixed": 0.0629674568772316}, "keywords": [["day", "study", "chances", "kids", "wish"]], "positive_keywords": [], "negative_keywords": []}, {"text": "a trip to stanford university during our summer vacation turned out to be an extraordinary experience leaving us in awe of the excellence and beauty that this prestigious institution has to offer from the moment we set foot on the sprawling campus we knew we were in for a treat\n\nthe first thing that struck us was the picturesque setting of stanford university nestled amid lush greenery and framed by majestic palm trees the campus exuded an atmosphere of tranquility and sophistication the meticulously maintained grounds and stunning architecture created a sense of grandeur making us feel like we had entered a world of academic brilliance\n\nthe hoover tower with its commanding presence offered a breathtaking view of the entire campus and the surrounding landscape we stood in awe as we took in the panorama realizing the vast potential that stanford university holds for its students to make a positive impact on the world\n\nif youre looking for an opportunity to ignite curiosity and inspire young minds a visit to stanford university is an absolute must the blend of academic excellence vibrant campus life and picturesque surroundings make it an unforgettable destination for families and aspiring scholars alike", "sentiment": "POSITIVE", "sentiment_score": {"Positive": 0.9813269972801208, "Negative": 9.094209963222966e-05, "Neutral": 0.01844065450131893, "Mixed": 0.00014144320448394865}, "keywords": [["alike", "scholars", "aspiring", "families", "destination"]], "positive_keywords": [["alike", "scholars", "aspiring", "families", "destination"]], "negative_keywords": []}, {"text": "our recent visit to the stanford campus was an absolute delight from the moment we stepped foot onto the grounds we were captivated by the refreshing atmosphere lush green landscapes and unique vibe that permeated every corner of this prestigious institution\n\none of the most striking aspects of the campus was the abundance of trees and verdant landscapes as we strolled along the pathways we found ourselves surrounded by a picturesque natural setting that provided a serene backdrop for our exploration the meticulously maintained gardens and vibrant flora added a touch of tranquility to the entire experience\n\nduring our visit we had the opportunity to explore the renowned east asia libraries with a day pass the libraries proved to be a treasure trove of knowledge housing an extensive collection of books and resources the ambiance was both serene and studious allowing us to immerse ourselves in a world of intellectual discovery\n\nas the day drew to a close we made our way to the oval where we witnessed a truly breathtaking sunset the vast expanse of the oval provided an ideal vantage point to soak in the vibrant hues painting the sky creating a scene that was nothing short of magical it was a moment of pure serenity and beauty etching a lasting memory in our minds\n\nwhat truly struck us during our visit was the palpable sense of history and stories that seemed to resonate from every corner of the campus whether it was the iconic buildings or the quiet nooks and crannies there was an undeniable aura of significance and heritage it felt as though each space held its own narrative inviting visitors like us to become a part of the rich tapestry of stanfords legacy\n\nin conclusion our visit to the stanford campus was an enchanting experience from start to finish the refreshing ambiance abundant greenery and unique vibe create an atmosphere that is both invigorating and serene whether youre academic enthusiasts nature lovers or simply seeking a place of beauty and inspiration stanford campus offers a captivating journey filled with history natural wonders and stories waiting to be discovered we wholeheartedly recommend a visit to this remarkable institution", "sentiment": "POSITIVE", "sentiment_score": {"Positive": 0.9905663132667542, "Negative": 5.9668265748769045e-05, "Neutral": 0.009314924478530884, "Mixed": 5.911523476243019e-05}, "keywords": [["remarkable", "recommend", "wholeheartedly", "discovered", "waiting"]], "positive_keywords": [["remarkable", "recommend", "wholeheartedly", "discovered", "waiting"]], "negative_keywords": []}, {"text": "not what i expected university could really improve its student services", "sentiment": "NEGATIVE", "sentiment_score": {"Positive": 0.002219774993136525, "Negative": 0.9755644798278809, "Neutral": 0.015244387090206146, "Mixed": 0.006971326656639576}, "keywords": [["services", "student", "improve", "really", "university"]], "positive_keywords": [], "negative_keywords": [["services", "student", "improve", "really", "university"]]}, {"text": "absolutely loved my time here university has an incredible campus and community", "sentiment": "POSITIVE", "sentiment_score": {"Positive": 0.9985748529434204, "Negative": 6.635062891291454e-05, "Neutral": 0.001123400405049324, "Mixed": 0.00023545697331428528}, "keywords": [["community", "campus", "incredible", "university", "time"]], "positive_keywords": [["community", "campus", "incredible", "university", "time"]], "negative_keywords": []}, {"text": "i was disappointed with my experience at university the resources were lacking", "sentiment": "NEGATIVE", "sentiment_score": {"Positive": 0.0002522050344850868, "Negative": 0.999014139175415, "Neutral": 0.0005387758137658238, "Mixed": 0.00019480571791063994}, "keywords": [["lacking", "resources", "university", "experience", "disappointed"]], "positive_keywords": [], "negative_keywords": [["lacking", "resources", "university", "experience", "disappointed"]]}, {"text": "its a good university but i think university has room for improvement", "sentiment": "MIXED", "sentiment_score": {"Positive": 0.09079279005527496, "Negative": 0.0044769770465791225, "Neutral": 0.02031625062227249, "Mixed": 0.8844140768051147}, "keywords": [["improvement", "room", "think", "university", "good"]], "positive_keywords": [], "negative_keywords": []}, {"text": "had higher expectations from university the curriculum needs a serious update", "sentiment": "NEGATIVE", "sentiment_score": {"Positive": 0.03928213194012642, "Negative": 0.6937776803970337, "Neutral": 0.23473480343818665, "Mixed": 0.03220541775226593}, "keywords": [["update", "needs", "curriculum", "university", "expectations"]], "positive_keywords": [], "negative_keywords": [["update", "needs", "curriculum", "university", "expectations"]]}, {"text": "average experience at university nothing particularly outstanding", "sentiment": "NEGATIVE", "sentiment_score": {"Positive": 0.00849381648004055, "Negative": 0.6501188278198242, "Neutral": 0.04405200108885765, "Mixed": 0.29733535647392273}, "keywords": [["outstanding", "particularly", "university", "experience", "average"]], "positive_keywords": [], "negative_keywords": [["outstanding", "particularly", "university", "experience", "average"]]}, {"text": "not what i expected university could really improve its student services", "sentiment": "NEGATIVE", "sentiment_score": {"Positive": 0.002219774993136525, "Negative": 0.9755644798278809, "Neutral": 0.015244387090206146, "Mixed": 0.006971326656639576}, "keywords": [["services", "student", "improve", "really", "university"]], "positive_keywords": [], "negative_keywords": [["services", "student", "improve", "really", "university"]]}, {"text": "not what i expected university could really improve its student services", "sentiment": "NEGATIVE", "sentiment_score": {"Positive": 0.002219774993136525, "Negative": 0.9755644798278809, "Neutral": 0.015244387090206146, "Mixed": 0.006971326656639576}, "keywords": [["services", "student", "improve", "really", "university"]], "positive_keywords": [], "negative_keywords": [["services", "student", "improve", "really", "university"]]}, {"text": "had higher expectations from university the curriculum needs a serious update", "sentiment": "NEGATIVE", "sentiment_score": {"Positive": 0.03928213194012642, "Negative": 0.6937776803970337, "Neutral": 0.23473480343818665, "Mixed": 0.03220541775226593}, "keywords": [["update", "needs", "curriculum", "university", "expectations"]], "positive_keywords": [], "negative_keywords": [["update", "needs", "curriculum", "university", "expectations"]]}, {"text": "absolutely loved my time here university has an incredible campus and community", "sentiment": "POSITIVE", "sentiment_score": {"Positive": 0.9985748529434204, "Negative": 6.635062891291454e-05, "Neutral": 0.001123400405049324, "Mixed": 0.00023545697331428528}, "keywords": [["community", "campus", "incredible", "university", "time"]], "positive_keywords": [["community", "campus", "incredible", "university", "time"]], "negative_keywords": []}]