[{"text": "the most scenic university on this planet of course my opinion is biased being an alum but every corner here is so lovely beautiful architecture greenery everywhere great places to hang out at and everything nice that you could ask for", "sentiment": "POSITIVE", "sentiment_score": {"Positive": 0.6104861497879028, "Negative": 0.0023697293363511562, "Neutral": 0.01919148862361908, "Mixed": 0.36795270442962646}, "keywords": [["ask", "nice", "hang", "places", "great"]], "positive_keywords": [["ask", "nice", "hang", "places", "great"]], "negative_keywords": []}, {"text": "it has a very nice campus one of the best universities in england faculties of education and student dormitories are well designed buildings with modern architecture greet you as you walk around the campus there are options to go to the market and restaurant in the square of the university besides being calm the university has a feelgood atmosphere the structure of the campus is very suitable for long walks and runs", "sentiment": "POSITIVE", "sentiment_score": {"Positive": 0.9913833141326904, "Negative": 4.396237272885628e-05, "Neutral": 0.008536426350474358, "Mixed": 3.629537968663499e-05}, "keywords": [["runs", "walks", "long", "suitable", "structure"]], "positive_keywords": [["runs", "walks", "long", "suitable", "structure"]], "negative_keywords": []}, {"text": "visited and stayed  and then visited and departed \n\nyou are required this year to register your car online for parking and also to provide your registration again and telephone number when you check in\n\nthe room accommodation is lovely and as well as ample plug sockets there is also lots of usb sockets to use comfy bed and great nights rest whilst attending a conference across the way at slate and radcliffe building spaces area\n\nthe food and drink area downstairs at scarman has great staff and the food as you can see from the pictures across the different areas is very good especially the bbq that was put on\n\n", "sentiment": "POSITIVE", "sentiment_score": {"Positive": 0.9282147288322449, "Negative": 0.0021497714333236217, "Neutral": 0.06843948364257812, "Mixed": 0.0011960482224822044}, "keywords": [["bbq", "especially", "good", "areas", "different"]], "positive_keywords": [["bbq", "especially", "good", "areas", "different"]], "negative_keywords": []}, {"text": "april  nice modern campus though a bit far from nearby city parking could be an issue for the visitor", "sentiment": "MIXED", "sentiment_score": {"Positive": 0.006285940762609243, "Negative": 0.0035990269389003515, "Neutral": 0.012650923803448677, "Mixed": 0.9774641394615173}, "keywords": [["visitor", "issue", "parking", "city", "nearby"]], "positive_keywords": [], "negative_keywords": []}, {"text": "forced to stand outside in the heavy rain not allowed in the hall area paid an entance fee to watch boys football  per person boys had already paid an individual payment of  each to enter the tournament coffee was  a cup the quality of the football was very good", "sentiment": "NEGATIVE", "sentiment_score": {"Positive": 0.214857816696167, "Negative": 0.5564121603965759, "Neutral": 0.07461724430322647, "Mixed": 0.15411274135112762}, "keywords": [["good", "quality", "cup", "coffee", "tournament"]], "positive_keywords": [], "negative_keywords": [["good", "quality", "cup", "coffee", "tournament"]]}, {"text": "i was disappointed with my experience at university the resources were lacking", "sentiment": "NEGATIVE", "sentiment_score": {"Positive": 0.0002522050344850868, "Negative": 0.999014139175415, "Neutral": 0.0005387758137658238, "Mixed": 0.00019480571791063994}, "keywords": [["lacking", "resources", "university", "experience", "disappointed"]], "positive_keywords": [], "negative_keywords": [["lacking", "resources", "university", "experience", "disappointed"]]}, {"text": "absolutely loved my time here university has an incredible campus and community", "sentiment": "POSITIVE", "sentiment_score": {"Positive": 0.9985748529434204, "Negative": 6.635062891291454e-05, "Neutral": 0.001123400405049324, "Mixed": 0.00023545697331428528}, "keywords": [["community", "campus", "incredible", "university", "time"]], "positive_keywords": [["community", "campus", "incredible", "university", "time"]], "negative_keywords": []}, {"text": "not what i expected university could really improve its student services", "sentiment": "NEGATIVE", "sentiment_score": {"Positive": 0.002219774993136525, "Negative": 0.9755644798278809, "Neutral": 0.015244387090206146, "Mixed": 0.006971326656639576}, "keywords": [["services", "student", "improve", "really", "university"]], "positive_keywords": [], "negative_keywords": [["services", "student", "improve", "really", "university"]]}, {"text": "its a good university but i think university has room for improvement", "sentiment": "MIXED", "sentiment_score": {"Positive": 0.09079279005527496, "Negative": 0.0044769770465791225, "Neutral": 0.02031625062227249, "Mixed": 0.8844140768051147}, "keywords": [["improvement", "room", "think", "university", "good"]], "positive_keywords": [], "negative_keywords": []}, {"text": "the best years of my life were spent at university highly recommend it", "sentiment": "POSITIVE", "sentiment_score": {"Positive": 0.9983893632888794, "Negative": 0.00029790453845635056, "Neutral": 0.0012738844379782677, "Mixed": 3.883827230310999e-05}, "keywords": [["recommend", "highly", "university", "spent", "life"]], "positive_keywords": [["recommend", "highly", "university", "spent", "life"]], "negative_keywords": []}, {"text": "i was disappointed with my experience at university the resources were lacking", "sentiment": "NEGATIVE", "sentiment_score": {"Positive": 0.0002522050344850868, "Negative": 0.999014139175415, "Neutral": 0.0005387758137658238, "Mixed": 0.00019480571791063994}, "keywords": [["lacking", "resources", "university", "experience", "disappointed"]], "positive_keywords": [], "negative_keywords": [["lacking", "resources", "university", "experience", "disappointed"]]}, {"text": "i was disappointed with my experience at university the resources were lacking", "sentiment": "NEGATIVE", "sentiment_score": {"Positive": 0.0002522050344850868, "Negative": 0.999014139175415, "Neutral": 0.0005387758137658238, "Mixed": 0.00019480571791063994}, "keywords": [["lacking", "resources", "university", "experience", "disappointed"]], "positive_keywords": [], "negative_keywords": [["lacking", "resources", "university", "experience", "disappointed"]]}, {"text": "not what i expected university could really improve its student services", "sentiment": "NEGATIVE", "sentiment_score": {"Positive": 0.002219774993136525, "Negative": 0.9755644798278809, "Neutral": 0.015244387090206146, "Mixed": 0.006971326656639576}, "keywords": [["services", "student", "improve", "really", "university"]], "positive_keywords": [], "negative_keywords": [["services", "student", "improve", "really", "university"]]}, {"text": "absolutely loved my time here university has an incredible campus and community", "sentiment": "POSITIVE", "sentiment_score": {"Positive": 0.9985748529434204, "Negative": 6.635062891291454e-05, "Neutral": 0.001123400405049324, "Mixed": 0.00023545697331428528}, "keywords": [["community", "campus", "incredible", "university", "time"]], "positive_keywords": [["community", "campus", "incredible", "university", "time"]], "negative_keywords": []}, {"text": "average experience at university nothing particularly outstanding", "sentiment": "NEGATIVE", "sentiment_score": {"Positive": 0.00849381648004055, "Negative": 0.6501188278198242, "Neutral": 0.04405200108885765, "Mixed": 0.29733535647392273}, "keywords": [["outstanding", "particularly", "university", "experience", "average"]], "positive_keywords": [], "negative_keywords": [["outstanding", "particularly", "university", "experience", "average"]]}]