[{"text": "the classes we had were fun educational and very informative hopefully ill take more as the program im interested in offers quite a lot highly recommend", "sentiment": "POSITIVE", "sentiment_score": {"Positive": 0.9977637529373169, "Negative": 0.00017206072516273707, "Neutral": 0.0016073063015937805, "Mixed": 0.00045688095269724727}, "keywords": [["recommend", "highly", "lot", "quite", "offers"]], "positive_keywords": [["recommend", "highly", "lot", "quite", "offers"]], "negative_keywords": []}, {"text": "provided water for the davis turkey trot it was such a wonderful day filled with runs for all ages and even furry pets so glad that we got to share clean oollee water to all the participants thank you uc davis ", "sentiment": "POSITIVE", "sentiment_score": {"Positive": 0.9947165846824646, "Negative": 9.685957775218412e-05, "Neutral": 0.004946501925587654, "Mixed": 0.00024009148182813078}, "keywords": [["uc", "thank", "participants", "oollee", "clean"]], "positive_keywords": [["uc", "thank", "participants", "oollee", "clean"]], "negative_keywords": []}, {"text": "such a great college experience here  small hometown feel great safe environment to spend your college years met some of my best friends here", "sentiment": "POSITIVE", "sentiment_score": {"Positive": 0.9833989143371582, "Negative": 0.00014160104910843074, "Neutral": 0.01625092141330242, "Mixed": 0.00020858278730884194}, "keywords": [["friends", "best", "met", "years", "spend"]], "positive_keywords": [["friends", "best", "met", "years", "spend"]], "negative_keywords": []}, {"text": "aggies womens basketball  killed it today too bad im a cal poly grad lol", "sentiment": "MIXED", "sentiment_score": {"Positive": 0.010122034698724747, "Negative": 0.35999470949172974, "Neutral": 0.09756394475698471, "Mixed": 0.5323192477226257}, "keywords": [["lol", "grad", "poly", "cal", "im"]], "positive_keywords": [], "negative_keywords": []}, {"text": "campus is wonderful filled with natural scenery and beloved by students for many opportunities such as clubs and sports however the roads are terrible and some buildings seem outdated", "sentiment": "MIXED", "sentiment_score": {"Positive": 0.22016310691833496, "Negative": 0.002155649708583951, "Neutral": 0.009374723769724369, "Mixed": 0.7683066129684448}, "keywords": [["outdated", "buildings", "terrible", "roads", "sports"]], "positive_keywords": [], "negative_keywords": []}, {"text": "the best years of my life were spent at university highly recommend it", "sentiment": "POSITIVE", "sentiment_score": {"Positive": 0.9983893632888794, "Negative": 0.00029790453845635056, "Neutral": 0.0012738844379782677, "Mixed": 3.883827230310999e-05}, "keywords": [["recommend", "highly", "university", "spent", "life"]], "positive_keywords": [["recommend", "highly", "university", "spent", "life"]], "negative_keywords": []}, {"text": "not what i expected university could really improve its student services", "sentiment": "NEGATIVE", "sentiment_score": {"Positive": 0.002219774993136525, "Negative": 0.9755644798278809, "Neutral": 0.015244387090206146, "Mixed": 0.006971326656639576}, "keywords": [["services", "student", "improve", "really", "university"]], "positive_keywords": [], "negative_keywords": [["services", "student", "improve", "really", "university"]]}, {"text": "not what i expected university could really improve its student services", "sentiment": "NEGATIVE", "sentiment_score": {"Positive": 0.002219774993136525, "Negative": 0.9755644798278809, "Neutral": 0.015244387090206146, "Mixed": 0.006971326656639576}, "keywords": [["services", "student", "improve", "really", "university"]], "positive_keywords": [], "negative_keywords": [["services", "student", "improve", "really", "university"]]}, {"text": "my time at university was decent good in some aspects but could be better in others", "sentiment": "MIXED", "sentiment_score": {"Positive": 0.010245845653116703, "Negative": 0.01066859345883131, "Neutral": 0.006733235437422991, "Mixed": 0.9723523259162903}, "keywords": [["better", "aspects", "good", "decent", "university"]], "positive_keywords": [], "negative_keywords": []}, {"text": "average experience at university nothing particularly outstanding", "sentiment": "NEGATIVE", "sentiment_score": {"Positive": 0.00849381648004055, "Negative": 0.6501188278198242, "Neutral": 0.04405200108885765, "Mixed": 0.29733535647392273}, "keywords": [["outstanding", "particularly", "university", "experience", "average"]], "positive_keywords": [], "negative_keywords": [["outstanding", "particularly", "university", "experience", "average"]]}, {"text": "i had an amazing experience at university the faculty and facilities are topnotch", "sentiment": "POSITIVE", "sentiment_score": {"Positive": 0.9932656288146973, "Negative": 0.00032129944884218276, "Neutral": 0.0041029369458556175, "Mixed": 0.0023101065307855606}, "keywords": [["topnotch", "facilities", "faculty", "university", "experience"]], "positive_keywords": [["topnotch", "facilities", "faculty", "university", "experience"]], "negative_keywords": []}, {"text": "its a good university but i think university has room for improvement", "sentiment": "MIXED", "sentiment_score": {"Positive": 0.09079279005527496, "Negative": 0.0044769770465791225, "Neutral": 0.02031625062227249, "Mixed": 0.8844140768051147}, "keywords": [["improvement", "room", "think", "university", "good"]], "positive_keywords": [], "negative_keywords": []}, {"text": "my time at university was decent good in some aspects but could be better in others", "sentiment": "MIXED", "sentiment_score": {"Positive": 0.010245845653116703, "Negative": 0.01066859345883131, "Neutral": 0.006733235437422991, "Mixed": 0.9723523259162903}, "keywords": [["better", "aspects", "good", "decent", "university"]], "positive_keywords": [], "negative_keywords": []}, {"text": "i was disappointed with my experience at university the resources were lacking", "sentiment": "NEGATIVE", "sentiment_score": {"Positive": 0.0002522050344850868, "Negative": 0.999014139175415, "Neutral": 0.0005387758137658238, "Mixed": 0.00019480571791063994}, "keywords": [["lacking", "resources", "university", "experience", "disappointed"]], "positive_keywords": [], "negative_keywords": [["lacking", "resources", "university", "experience", "disappointed"]]}, {"text": "the best years of my life were spent at university highly recommend it", "sentiment": "POSITIVE", "sentiment_score": {"Positive": 0.9983893632888794, "Negative": 0.00029790453845635056, "Neutral": 0.0012738844379782677, "Mixed": 3.883827230310999e-05}, "keywords": [["recommend", "highly", "university", "spent", "life"]], "positive_keywords": [["recommend", "highly", "university", "spent", "life"]], "negative_keywords": []}]