[{"text": "visited the university during a short stay in canberra heard it was australias top university so had to make a visit campus is located in the center of the city with access to the newly built tram thats within a walking distance university is well maintained and quite modern building infrastructure there are a number of shops located within the campus", "sentiment": "NEUTRAL", "sentiment_score": {"Positive": 0.14417916536331177, "Negative": 0.0008019275846891105, "Neutral": 0.8549731373786926, "Mixed": 4.5808559661963955e-05}, "keywords": [["shops", "number", "infrastructure", "building", "modern"]], "positive_keywords": [], "negative_keywords": []}, {"text": "has spent almost  years in anu it is always a lovely place for work and study really enjoyed the peaceful nature environment and the culture of the academics", "sentiment": "POSITIVE", "sentiment_score": {"Positive": 0.9822466969490051, "Negative": 0.0004450638953130692, "Neutral": 0.016008127480745316, "Mixed": 0.0013000392355024815}, "keywords": [["academics", "culture", "environment", "nature", "peaceful"]], "positive_keywords": [["academics", "culture", "environment", "nature", "peaceful"]], "negative_keywords": []}, {"text": "amazing view and sightseeing with rich history you can see the environmental impact of the firestorm on the observatory and valley", "sentiment": "POSITIVE", "sentiment_score": {"Positive": 0.9974971413612366, "Negative": 4.450361666386016e-05, "Neutral": 0.0024333838373422623, "Mixed": 2.493461943231523e-05}, "keywords": [["valley", "observatory", "firestorm", "impact", "environmental"]], "positive_keywords": [["valley", "observatory", "firestorm", "impact", "environmental"]], "negative_keywords": []}, {"text": "very quiet and many buildings are upgrading and renovating during ", "sentiment": "POSITIVE", "sentiment_score": {"Positive": 0.888344407081604, "Negative": 0.0018246120307594538, "Neutral": 0.10958706587553024, "Mixed": 0.00024388650490436703}, "keywords": [["renovating", "upgrading", "buildings", "quiet"]], "positive_keywords": [["renovating", "upgrading", "buildings", "quiet"]], "negative_keywords": []}, {"text": "disgusting a prof denise ferris spitting on a no voter spitting disgusting act and in a time infection control has been paramountthis university needs to remove her", "sentiment": "NEGATIVE", "sentiment_score": {"Positive": 0.00100317329633981, "Negative": 0.9677016735076904, "Neutral": 0.02955595962703228, "Mixed": 0.0017392543377354741}, "keywords": [["remove", "needs", "university", "paramountthis", "control"]], "positive_keywords": [], "negative_keywords": [["remove", "needs", "university", "paramountthis", "control"]]}, {"text": "absolutely loved my time here university has an incredible campus and community", "sentiment": "POSITIVE", "sentiment_score": {"Positive": 0.9985748529434204, "Negative": 6.635062891291454e-05, "Neutral": 0.001123400405049324, "Mixed": 0.00023545697331428528}, "keywords": [["community", "campus", "incredible", "university", "time"]], "positive_keywords": [["community", "campus", "incredible", "university", "time"]], "negative_keywords": []}, {"text": "not what i expected university could really improve its student services", "sentiment": "NEGATIVE", "sentiment_score": {"Positive": 0.002219774993136525, "Negative": 0.9755644798278809, "Neutral": 0.015244387090206146, "Mixed": 0.006971326656639576}, "keywords": [["services", "student", "improve", "really", "university"]], "positive_keywords": [], "negative_keywords": [["services", "student", "improve", "really", "university"]]}, {"text": "absolutely loved my time here university has an incredible campus and community", "sentiment": "POSITIVE", "sentiment_score": {"Positive": 0.9985748529434204, "Negative": 6.635062891291454e-05, "Neutral": 0.001123400405049324, "Mixed": 0.00023545697331428528}, "keywords": [["community", "campus", "incredible", "university", "time"]], "positive_keywords": [["community", "campus", "incredible", "university", "time"]], "negative_keywords": []}, {"text": "my time at university was decent good in some aspects but could be better in others", "sentiment": "MIXED", "sentiment_score": {"Positive": 0.010245845653116703, "Negative": 0.01066859345883131, "Neutral": 0.006733235437422991, "Mixed": 0.9723523259162903}, "keywords": [["better", "aspects", "good", "decent", "university"]], "positive_keywords": [], "negative_keywords": []}, {"text": "i was disappointed with my experience at university the resources were lacking", "sentiment": "NEGATIVE", "sentiment_score": {"Positive": 0.0002522050344850868, "Negative": 0.999014139175415, "Neutral": 0.0005387758137658238, "Mixed": 0.00019480571791063994}, "keywords": [["lacking", "resources", "university", "experience", "disappointed"]], "positive_keywords": [], "negative_keywords": [["lacking", "resources", "university", "experience", "disappointed"]]}, {"text": "had higher expectations from university the curriculum needs a serious update", "sentiment": "NEGATIVE", "sentiment_score": {"Positive": 0.03928213194012642, "Negative": 0.6937776803970337, "Neutral": 0.23473480343818665, "Mixed": 0.03220541775226593}, "keywords": [["update", "needs", "curriculum", "university", "expectations"]], "positive_keywords": [], "negative_keywords": [["update", "needs", "curriculum", "university", "expectations"]]}, {"text": "the best years of my life were spent at university highly recommend it", "sentiment": "POSITIVE", "sentiment_score": {"Positive": 0.9983893632888794, "Negative": 0.00029790453845635056, "Neutral": 0.0012738844379782677, "Mixed": 3.883827230310999e-05}, "keywords": [["recommend", "highly", "university", "spent", "life"]], "positive_keywords": [["recommend", "highly", "university", "spent", "life"]], "negative_keywords": []}, {"text": "absolutely loved my time here university has an incredible campus and community", "sentiment": "POSITIVE", "sentiment_score": {"Positive": 0.9985748529434204, "Negative": 6.635062891291454e-05, "Neutral": 0.001123400405049324, "Mixed": 0.00023545697331428528}, "keywords": [["community", "campus", "incredible", "university", "time"]], "positive_keywords": [["community", "campus", "incredible", "university", "time"]], "negative_keywords": []}, {"text": "i was disappointed with my experience at university the resources were lacking", "sentiment": "NEGATIVE", "sentiment_score": {"Positive": 0.0002522050344850868, "Negative": 0.999014139175415, "Neutral": 0.0005387758137658238, "Mixed": 0.00019480571791063994}, "keywords": [["lacking", "resources", "university", "experience", "disappointed"]], "positive_keywords": [], "negative_keywords": [["lacking", "resources", "university", "experience", "disappointed"]]}, {"text": "had higher expectations from university the curriculum needs a serious update", "sentiment": "NEGATIVE", "sentiment_score": {"Positive": 0.03928213194012642, "Negative": 0.6937776803970337, "Neutral": 0.23473480343818665, "Mixed": 0.03220541775226593}, "keywords": [["update", "needs", "curriculum", "university", "expectations"]], "positive_keywords": [], "negative_keywords": [["update", "needs", "curriculum", "university", "expectations"]]}]