[{"text": "i consider it my home i like its overall vibe it is one of the best universities in the world and shines in every field of science they know how to develop top leaders scientists and engineers no matter what your passion is  they will help you put a step further", "sentiment": "POSITIVE", "sentiment_score": {"Positive": 0.9882013201713562, "Negative": 0.00010538032802287489, "Neutral": 0.011379030533134937, "Mixed": 0.0003141605411656201}, "keywords": [["step", "help", "passion", "matter", "engineers"]], "positive_keywords": [["step", "help", "passion", "matter", "engineers"]], "negative_keywords": []}, {"text": "fantastic university\none of the top ranked universities in the united states especially in computer science and robotics\nalso one of the most expensive universities\nthe campus is decent\nthe location is pretty good it is very well connected to almost all the locations of the city due to its central location", "sentiment": "POSITIVE", "sentiment_score": {"Positive": 0.9828485250473022, "Negative": 0.0001783371699275449, "Neutral": 0.016909722238779068, "Mixed": 6.348603346850723e-05}, "keywords": [["central", "city", "locations", "connected", "good"]], "positive_keywords": [["central", "city", "locations", "connected", "good"]], "negative_keywords": []}, {"text": "awesome institution visited here for a tour and the facility staff were so welcoming and friendly additionally we were given the chance to sit in on a computer science lecture and got to talk to an older gentleman who we didnt find out until later was one of the head professors very nice wellmaintained resourceful and friendly university", "sentiment": "POSITIVE", "sentiment_score": {"Positive": 0.9968727231025696, "Negative": 9.449106437386945e-05, "Neutral": 0.0029487626161426306, "Mixed": 8.40614884509705e-05}, "keywords": [["university", "resourceful", "wellmaintained", "nice", "professors"]], "positive_keywords": [["university", "resourceful", "wellmaintained", "nice", "professors"]], "negative_keywords": []}, {"text": "i came to this school to learn everything  i needed to i did that i wouldnt have even known what textbooks to read without my professors syllabus when college is rendered obsolete by chatgpt ill smile remembering how administrators and jealous classmates persecuted me for being a hippie good exams they made me learn whoever designs them deserves an award i doubt its the professors", "sentiment": "POSITIVE", "sentiment_score": {"Positive": 0.359502375125885, "Negative": 0.18967700004577637, "Neutral": 0.2532612085342407, "Mixed": 0.19755949079990387}, "keywords": [["doubt", "award", "deserves", "designs", "exams"]], "positive_keywords": [["doubt", "award", "deserves", "designs", "exams"]], "negative_keywords": []}, {"text": "school of computer science is the crown jewel of cmu even with  faculty members it only enrolls  undergraduates each year so the students are as good as those in stanford mit hpy  cmu is ranked number one in computer sciences by research papers if your kids are determined to pursue cs major this could be a better choice than most ivy colleges\nfyi computer engineering major is not within scs the say its next to impossible to transfer into scs from other six schools in cmu", "sentiment": "NEUTRAL", "sentiment_score": {"Positive": 0.15179161727428436, "Negative": 0.14083275198936462, "Neutral": 0.6983851194381714, "Mixed": 0.008990541100502014}, "keywords": [["schools", "transfer", "impossible", "say", "scs"]], "positive_keywords": [], "negative_keywords": []}, {"text": "i was disappointed with my experience at university the resources were lacking", "sentiment": "NEGATIVE", "sentiment_score": {"Positive": 0.0002522050344850868, "Negative": 0.999014139175415, "Neutral": 0.0005387758137658238, "Mixed": 0.00019480571791063994}, "keywords": [["lacking", "resources", "university", "experience", "disappointed"]], "positive_keywords": [], "negative_keywords": [["lacking", "resources", "university", "experience", "disappointed"]]}, {"text": "i was disappointed with my experience at university the resources were lacking", "sentiment": "NEGATIVE", "sentiment_score": {"Positive": 0.0002522050344850868, "Negative": 0.999014139175415, "Neutral": 0.0005387758137658238, "Mixed": 0.00019480571791063994}, "keywords": [["lacking", "resources", "university", "experience", "disappointed"]], "positive_keywords": [], "negative_keywords": [["lacking", "resources", "university", "experience", "disappointed"]]}, {"text": "my time at university was decent good in some aspects but could be better in others", "sentiment": "MIXED", "sentiment_score": {"Positive": 0.010245845653116703, "Negative": 0.01066859345883131, "Neutral": 0.006733235437422991, "Mixed": 0.9723523259162903}, "keywords": [["better", "aspects", "good", "decent", "university"]], "positive_keywords": [], "negative_keywords": []}, {"text": "i was disappointed with my experience at university the resources were lacking", "sentiment": "NEGATIVE", "sentiment_score": {"Positive": 0.0002522050344850868, "Negative": 0.999014139175415, "Neutral": 0.0005387758137658238, "Mixed": 0.00019480571791063994}, "keywords": [["lacking", "resources", "university", "experience", "disappointed"]], "positive_keywords": [], "negative_keywords": [["lacking", "resources", "university", "experience", "disappointed"]]}, {"text": "absolutely loved my time here university has an incredible campus and community", "sentiment": "POSITIVE", "sentiment_score": {"Positive": 0.9985748529434204, "Negative": 6.635062891291454e-05, "Neutral": 0.001123400405049324, "Mixed": 0.00023545697331428528}, "keywords": [["community", "campus", "incredible", "university", "time"]], "positive_keywords": [["community", "campus", "incredible", "university", "time"]], "negative_keywords": []}, {"text": "had higher expectations from university the curriculum needs a serious update", "sentiment": "NEGATIVE", "sentiment_score": {"Positive": 0.03928213194012642, "Negative": 0.6937776803970337, "Neutral": 0.23473480343818665, "Mixed": 0.03220541775226593}, "keywords": [["update", "needs", "curriculum", "university", "expectations"]], "positive_keywords": [], "negative_keywords": [["update", "needs", "curriculum", "university", "expectations"]]}, {"text": "the best years of my life were spent at university highly recommend it", "sentiment": "POSITIVE", "sentiment_score": {"Positive": 0.9983893632888794, "Negative": 0.00029790453845635056, "Neutral": 0.0012738844379782677, "Mixed": 3.883827230310999e-05}, "keywords": [["recommend", "highly", "university", "spent", "life"]], "positive_keywords": [["recommend", "highly", "university", "spent", "life"]], "negative_keywords": []}, {"text": "i was disappointed with my experience at university the resources were lacking", "sentiment": "NEGATIVE", "sentiment_score": {"Positive": 0.0002522050344850868, "Negative": 0.999014139175415, "Neutral": 0.0005387758137658238, "Mixed": 0.00019480571791063994}, "keywords": [["lacking", "resources", "university", "experience", "disappointed"]], "positive_keywords": [], "negative_keywords": [["lacking", "resources", "university", "experience", "disappointed"]]}, {"text": "its a good university but i think university has room for improvement", "sentiment": "MIXED", "sentiment_score": {"Positive": 0.09079279005527496, "Negative": 0.0044769770465791225, "Neutral": 0.02031625062227249, "Mixed": 0.8844140768051147}, "keywords": [["improvement", "room", "think", "university", "good"]], "positive_keywords": [], "negative_keywords": []}, {"text": "average experience at university nothing particularly outstanding", "sentiment": "NEGATIVE", "sentiment_score": {"Positive": 0.00849381648004055, "Negative": 0.6501188278198242, "Neutral": 0.04405200108885765, "Mixed": 0.29733535647392273}, "keywords": [["outstanding", "particularly", "university", "experience", "average"]], "positive_keywords": [], "negative_keywords": [["outstanding", "particularly", "university", "experience", "average"]]}]