[{"text": "the\u00a0university of toronto\u00a0is a\u00a0public\u00a0research university\u00a0in\u00a0toronto\u00a0ontario canada located on the grounds that surround\u00a0queens park it was founded by\u00a0royal charter\u00a0in  as\u00a0kings college the first institution of higher learning in\u00a0upper canada originally controlled by the\u00a0church of england the university assumed its present name in  upon becoming a secular institution as a\u00a0collegiate university it comprises \u00a0colleges\u00a0each with substantial autonomy on financial and institutional affairs and significant differences in character and history the university maintains three campuses the oldest of which is st george located in\u00a0downtown toronto the other two\u00a0satellite campuses\u00a0are located in\u00a0scarborough\u00a0and\u00a0mississauga", "sentiment": "NEUTRAL", "sentiment_score": {"Positive": 0.001678888569585979, "Negative": 7.492909935535863e-05, "Neutral": 0.998237133026123, "Mixed": 9.055770533450413e-06}, "keywords": [["mississauga", "scarborough", "satellite", "downtown", "george"]], "positive_keywords": [], "negative_keywords": []}, {"text": "beautiful landscape and buildings harry potter fan favourite  toronto landscape education school law economics", "sentiment": "POSITIVE", "sentiment_score": {"Positive": 0.8347275853157043, "Negative": 0.0005476788501255214, "Neutral": 0.1633874624967575, "Mixed": 0.0013373011024668813}, "keywords": [["economics", "law", "school", "education", "toronto"]], "positive_keywords": [["economics", "law", "school", "education", "toronto"]], "negative_keywords": []}, {"text": "it is a magnificent university with a lot of history and cultural diversity youll get to see many beautiful architectural works around it however you need a whole day to complete the university tour", "sentiment": "POSITIVE", "sentiment_score": {"Positive": 0.9756327271461487, "Negative": 0.00036577173159457743, "Neutral": 0.012988707050681114, "Mixed": 0.011012864299118519}, "keywords": [["tour", "complete", "day", "need", "works"]], "positive_keywords": [["tour", "complete", "day", "need", "works"]], "negative_keywords": []}, {"text": "youll get to see many beautiful architectural works around it however you need a whole day to complete the university tour my favourite spot for photoshoot", "sentiment": "POSITIVE", "sentiment_score": {"Positive": 0.6197184324264526, "Negative": 0.008493086323142052, "Neutral": 0.22155797481536865, "Mixed": 0.1502305120229721}, "keywords": [["photoshoot", "spot", "favourite", "tour", "university"]], "positive_keywords": [["photoshoot", "spot", "favourite", "tour", "university"]], "negative_keywords": []}, {"text": "the architecture is really cool so its a nice place to walk around", "sentiment": "POSITIVE", "sentiment_score": {"Positive": 0.9990509152412415, "Negative": 4.1512765164952725e-05, "Neutral": 0.0005979671259410679, "Mixed": 0.00030960413278080523}, "keywords": [["walk", "place", "nice", "cool", "really"]], "positive_keywords": [["walk", "place", "nice", "cool", "really"]], "negative_keywords": []}, {"text": "average experience at university nothing particularly outstanding", "sentiment": "NEGATIVE", "sentiment_score": {"Positive": 0.00849381648004055, "Negative": 0.6501188278198242, "Neutral": 0.04405200108885765, "Mixed": 0.29733535647392273}, "keywords": [["outstanding", "particularly", "university", "experience", "average"]], "positive_keywords": [], "negative_keywords": [["outstanding", "particularly", "university", "experience", "average"]]}, {"text": "i had an amazing experience at university the faculty and facilities are topnotch", "sentiment": "POSITIVE", "sentiment_score": {"Positive": 0.9932656288146973, "Negative": 0.00032129944884218276, "Neutral": 0.0041029369458556175, "Mixed": 0.0023101065307855606}, "keywords": [["topnotch", "facilities", "faculty", "university", "experience"]], "positive_keywords": [["topnotch", "facilities", "faculty", "university", "experience"]], "negative_keywords": []}, {"text": "not what i expected university could really improve its student services", "sentiment": "NEGATIVE", "sentiment_score": {"Positive": 0.002219774993136525, "Negative": 0.9755644798278809, "Neutral": 0.015244387090206146, "Mixed": 0.006971326656639576}, "keywords": [["services", "student", "improve", "really", "university"]], "positive_keywords": [], "negative_keywords": [["services", "student", "improve", "really", "university"]]}, {"text": "i was disappointed with my experience at university the resources were lacking", "sentiment": "NEGATIVE", "sentiment_score": {"Positive": 0.0002522050344850868, "Negative": 0.999014139175415, "Neutral": 0.0005387758137658238, "Mixed": 0.00019480571791063994}, "keywords": [["lacking", "resources", "university", "experience", "disappointed"]], "positive_keywords": [], "negative_keywords": [["lacking", "resources", "university", "experience", "disappointed"]]}, {"text": "had higher expectations from university the curriculum needs a serious update", "sentiment": "NEGATIVE", "sentiment_score": {"Positive": 0.03928213194012642, "Negative": 0.6937776803970337, "Neutral": 0.23473480343818665, "Mixed": 0.03220541775226593}, "keywords": [["update", "needs", "curriculum", "university", "expectations"]], "positive_keywords": [], "negative_keywords": [["update", "needs", "curriculum", "university", "expectations"]]}, {"text": "my time at university was decent good in some aspects but could be better in others", "sentiment": "MIXED", "sentiment_score": {"Positive": 0.010245845653116703, "Negative": 0.01066859345883131, "Neutral": 0.006733235437422991, "Mixed": 0.9723523259162903}, "keywords": [["better", "aspects", "good", "decent", "university"]], "positive_keywords": [], "negative_keywords": []}, {"text": "i was disappointed with my experience at university the resources were lacking", "sentiment": "NEGATIVE", "sentiment_score": {"Positive": 0.0002522050344850868, "Negative": 0.999014139175415, "Neutral": 0.0005387758137658238, "Mixed": 0.00019480571791063994}, "keywords": [["lacking", "resources", "university", "experience", "disappointed"]], "positive_keywords": [], "negative_keywords": [["lacking", "resources", "university", "experience", "disappointed"]]}, {"text": "i was disappointed with my experience at university the resources were lacking", "sentiment": "NEGATIVE", "sentiment_score": {"Positive": 0.0002522050344850868, "Negative": 0.999014139175415, "Neutral": 0.0005387758137658238, "Mixed": 0.00019480571791063994}, "keywords": [["lacking", "resources", "university", "experience", "disappointed"]], "positive_keywords": [], "negative_keywords": [["lacking", "resources", "university", "experience", "disappointed"]]}, {"text": "had higher expectations from university the curriculum needs a serious update", "sentiment": "NEGATIVE", "sentiment_score": {"Positive": 0.03928213194012642, "Negative": 0.6937776803970337, "Neutral": 0.23473480343818665, "Mixed": 0.03220541775226593}, "keywords": [["update", "needs", "curriculum", "university", "expectations"]], "positive_keywords": [], "negative_keywords": [["update", "needs", "curriculum", "university", "expectations"]]}, {"text": "absolutely loved my time here university has an incredible campus and community", "sentiment": "POSITIVE", "sentiment_score": {"Positive": 0.9985748529434204, "Negative": 6.635062891291454e-05, "Neutral": 0.001123400405049324, "Mixed": 0.00023545697331428528}, "keywords": [["community", "campus", "incredible", "university", "time"]], "positive_keywords": [["community", "campus", "incredible", "university", "time"]], "negative_keywords": []}]