[{"text": "the new main building was built with a good story and the design of the facilities is amazing making the campus so walkable and friendly the old classic main building is beautiful as well", "sentiment": "POSITIVE", "sentiment_score": {"Positive": 0.9991353154182434, "Negative": 4.2394902266096324e-05, "Neutral": 0.0006644392851740122, "Mixed": 0.00015791684563737363}, "keywords": [["beautiful", "classic", "old", "friendly", "walkable"]], "positive_keywords": [["beautiful", "classic", "old", "friendly", "walkable"]], "negative_keywords": []}, {"text": "my daughter was kind enough to walk me around the campus one more time right before the midautumn festival was impressed by groups of students scattered around one of the buildings which was donated by lee ka sing they were very actively engaged in studies and rehearsals excellent vibe", "sentiment": "POSITIVE", "sentiment_score": {"Positive": 0.97896808385849, "Negative": 0.0008356066537089646, "Neutral": 0.019939513877034187, "Mixed": 0.0002568066993262619}, "keywords": [["vibe", "excellent", "rehearsals", "studies", "engaged"]], "positive_keywords": [["vibe", "excellent", "rehearsals", "studies", "engaged"]], "negative_keywords": []}, {"text": "take to hku station then exit a to enter the university it is open to public there are some eateries and cafes within the campus\n\nmany generations of leaders in hong kong studies here many buildings are also named after prominent luminaries", "sentiment": "NEUTRAL", "sentiment_score": {"Positive": 0.007684037089347839, "Negative": 0.001748200855217874, "Neutral": 0.9905125498771667, "Mixed": 5.522298306459561e-05}, "keywords": [["luminaries", "prominent", "named", "buildings", "studies"]], "positive_keywords": [], "negative_keywords": []}, {"text": "i wish my kids can study here one day the scholarly environment and the centennial garden with their luxurious library are all so attractive", "sentiment": "POSITIVE", "sentiment_score": {"Positive": 0.9521041512489319, "Negative": 0.008000251837074757, "Neutral": 0.021771568804979324, "Mixed": 0.018124042078852654}, "keywords": [["attractive", "library", "luxurious", "garden", "centennial"]], "positive_keywords": [["attractive", "library", "luxurious", "garden", "centennial"]], "negative_keywords": []}, {"text": "its good to immerse into the knowledge hub just that wondering since when this becomes the tourist spot", "sentiment": "POSITIVE", "sentiment_score": {"Positive": 0.9757834076881409, "Negative": 0.001057361369021237, "Neutral": 0.02259604074060917, "Mixed": 0.000563130946829915}, "keywords": [["spot", "tourist", "wondering", "just", "hub"]], "positive_keywords": [["spot", "tourist", "wondering", "just", "hub"]], "negative_keywords": []}, {"text": "not what i expected university could really improve its student services", "sentiment": "NEGATIVE", "sentiment_score": {"Positive": 0.002219774993136525, "Negative": 0.9755644798278809, "Neutral": 0.015244387090206146, "Mixed": 0.006971326656639576}, "keywords": [["services", "student", "improve", "really", "university"]], "positive_keywords": [], "negative_keywords": [["services", "student", "improve", "really", "university"]]}, {"text": "the best years of my life were spent at university highly recommend it", "sentiment": "POSITIVE", "sentiment_score": {"Positive": 0.9983893632888794, "Negative": 0.00029790453845635056, "Neutral": 0.0012738844379782677, "Mixed": 3.883827230310999e-05}, "keywords": [["recommend", "highly", "university", "spent", "life"]], "positive_keywords": [["recommend", "highly", "university", "spent", "life"]], "negative_keywords": []}, {"text": "i was disappointed with my experience at university the resources were lacking", "sentiment": "NEGATIVE", "sentiment_score": {"Positive": 0.0002522050344850868, "Negative": 0.999014139175415, "Neutral": 0.0005387758137658238, "Mixed": 0.00019480571791063994}, "keywords": [["lacking", "resources", "university", "experience", "disappointed"]], "positive_keywords": [], "negative_keywords": [["lacking", "resources", "university", "experience", "disappointed"]]}, {"text": "my time at university was decent good in some aspects but could be better in others", "sentiment": "MIXED", "sentiment_score": {"Positive": 0.010245845653116703, "Negative": 0.01066859345883131, "Neutral": 0.006733235437422991, "Mixed": 0.9723523259162903}, "keywords": [["better", "aspects", "good", "decent", "university"]], "positive_keywords": [], "negative_keywords": []}, {"text": "my time at university was decent good in some aspects but could be better in others", "sentiment": "MIXED", "sentiment_score": {"Positive": 0.010245845653116703, "Negative": 0.01066859345883131, "Neutral": 0.006733235437422991, "Mixed": 0.9723523259162903}, "keywords": [["better", "aspects", "good", "decent", "university"]], "positive_keywords": [], "negative_keywords": []}, {"text": "had higher expectations from university the curriculum needs a serious update", "sentiment": "NEGATIVE", "sentiment_score": {"Positive": 0.03928213194012642, "Negative": 0.6937776803970337, "Neutral": 0.23473480343818665, "Mixed": 0.03220541775226593}, "keywords": [["update", "needs", "curriculum", "university", "expectations"]], "positive_keywords": [], "negative_keywords": [["update", "needs", "curriculum", "university", "expectations"]]}, {"text": "absolutely loved my time here university has an incredible campus and community", "sentiment": "POSITIVE", "sentiment_score": {"Positive": 0.9985748529434204, "Negative": 6.635062891291454e-05, "Neutral": 0.001123400405049324, "Mixed": 0.00023545697331428528}, "keywords": [["community", "campus", "incredible", "university", "time"]], "positive_keywords": [["community", "campus", "incredible", "university", "time"]], "negative_keywords": []}, {"text": "i was disappointed with my experience at university the resources were lacking", "sentiment": "NEGATIVE", "sentiment_score": {"Positive": 0.0002522050344850868, "Negative": 0.999014139175415, "Neutral": 0.0005387758137658238, "Mixed": 0.00019480571791063994}, "keywords": [["lacking", "resources", "university", "experience", "disappointed"]], "positive_keywords": [], "negative_keywords": [["lacking", "resources", "university", "experience", "disappointed"]]}, {"text": "the best years of my life were spent at university highly recommend it", "sentiment": "POSITIVE", "sentiment_score": {"Positive": 0.9983893632888794, "Negative": 0.00029790453845635056, "Neutral": 0.0012738844379782677, "Mixed": 3.883827230310999e-05}, "keywords": [["recommend", "highly", "university", "spent", "life"]], "positive_keywords": [["recommend", "highly", "university", "spent", "life"]], "negative_keywords": []}, {"text": "its a good university but i think university has room for improvement", "sentiment": "MIXED", "sentiment_score": {"Positive": 0.09079279005527496, "Negative": 0.0044769770465791225, "Neutral": 0.02031625062227249, "Mixed": 0.8844140768051147}, "keywords": [["improvement", "room", "think", "university", "good"]], "positive_keywords": [], "negative_keywords": []}]