[{"text": "stepping onto the campus of northwestern university was a truly remarkable experience that left an indelible impression on me the fusion of academic excellence and vibrant student life was immediately palpable as i navigated the picturesque pathways engaging with students and faculty i was struck by the palpable atmosphere of intellectual curiosity and collaboration that permeated every corner the modern facilities and cuttingedge research centers underscored northwesterns commitment to pushing boundaries and fostering innovation amidst this dynamic environment the serene beauty of lake michigan provided a serene backdrop offering a serene balance to the bustling energy of campus life my visit to northwestern was a journey of inspiration leaving me with a deep appreciation for the universitys rich academic legacy and its unwavering dedication to shaping the leaders of tomorrow", "sentiment": "POSITIVE", "sentiment_score": {"Positive": 0.9771198630332947, "Negative": 0.00010921317152678967, "Neutral": 0.02265896275639534, "Mixed": 0.00011193377577001229}, "keywords": [["tomorrow", "leaders", "shaping", "dedication", "unwavering"]], "positive_keywords": [["tomorrow", "leaders", "shaping", "dedication", "unwavering"]], "negative_keywords": []}, {"text": "great school at an executive training program for transportation the campus is absolutely beautiful and the lake view is fantastic  photos near kellogg business school and n backside near lake michigan", "sentiment": "POSITIVE", "sentiment_score": {"Positive": 0.9820788502693176, "Negative": 0.0002914304786827415, "Neutral": 0.01741415448486805, "Mixed": 0.00021567329531535506}, "keywords": [["michigan", "backside", "business", "kellogg", "near"]], "positive_keywords": [["michigan", "backside", "business", "kellogg", "near"]], "negative_keywords": []}, {"text": "this summer sunshine golden beach and surfing people gave me an illusion that northwestern university has a campus towards the vast ocean but in fact it just next to the michigan lake when i came here in the early morning this beautiful campus was in tranquility and peace some people playing beach volleyball and sand statues some surfing and sailing yes its just one plain day but also one perfect day perfect campus", "sentiment": "POSITIVE", "sentiment_score": {"Positive": 0.9195058941841125, "Negative": 0.002730696927756071, "Neutral": 0.0768292024731636, "Mixed": 0.0009342001867480576}, "keywords": [["perfect", "day", "plain", "yes", "sailing"]], "positive_keywords": [["perfect", "day", "plain", "yes", "sailing"]], "negative_keywords": []}, {"text": "amazingly beautiful campus on lake michigan great mix of old and modern buildings good dining options lots of bike racks", "sentiment": "POSITIVE", "sentiment_score": {"Positive": 0.990872323513031, "Negative": 0.0003740604151971638, "Neutral": 0.008357818238437176, "Mixed": 0.0003958128800150007}, "keywords": [["racks", "bike", "lots", "options", "dining"]], "positive_keywords": [["racks", "bike", "lots", "options", "dining"]], "negative_keywords": []}, {"text": "top class and globally competitive graduate and post graduate education provided  high value research in arts humanities and sciences the quality of people facilities and outputs speak", "sentiment": "NEUTRAL", "sentiment_score": {"Positive": 0.30512627959251404, "Negative": 0.0003354764776304364, "Neutral": 0.6944333910942078, "Mixed": 0.00010484510130481794}, "keywords": [["speak", "outputs", "facilities", "people", "quality"]], "positive_keywords": [], "negative_keywords": []}, {"text": "its a good university but i think university has room for improvement", "sentiment": "MIXED", "sentiment_score": {"Positive": 0.09079279005527496, "Negative": 0.0044769770465791225, "Neutral": 0.02031625062227249, "Mixed": 0.8844140768051147}, "keywords": [["improvement", "room", "think", "university", "good"]], "positive_keywords": [], "negative_keywords": []}, {"text": "average experience at university nothing particularly outstanding", "sentiment": "NEGATIVE", "sentiment_score": {"Positive": 0.00849381648004055, "Negative": 0.6501188278198242, "Neutral": 0.04405200108885765, "Mixed": 0.29733535647392273}, "keywords": [["outstanding", "particularly", "university", "experience", "average"]], "positive_keywords": [], "negative_keywords": [["outstanding", "particularly", "university", "experience", "average"]]}, {"text": "absolutely loved my time here university has an incredible campus and community", "sentiment": "POSITIVE", "sentiment_score": {"Positive": 0.9985748529434204, "Negative": 6.635062891291454e-05, "Neutral": 0.001123400405049324, "Mixed": 0.00023545697331428528}, "keywords": [["community", "campus", "incredible", "university", "time"]], "positive_keywords": [["community", "campus", "incredible", "university", "time"]], "negative_keywords": []}, {"text": "had higher expectations from university the curriculum needs a serious update", "sentiment": "NEGATIVE", "sentiment_score": {"Positive": 0.03928213194012642, "Negative": 0.6937776803970337, "Neutral": 0.23473480343818665, "Mixed": 0.03220541775226593}, "keywords": [["update", "needs", "curriculum", "university", "expectations"]], "positive_keywords": [], "negative_keywords": [["update", "needs", "curriculum", "university", "expectations"]]}, {"text": "i had an amazing experience at university the faculty and facilities are topnotch", "sentiment": "POSITIVE", "sentiment_score": {"Positive": 0.9932656288146973, "Negative": 0.00032129944884218276, "Neutral": 0.0041029369458556175, "Mixed": 0.0023101065307855606}, "keywords": [["topnotch", "facilities", "faculty", "university", "experience"]], "positive_keywords": [["topnotch", "facilities", "faculty", "university", "experience"]], "negative_keywords": []}, {"text": "average experience at university nothing particularly outstanding", "sentiment": "NEGATIVE", "sentiment_score": {"Positive": 0.00849381648004055, "Negative": 0.6501188278198242, "Neutral": 0.04405200108885765, "Mixed": 0.29733535647392273}, "keywords": [["outstanding", "particularly", "university", "experience", "average"]], "positive_keywords": [], "negative_keywords": [["outstanding", "particularly", "university", "experience", "average"]]}, {"text": "had higher expectations from university the curriculum needs a serious update", "sentiment": "NEGATIVE", "sentiment_score": {"Positive": 0.03928213194012642, "Negative": 0.6937776803970337, "Neutral": 0.23473480343818665, "Mixed": 0.03220541775226593}, "keywords": [["update", "needs", "curriculum", "university", "expectations"]], "positive_keywords": [], "negative_keywords": [["update", "needs", "curriculum", "university", "expectations"]]}, {"text": "absolutely loved my time here university has an incredible campus and community", "sentiment": "POSITIVE", "sentiment_score": {"Positive": 0.9985748529434204, "Negative": 6.635062891291454e-05, "Neutral": 0.001123400405049324, "Mixed": 0.00023545697331428528}, "keywords": [["community", "campus", "incredible", "university", "time"]], "positive_keywords": [["community", "campus", "incredible", "university", "time"]], "negative_keywords": []}, {"text": "i was disappointed with my experience at university the resources were lacking", "sentiment": "NEGATIVE", "sentiment_score": {"Positive": 0.0002522050344850868, "Negative": 0.999014139175415, "Neutral": 0.0005387758137658238, "Mixed": 0.00019480571791063994}, "keywords": [["lacking", "resources", "university", "experience", "disappointed"]], "positive_keywords": [], "negative_keywords": [["lacking", "resources", "university", "experience", "disappointed"]]}, {"text": "my time at university was decent good in some aspects but could be better in others", "sentiment": "MIXED", "sentiment_score": {"Positive": 0.010245845653116703, "Negative": 0.01066859345883131, "Neutral": 0.006733235437422991, "Mixed": 0.9723523259162903}, "keywords": [["better", "aspects", "good", "decent", "university"]], "positive_keywords": [], "negative_keywords": []}]