[{"text": "just would like to mention that i am really happy to be a part of this community\nstay tuned more photos are on the way", "sentiment": "POSITIVE", "sentiment_score": {"Positive": 0.8238460421562195, "Negative": 0.01754017546772957, "Neutral": 0.10581724345684052, "Mixed": 0.052796561270952225}, "keywords": [["way", "photos", "tuned", "stay", "community"]], "positive_keywords": [["way", "photos", "tuned", "stay", "community"]], "negative_keywords": []}, {"text": "loved the buildings and campus vibrant and beautiful", "sentiment": "POSITIVE", "sentiment_score": {"Positive": 0.9988658428192139, "Negative": 2.909835529862903e-05, "Neutral": 0.0009341608383692801, "Mixed": 0.00017097959062084556}, "keywords": [["beautiful", "vibrant", "campus", "buildings", "loved"]], "positive_keywords": [["beautiful", "vibrant", "campus", "buildings", "loved"]], "negative_keywords": []}, {"text": "honestly the university of manchester alliance business school was the greatest ever with dealing with mental health and extenuating circumstances\n\ni received massive support from the student support team throughout  and also received positive reinforcement about my future and results\n\ni dont know what i would have done without their support throughout my studies especially from gary and his team leader also had a call with someone who told me they believe in that i can and will complete my degree which i did do with honours\n\nso proud i graduated from uom", "sentiment": "POSITIVE", "sentiment_score": {"Positive": 0.9901475310325623, "Negative": 0.0004855453735217452, "Neutral": 0.009039117954671383, "Mixed": 0.00032777030719444156}, "keywords": [["uom", "graduated", "proud", "honours", "did"]], "positive_keywords": [["uom", "graduated", "proud", "honours", "did"]], "negative_keywords": []}, {"text": "one of the greatest universities in the uk i had had just an english course by the end of  students are more polite and most of them from china i have got a lot from this university and recommend to choose to have excellent skills by the way the library of allen gilbert is opened  hours and there you can book separate rooms by using their own website for group study", "sentiment": "POSITIVE", "sentiment_score": {"Positive": 0.9516467452049255, "Negative": 0.024533292278647423, "Neutral": 0.022476710379123688, "Mixed": 0.001343272626399994}, "keywords": [["study", "group", "website", "using", "rooms"]], "positive_keywords": [["study", "group", "website", "using", "rooms"]], "negative_keywords": []}, {"text": "fantastic campus and beautiful surroundings one of my daughters came here for three years and absolutely loved it ", "sentiment": "POSITIVE", "sentiment_score": {"Positive": 0.9993278980255127, "Negative": 2.9956512662465684e-05, "Neutral": 0.00047543656546622515, "Mixed": 0.00016678962856531143}, "keywords": [["loved", "absolutely", "years", "came", "daughters"]], "positive_keywords": [["loved", "absolutely", "years", "came", "daughters"]], "negative_keywords": []}, {"text": "average experience at university nothing particularly outstanding", "sentiment": "NEGATIVE", "sentiment_score": {"Positive": 0.00849381648004055, "Negative": 0.6501188278198242, "Neutral": 0.04405200108885765, "Mixed": 0.29733535647392273}, "keywords": [["outstanding", "particularly", "university", "experience", "average"]], "positive_keywords": [], "negative_keywords": [["outstanding", "particularly", "university", "experience", "average"]]}, {"text": "average experience at university nothing particularly outstanding", "sentiment": "NEGATIVE", "sentiment_score": {"Positive": 0.00849381648004055, "Negative": 0.6501188278198242, "Neutral": 0.04405200108885765, "Mixed": 0.29733535647392273}, "keywords": [["outstanding", "particularly", "university", "experience", "average"]], "positive_keywords": [], "negative_keywords": [["outstanding", "particularly", "university", "experience", "average"]]}, {"text": "its a good university but i think university has room for improvement", "sentiment": "MIXED", "sentiment_score": {"Positive": 0.09079279005527496, "Negative": 0.0044769770465791225, "Neutral": 0.02031625062227249, "Mixed": 0.8844140768051147}, "keywords": [["improvement", "room", "think", "university", "good"]], "positive_keywords": [], "negative_keywords": []}, {"text": "average experience at university nothing particularly outstanding", "sentiment": "NEGATIVE", "sentiment_score": {"Positive": 0.00849381648004055, "Negative": 0.6501188278198242, "Neutral": 0.04405200108885765, "Mixed": 0.29733535647392273}, "keywords": [["outstanding", "particularly", "university", "experience", "average"]], "positive_keywords": [], "negative_keywords": [["outstanding", "particularly", "university", "experience", "average"]]}, {"text": "its a good university but i think university has room for improvement", "sentiment": "MIXED", "sentiment_score": {"Positive": 0.09079279005527496, "Negative": 0.0044769770465791225, "Neutral": 0.02031625062227249, "Mixed": 0.8844140768051147}, "keywords": [["improvement", "room", "think", "university", "good"]], "positive_keywords": [], "negative_keywords": []}, {"text": "had higher expectations from university the curriculum needs a serious update", "sentiment": "NEGATIVE", "sentiment_score": {"Positive": 0.03928213194012642, "Negative": 0.6937776803970337, "Neutral": 0.23473480343818665, "Mixed": 0.03220541775226593}, "keywords": [["update", "needs", "curriculum", "university", "expectations"]], "positive_keywords": [], "negative_keywords": [["update", "needs", "curriculum", "university", "expectations"]]}, {"text": "the best years of my life were spent at university highly recommend it", "sentiment": "POSITIVE", "sentiment_score": {"Positive": 0.9983893632888794, "Negative": 0.00029790453845635056, "Neutral": 0.0012738844379782677, "Mixed": 3.883827230310999e-05}, "keywords": [["recommend", "highly", "university", "spent", "life"]], "positive_keywords": [["recommend", "highly", "university", "spent", "life"]], "negative_keywords": []}, {"text": "not what i expected university could really improve its student services", "sentiment": "NEGATIVE", "sentiment_score": {"Positive": 0.002219774993136525, "Negative": 0.9755644798278809, "Neutral": 0.015244387090206146, "Mixed": 0.006971326656639576}, "keywords": [["services", "student", "improve", "really", "university"]], "positive_keywords": [], "negative_keywords": [["services", "student", "improve", "really", "university"]]}, {"text": "had higher expectations from university the curriculum needs a serious update", "sentiment": "NEGATIVE", "sentiment_score": {"Positive": 0.03928213194012642, "Negative": 0.6937776803970337, "Neutral": 0.23473480343818665, "Mixed": 0.03220541775226593}, "keywords": [["update", "needs", "curriculum", "university", "expectations"]], "positive_keywords": [], "negative_keywords": [["update", "needs", "curriculum", "university", "expectations"]]}, {"text": "my time at university was decent good in some aspects but could be better in others", "sentiment": "MIXED", "sentiment_score": {"Positive": 0.010245845653116703, "Negative": 0.01066859345883131, "Neutral": 0.006733235437422991, "Mixed": 0.9723523259162903}, "keywords": [["better", "aspects", "good", "decent", "university"]], "positive_keywords": [], "negative_keywords": []}]