[{"text": "what if i could be back in the past i would study in this  of the grandest universities where ive known what i preferred learning\n\nhowever its just to watch and see only outside this university so im gratefully appreciated", "sentiment": "POSITIVE", "sentiment_score": {"Positive": 0.5525527000427246, "Negative": 0.011536307632923126, "Neutral": 0.018709758296608925, "Mixed": 0.4172012209892273}, "keywords": [["appreciated", "gratefully", "im", "university", "outside"]], "positive_keywords": [["appreciated", "gratefully", "im", "university", "outside"]], "negative_keywords": []}, {"text": "this is the nice best place so beautiful  clean areas", "sentiment": "POSITIVE", "sentiment_score": {"Positive": 0.9995833039283752, "Negative": 3.675942571135238e-05, "Neutral": 0.00022069837723392993, "Mixed": 0.00015926292689982802}, "keywords": [["areas", "clean", "beautiful", "place", "best"]], "positive_keywords": [["areas", "clean", "beautiful", "place", "best"]], "negative_keywords": []}, {"text": "this is a must see from the outside visitors arent allowed inside the campus outstanding structure so detailed ive not seen such university building like this one tourist comes in busses to see this university from all over the world many tours include this campus under places to see in moscow theres also a very beautiful park outside the university which is a must see especially during fall the park is covered with dense maple trees so during fall the maple leaves cover the entire walkway and grass in the park we took off our shoes and walked around the park stepping on the soft maple leaves everyone at the park was walking like that because the leaves are so soft entire area smells like maple syrup completely beautiful just like in movies im attaching pictures of the university and park", "sentiment": "POSITIVE", "sentiment_score": {"Positive": 0.9748427867889404, "Negative": 0.00399496266618371, "Neutral": 0.021049274131655693, "Mixed": 0.00011292519775452092}, "keywords": [["pictures", "attaching", "im", "movies", "just"]], "positive_keywords": [["pictures", "attaching", "im", "movies", "just"]], "negative_keywords": []}, {"text": "i wish i had the opportunity to study here admirable", "sentiment": "NEGATIVE", "sentiment_score": {"Positive": 0.3362991213798523, "Negative": 0.3466000556945801, "Neutral": 0.024443846195936203, "Mixed": 0.2926569879055023}, "keywords": [["admirable", "study", "opportunity", "wish"]], "positive_keywords": [], "negative_keywords": [["admirable", "study", "opportunity", "wish"]]}, {"text": "mosco state university is the top rated university of russia it is ranked among the top  universities of the world  the university was founded in  and it has  faculties over  departments six branches and  research institutes", "sentiment": "NEUTRAL", "sentiment_score": {"Positive": 0.015096571296453476, "Negative": 0.0003746788715943694, "Neutral": 0.984515905380249, "Mixed": 1.2877350854978431e-05}, "keywords": [["institutes", "research", "branches", "departments", "faculties"]], "positive_keywords": [], "negative_keywords": []}, {"text": "had higher expectations from university the curriculum needs a serious update", "sentiment": "NEGATIVE", "sentiment_score": {"Positive": 0.03928213194012642, "Negative": 0.6937776803970337, "Neutral": 0.23473480343818665, "Mixed": 0.03220541775226593}, "keywords": [["update", "needs", "curriculum", "university", "expectations"]], "positive_keywords": [], "negative_keywords": [["update", "needs", "curriculum", "university", "expectations"]]}, {"text": "its a good university but i think university has room for improvement", "sentiment": "MIXED", "sentiment_score": {"Positive": 0.09079279005527496, "Negative": 0.0044769770465791225, "Neutral": 0.02031625062227249, "Mixed": 0.8844140768051147}, "keywords": [["improvement", "room", "think", "university", "good"]], "positive_keywords": [], "negative_keywords": []}, {"text": "i had an amazing experience at university the faculty and facilities are topnotch", "sentiment": "POSITIVE", "sentiment_score": {"Positive": 0.9932656288146973, "Negative": 0.00032129944884218276, "Neutral": 0.0041029369458556175, "Mixed": 0.0023101065307855606}, "keywords": [["topnotch", "facilities", "faculty", "university", "experience"]], "positive_keywords": [["topnotch", "facilities", "faculty", "university", "experience"]], "negative_keywords": []}, {"text": "i had an amazing experience at university the faculty and facilities are topnotch", "sentiment": "POSITIVE", "sentiment_score": {"Positive": 0.9932656288146973, "Negative": 0.00032129944884218276, "Neutral": 0.0041029369458556175, "Mixed": 0.0023101065307855606}, "keywords": [["topnotch", "facilities", "faculty", "university", "experience"]], "positive_keywords": [["topnotch", "facilities", "faculty", "university", "experience"]], "negative_keywords": []}, {"text": "absolutely loved my time here university has an incredible campus and community", "sentiment": "POSITIVE", "sentiment_score": {"Positive": 0.9985748529434204, "Negative": 6.635062891291454e-05, "Neutral": 0.001123400405049324, "Mixed": 0.00023545697331428528}, "keywords": [["community", "campus", "incredible", "university", "time"]], "positive_keywords": [["community", "campus", "incredible", "university", "time"]], "negative_keywords": []}, {"text": "i had an amazing experience at university the faculty and facilities are topnotch", "sentiment": "POSITIVE", "sentiment_score": {"Positive": 0.9932656288146973, "Negative": 0.00032129944884218276, "Neutral": 0.0041029369458556175, "Mixed": 0.0023101065307855606}, "keywords": [["topnotch", "facilities", "faculty", "university", "experience"]], "positive_keywords": [["topnotch", "facilities", "faculty", "university", "experience"]], "negative_keywords": []}, {"text": "i was disappointed with my experience at university the resources were lacking", "sentiment": "NEGATIVE", "sentiment_score": {"Positive": 0.0002522050344850868, "Negative": 0.999014139175415, "Neutral": 0.0005387758137658238, "Mixed": 0.00019480571791063994}, "keywords": [["lacking", "resources", "university", "experience", "disappointed"]], "positive_keywords": [], "negative_keywords": [["lacking", "resources", "university", "experience", "disappointed"]]}, {"text": "the best years of my life were spent at university highly recommend it", "sentiment": "POSITIVE", "sentiment_score": {"Positive": 0.9983893632888794, "Negative": 0.00029790453845635056, "Neutral": 0.0012738844379782677, "Mixed": 3.883827230310999e-05}, "keywords": [["recommend", "highly", "university", "spent", "life"]], "positive_keywords": [["recommend", "highly", "university", "spent", "life"]], "negative_keywords": []}, {"text": "the best years of my life were spent at university highly recommend it", "sentiment": "POSITIVE", "sentiment_score": {"Positive": 0.9983893632888794, "Negative": 0.00029790453845635056, "Neutral": 0.0012738844379782677, "Mixed": 3.883827230310999e-05}, "keywords": [["recommend", "highly", "university", "spent", "life"]], "positive_keywords": [["recommend", "highly", "university", "spent", "life"]], "negative_keywords": []}, {"text": "i was disappointed with my experience at university the resources were lacking", "sentiment": "NEGATIVE", "sentiment_score": {"Positive": 0.0002522050344850868, "Negative": 0.999014139175415, "Neutral": 0.0005387758137658238, "Mixed": 0.00019480571791063994}, "keywords": [["lacking", "resources", "university", "experience", "disappointed"]], "positive_keywords": [], "negative_keywords": [["lacking", "resources", "university", "experience", "disappointed"]]}]