[{"text": "very bad first year dental program they absolutely drain students the what so called flipped classroom is a complete fail and has many flaws it causes a lot of mental health problems loneliness isolation and physical as well  eye neck problems etc because were spending a lot of hours in our rooms on computers also the classes that we actually have in person are absolutely useless and a waste of time however the actual important and difficult ones are online how is this convenient i really hope they fix this abomination of a program absolutely making me regret my decision so much for rd on the uk ", "sentiment": "NEGATIVE", "sentiment_score": {"Positive": 0.0015226042596623302, "Negative": 0.9932818412780762, "Neutral": 0.0015058437129482627, "Mixed": 0.003689685370773077}, "keywords": [["uk", "rd", "decision", "regret", "making"]], "positive_keywords": [], "negative_keywords": [["uk", "rd", "decision", "regret", "making"]]}, {"text": "all veterinary science students at bristol university who were made to feel unsafe were not fed were left alone had undergone streams of sexist remarks by dirty minded farmers and awaited to be put right by their friends ought to be given the whole amount of student fees they paid up to date back to them and a public apology and a list of improvements to ensure future students do not go through what they went through again a special note to thick skinned professors who ignored alarming and shocking early warning signs who get paid by the very fees collected on students that were made to feel vulnerable in these unsafe mandatory placements ought to put their heads in shame", "sentiment": "NEGATIVE", "sentiment_score": {"Positive": 0.028073538094758987, "Negative": 0.41372039914131165, "Neutral": 0.2377070188522339, "Mixed": 0.320499062538147}, "keywords": [["shame", "heads", "placements", "mandatory", "vulnerable"]], "positive_keywords": [], "negative_keywords": [["shame", "heads", "placements", "mandatory", "vulnerable"]]}, {"text": "great place i love it i wish i had the possibility to study there when i was young", "sentiment": "POSITIVE", "sentiment_score": {"Positive": 0.9848005771636963, "Negative": 0.00040531947161071, "Neutral": 0.00120202184189111, "Mixed": 0.013592022471129894}, "keywords": [["young", "study", "possibility", "wish", "love"]], "positive_keywords": [["young", "study", "possibility", "wish", "love"]], "negative_keywords": []}, {"text": "been to bristol many times before but this visit is unique in bristol heart hospital recovering from open heart surgery wonderful hospital  care is top notch from cleaners to surgeons everyone is so helpful and supportive  ive included the photo from my ward windows  the only view throughout the cardiac unit so im doubly lucky\n", "sentiment": "POSITIVE", "sentiment_score": {"Positive": 0.9908167123794556, "Negative": 0.00010623018897604197, "Neutral": 0.008923734538257122, "Mixed": 0.0001533595786895603}, "keywords": [["lucky", "doubly", "im", "unit", "cardiac"]], "positive_keywords": [["lucky", "doubly", "im", "unit", "cardiac"]], "negative_keywords": []}, {"text": "this post is for all the foreign students who spend more than double the fees of normal uk student to get admission here\nthe university is full of profs or research fellows who shall welcome you to study here so as to get money but when it comes to getting a job will go for a uk citizen even though they have zero experience", "sentiment": "NEUTRAL", "sentiment_score": {"Positive": 0.04159480333328247, "Negative": 0.35120639204978943, "Neutral": 0.5957339406013489, "Mixed": 0.011464929208159447}, "keywords": [["experience", "zero", "citizen", "job", "getting"]], "positive_keywords": [], "negative_keywords": []}, {"text": "my time at university was decent good in some aspects but could be better in others", "sentiment": "MIXED", "sentiment_score": {"Positive": 0.010245845653116703, "Negative": 0.01066859345883131, "Neutral": 0.006733235437422991, "Mixed": 0.9723523259162903}, "keywords": [["better", "aspects", "good", "decent", "university"]], "positive_keywords": [], "negative_keywords": []}, {"text": "i had an amazing experience at university the faculty and facilities are topnotch", "sentiment": "POSITIVE", "sentiment_score": {"Positive": 0.9932656288146973, "Negative": 0.00032129944884218276, "Neutral": 0.0041029369458556175, "Mixed": 0.0023101065307855606}, "keywords": [["topnotch", "facilities", "faculty", "university", "experience"]], "positive_keywords": [["topnotch", "facilities", "faculty", "university", "experience"]], "negative_keywords": []}, {"text": "not what i expected university could really improve its student services", "sentiment": "NEGATIVE", "sentiment_score": {"Positive": 0.002219774993136525, "Negative": 0.9755644798278809, "Neutral": 0.015244387090206146, "Mixed": 0.006971326656639576}, "keywords": [["services", "student", "improve", "really", "university"]], "positive_keywords": [], "negative_keywords": [["services", "student", "improve", "really", "university"]]}, {"text": "absolutely loved my time here university has an incredible campus and community", "sentiment": "POSITIVE", "sentiment_score": {"Positive": 0.9985748529434204, "Negative": 6.635062891291454e-05, "Neutral": 0.001123400405049324, "Mixed": 0.00023545697331428528}, "keywords": [["community", "campus", "incredible", "university", "time"]], "positive_keywords": [["community", "campus", "incredible", "university", "time"]], "negative_keywords": []}, {"text": "my time at university was decent good in some aspects but could be better in others", "sentiment": "MIXED", "sentiment_score": {"Positive": 0.010245845653116703, "Negative": 0.01066859345883131, "Neutral": 0.006733235437422991, "Mixed": 0.9723523259162903}, "keywords": [["better", "aspects", "good", "decent", "university"]], "positive_keywords": [], "negative_keywords": []}, {"text": "its a good university but i think university has room for improvement", "sentiment": "MIXED", "sentiment_score": {"Positive": 0.09079279005527496, "Negative": 0.0044769770465791225, "Neutral": 0.02031625062227249, "Mixed": 0.8844140768051147}, "keywords": [["improvement", "room", "think", "university", "good"]], "positive_keywords": [], "negative_keywords": []}, {"text": "average experience at university nothing particularly outstanding", "sentiment": "NEGATIVE", "sentiment_score": {"Positive": 0.00849381648004055, "Negative": 0.6501188278198242, "Neutral": 0.04405200108885765, "Mixed": 0.29733535647392273}, "keywords": [["outstanding", "particularly", "university", "experience", "average"]], "positive_keywords": [], "negative_keywords": [["outstanding", "particularly", "university", "experience", "average"]]}, {"text": "i was disappointed with my experience at university the resources were lacking", "sentiment": "NEGATIVE", "sentiment_score": {"Positive": 0.0002522050344850868, "Negative": 0.999014139175415, "Neutral": 0.0005387758137658238, "Mixed": 0.00019480571791063994}, "keywords": [["lacking", "resources", "university", "experience", "disappointed"]], "positive_keywords": [], "negative_keywords": [["lacking", "resources", "university", "experience", "disappointed"]]}, {"text": "its a good university but i think university has room for improvement", "sentiment": "MIXED", "sentiment_score": {"Positive": 0.09079279005527496, "Negative": 0.0044769770465791225, "Neutral": 0.02031625062227249, "Mixed": 0.8844140768051147}, "keywords": [["improvement", "room", "think", "university", "good"]], "positive_keywords": [], "negative_keywords": []}, {"text": "absolutely loved my time here university has an incredible campus and community", "sentiment": "POSITIVE", "sentiment_score": {"Positive": 0.9985748529434204, "Negative": 6.635062891291454e-05, "Neutral": 0.001123400405049324, "Mixed": 0.00023545697331428528}, "keywords": [["community", "campus", "incredible", "university", "time"]], "positive_keywords": [["community", "campus", "incredible", "university", "time"]], "negative_keywords": []}]