[{"text": "blindern campus is a conducive environment for study and research beautiful architecture", "sentiment": "POSITIVE", "sentiment_score": {"Positive": 0.6851603984832764, "Negative": 0.0011070510372519493, "Neutral": 0.31089502573013306, "Mixed": 0.002837503794580698}, "keywords": [["architecture", "beautiful", "research", "study", "environment"]], "positive_keywords": [["architecture", "beautiful", "research", "study", "environment"]], "negative_keywords": []}, {"text": "one of the finest unis in europe with students and professors from all over the world to learn and excel with  knit like a family i study here\ninternational student masters in microelectronics and sensor technology", "sentiment": "POSITIVE", "sentiment_score": {"Positive": 0.933438241481781, "Negative": 0.00025235419161617756, "Neutral": 0.06622736901044846, "Mixed": 8.20431305328384e-05}, "keywords": [["technology", "sensor", "microelectronics", "masters", "student"]], "positive_keywords": [["technology", "sensor", "microelectronics", "masters", "student"]], "negative_keywords": []}, {"text": "university buildings are beautiful  makes you wish to studyb again", "sentiment": "POSITIVE", "sentiment_score": {"Positive": 0.9292359948158264, "Negative": 0.003937457222491503, "Neutral": 0.048296891152858734, "Mixed": 0.01852967031300068}, "keywords": [["studyb", "wish", "makes", "beautiful", "buildings"]], "positive_keywords": [["studyb", "wish", "makes", "beautiful", "buildings"]], "negative_keywords": []}, {"text": "theres plenty of great people in the teaching and research staff but the administration is a mess and the maintenance people will yell at you if you ask them to fix anything and if you are wondering whether any of their policies are exploitative towards visiting or scholarship researchers the answers always going to be yes if you have your own funding its better to take your reasearch to an institution that appreciates your efforts this place certainly aint it", "sentiment": "MIXED", "sentiment_score": {"Positive": 0.018315710127353668, "Negative": 0.08038321882486343, "Neutral": 0.017843322828412056, "Mixed": 0.8834577202796936}, "keywords": [["aint", "certainly", "place", "efforts", "appreciates"]], "positive_keywords": [], "negative_keywords": []}, {"text": "very nice", "sentiment": "POSITIVE", "sentiment_score": {"Positive": 0.9997358918190002, "Negative": 3.211661532986909e-05, "Neutral": 0.00020735760335810483, "Mixed": 2.468572711222805e-05}, "keywords": [["nice"]], "positive_keywords": [["nice"]], "negative_keywords": []}, {"text": "its a good university but i think university has room for improvement", "sentiment": "MIXED", "sentiment_score": {"Positive": 0.09079279005527496, "Negative": 0.0044769770465791225, "Neutral": 0.02031625062227249, "Mixed": 0.8844140768051147}, "keywords": [["improvement", "room", "think", "university", "good"]], "positive_keywords": [], "negative_keywords": []}, {"text": "the best years of my life were spent at university highly recommend it", "sentiment": "POSITIVE", "sentiment_score": {"Positive": 0.9983893632888794, "Negative": 0.00029790453845635056, "Neutral": 0.0012738844379782677, "Mixed": 3.883827230310999e-05}, "keywords": [["recommend", "highly", "university", "spent", "life"]], "positive_keywords": [["recommend", "highly", "university", "spent", "life"]], "negative_keywords": []}, {"text": "my time at university was decent good in some aspects but could be better in others", "sentiment": "MIXED", "sentiment_score": {"Positive": 0.010245845653116703, "Negative": 0.01066859345883131, "Neutral": 0.006733235437422991, "Mixed": 0.9723523259162903}, "keywords": [["better", "aspects", "good", "decent", "university"]], "positive_keywords": [], "negative_keywords": []}, {"text": "had higher expectations from university the curriculum needs a serious update", "sentiment": "NEGATIVE", "sentiment_score": {"Positive": 0.03928213194012642, "Negative": 0.6937776803970337, "Neutral": 0.23473480343818665, "Mixed": 0.03220541775226593}, "keywords": [["update", "needs", "curriculum", "university", "expectations"]], "positive_keywords": [], "negative_keywords": [["update", "needs", "curriculum", "university", "expectations"]]}, {"text": "the best years of my life were spent at university highly recommend it", "sentiment": "POSITIVE", "sentiment_score": {"Positive": 0.9983893632888794, "Negative": 0.00029790453845635056, "Neutral": 0.0012738844379782677, "Mixed": 3.883827230310999e-05}, "keywords": [["recommend", "highly", "university", "spent", "life"]], "positive_keywords": [["recommend", "highly", "university", "spent", "life"]], "negative_keywords": []}, {"text": "average experience at university nothing particularly outstanding", "sentiment": "NEGATIVE", "sentiment_score": {"Positive": 0.00849381648004055, "Negative": 0.6501188278198242, "Neutral": 0.04405200108885765, "Mixed": 0.29733535647392273}, "keywords": [["outstanding", "particularly", "university", "experience", "average"]], "positive_keywords": [], "negative_keywords": [["outstanding", "particularly", "university", "experience", "average"]]}, {"text": "absolutely loved my time here university has an incredible campus and community", "sentiment": "POSITIVE", "sentiment_score": {"Positive": 0.9985748529434204, "Negative": 6.635062891291454e-05, "Neutral": 0.001123400405049324, "Mixed": 0.00023545697331428528}, "keywords": [["community", "campus", "incredible", "university", "time"]], "positive_keywords": [["community", "campus", "incredible", "university", "time"]], "negative_keywords": []}, {"text": "i had an amazing experience at university the faculty and facilities are topnotch", "sentiment": "POSITIVE", "sentiment_score": {"Positive": 0.9932656288146973, "Negative": 0.00032129944884218276, "Neutral": 0.0041029369458556175, "Mixed": 0.0023101065307855606}, "keywords": [["topnotch", "facilities", "faculty", "university", "experience"]], "positive_keywords": [["topnotch", "facilities", "faculty", "university", "experience"]], "negative_keywords": []}, {"text": "absolutely loved my time here university has an incredible campus and community", "sentiment": "POSITIVE", "sentiment_score": {"Positive": 0.9985748529434204, "Negative": 6.635062891291454e-05, "Neutral": 0.001123400405049324, "Mixed": 0.00023545697331428528}, "keywords": [["community", "campus", "incredible", "university", "time"]], "positive_keywords": [["community", "campus", "incredible", "university", "time"]], "negative_keywords": []}, {"text": "i had an amazing experience at university the faculty and facilities are topnotch", "sentiment": "POSITIVE", "sentiment_score": {"Positive": 0.9932656288146973, "Negative": 0.00032129944884218276, "Neutral": 0.0041029369458556175, "Mixed": 0.0023101065307855606}, "keywords": [["topnotch", "facilities", "faculty", "university", "experience"]], "positive_keywords": [["topnotch", "facilities", "faculty", "university", "experience"]], "negative_keywords": []}]