[{"text": "serene and elegant   campus is not that big  but it is incredibly beautiful  i lived in san marino for two years  i took a lot of pictures then  every time i look at these pictures my mind is immersed in a tranquil atmosphere", "sentiment": "POSITIVE", "sentiment_score": {"Positive": 0.9124376773834229, "Negative": 0.0003688969009090215, "Neutral": 0.0064597660675644875, "Mixed": 0.08073370158672333}, "keywords": [["atmosphere", "tranquil", "immersed", "mind", "look"]], "positive_keywords": [["atmosphere", "tranquil", "immersed", "mind", "look"]], "negative_keywords": []}, {"text": "beautiful campus for a nice walk we did a self guided tour based on a guide on their website and learned a bit about the institutes history and what is studied in each building", "sentiment": "POSITIVE", "sentiment_score": {"Positive": 0.9540195465087891, "Negative": 0.0016272376524284482, "Neutral": 0.04297656565904617, "Mixed": 0.001376628060825169}, "keywords": [["building", "studied", "history", "institutes", "bit"]], "positive_keywords": [["building", "studied", "history", "institutes", "bit"]], "negative_keywords": []}, {"text": "very cool and clean campus enjoyed visiting it earlier today theres a bit of a strong veg smell however", "sentiment": "MIXED", "sentiment_score": {"Positive": 0.025082986801862717, "Negative": 0.0017593948869034648, "Neutral": 0.0008135366952046752, "Mixed": 0.9723439812660217}, "keywords": [["smell", "veg", "strong", "bit", "theres"]], "positive_keywords": [], "negative_keywords": []}, {"text": "california institute of technology the absolute pinnacle of scientific knowledge and cutting edge research this university is truly a spectacle and an inspiration\n\nthere are beautiful landscapes gardens and walkways the architecture is different for every buildingranging from early s to modern and futuristic", "sentiment": "POSITIVE", "sentiment_score": {"Positive": 0.8005173206329346, "Negative": 0.00019782839808613062, "Neutral": 0.19915220141410828, "Mixed": 0.00013268744805827737}, "keywords": [["futuristic", "modern", "early", "buildingranging", "different"]], "positive_keywords": [["futuristic", "modern", "early", "buildingranging", "different"]], "negative_keywords": []}, {"text": "incredibly historical  spectacular architectural designs sparkling clean and wellmaintained i love how striking each building looks especially the library its giving light academia aesthetic elite location one of amazing attractions in westwood", "sentiment": "POSITIVE", "sentiment_score": {"Positive": 0.9953775405883789, "Negative": 4.664003063226119e-05, "Neutral": 0.004543877672404051, "Mixed": 3.193643715349026e-05}, "keywords": [["westwood", "attractions", "amazing", "location", "elite"]], "positive_keywords": [["westwood", "attractions", "amazing", "location", "elite"]], "negative_keywords": []}, {"text": "average experience at university nothing particularly outstanding", "sentiment": "NEGATIVE", "sentiment_score": {"Positive": 0.00849381648004055, "Negative": 0.6501188278198242, "Neutral": 0.04405200108885765, "Mixed": 0.29733535647392273}, "keywords": [["outstanding", "particularly", "university", "experience", "average"]], "positive_keywords": [], "negative_keywords": [["outstanding", "particularly", "university", "experience", "average"]]}, {"text": "average experience at university nothing particularly outstanding", "sentiment": "NEGATIVE", "sentiment_score": {"Positive": 0.00849381648004055, "Negative": 0.6501188278198242, "Neutral": 0.04405200108885765, "Mixed": 0.29733535647392273}, "keywords": [["outstanding", "particularly", "university", "experience", "average"]], "positive_keywords": [], "negative_keywords": [["outstanding", "particularly", "university", "experience", "average"]]}, {"text": "had higher expectations from university the curriculum needs a serious update", "sentiment": "NEGATIVE", "sentiment_score": {"Positive": 0.03928213194012642, "Negative": 0.6937776803970337, "Neutral": 0.23473480343818665, "Mixed": 0.03220541775226593}, "keywords": [["update", "needs", "curriculum", "university", "expectations"]], "positive_keywords": [], "negative_keywords": [["update", "needs", "curriculum", "university", "expectations"]]}, {"text": "i was disappointed with my experience at university the resources were lacking", "sentiment": "NEGATIVE", "sentiment_score": {"Positive": 0.0002522050344850868, "Negative": 0.999014139175415, "Neutral": 0.0005387758137658238, "Mixed": 0.00019480571791063994}, "keywords": [["lacking", "resources", "university", "experience", "disappointed"]], "positive_keywords": [], "negative_keywords": [["lacking", "resources", "university", "experience", "disappointed"]]}, {"text": "not what i expected university could really improve its student services", "sentiment": "NEGATIVE", "sentiment_score": {"Positive": 0.002219774993136525, "Negative": 0.9755644798278809, "Neutral": 0.015244387090206146, "Mixed": 0.006971326656639576}, "keywords": [["services", "student", "improve", "really", "university"]], "positive_keywords": [], "negative_keywords": [["services", "student", "improve", "really", "university"]]}, {"text": "my time at university was decent good in some aspects but could be better in others", "sentiment": "MIXED", "sentiment_score": {"Positive": 0.010245845653116703, "Negative": 0.01066859345883131, "Neutral": 0.006733235437422991, "Mixed": 0.9723523259162903}, "keywords": [["better", "aspects", "good", "decent", "university"]], "positive_keywords": [], "negative_keywords": []}, {"text": "i had an amazing experience at university the faculty and facilities are topnotch", "sentiment": "POSITIVE", "sentiment_score": {"Positive": 0.9932656288146973, "Negative": 0.00032129944884218276, "Neutral": 0.0041029369458556175, "Mixed": 0.0023101065307855606}, "keywords": [["topnotch", "facilities", "faculty", "university", "experience"]], "positive_keywords": [["topnotch", "facilities", "faculty", "university", "experience"]], "negative_keywords": []}, {"text": "i had an amazing experience at university the faculty and facilities are topnotch", "sentiment": "POSITIVE", "sentiment_score": {"Positive": 0.9932656288146973, "Negative": 0.00032129944884218276, "Neutral": 0.0041029369458556175, "Mixed": 0.0023101065307855606}, "keywords": [["topnotch", "facilities", "faculty", "university", "experience"]], "positive_keywords": [["topnotch", "facilities", "faculty", "university", "experience"]], "negative_keywords": []}, {"text": "the best years of my life were spent at university highly recommend it", "sentiment": "POSITIVE", "sentiment_score": {"Positive": 0.9983893632888794, "Negative": 0.00029790453845635056, "Neutral": 0.0012738844379782677, "Mixed": 3.883827230310999e-05}, "keywords": [["recommend", "highly", "university", "spent", "life"]], "positive_keywords": [["recommend", "highly", "university", "spent", "life"]], "negative_keywords": []}, {"text": "had higher expectations from university the curriculum needs a serious update", "sentiment": "NEGATIVE", "sentiment_score": {"Positive": 0.03928213194012642, "Negative": 0.6937776803970337, "Neutral": 0.23473480343818665, "Mixed": 0.03220541775226593}, "keywords": [["update", "needs", "curriculum", "university", "expectations"]], "positive_keywords": [], "negative_keywords": [["update", "needs", "curriculum", "university", "expectations"]]}]