[{"text": "high level technical university with well equipped labs and a lot of smart peoples different and interesting labs here also well defined student life", "sentiment": "POSITIVE", "sentiment_score": {"Positive": 0.8197669386863708, "Negative": 0.0008074174402281642, "Neutral": 0.1788647174835205, "Mixed": 0.0005609092768281698}, "keywords": [["life", "student", "defined", "interesting", "different"]], "positive_keywords": [["life", "student", "defined", "interesting", "different"]], "negative_keywords": []}, {"text": "beautiful place to study", "sentiment": "POSITIVE", "sentiment_score": {"Positive": 0.9997480511665344, "Negative": 3.2385516533395275e-05, "Neutral": 0.00019616515783127397, "Mixed": 2.3370232156594284e-05}, "keywords": [["study", "place", "beautiful"]], "positive_keywords": [["study", "place", "beautiful"]], "negative_keywords": []}, {"text": "one if the top swiss research and technology institutes and ranks among the best in the world its zrich sister is even better ranked very strong innovation output worth a visit for its learning center sponsored by rolex and view of lake geneva l and alps", "sentiment": "POSITIVE", "sentiment_score": {"Positive": 0.5869744420051575, "Negative": 0.0021848338656127453, "Neutral": 0.4099145233631134, "Mixed": 0.0009261748637072742}, "keywords": [["alps", "geneva", "lake", "view", "rolex"]], "positive_keywords": [["alps", "geneva", "lake", "view", "rolex"]], "negative_keywords": []}, {"text": "the rolex learning center is a masterpiece of modern architecture", "sentiment": "POSITIVE", "sentiment_score": {"Positive": 0.9206221699714661, "Negative": 0.00025300803827121854, "Neutral": 0.07872467488050461, "Mixed": 0.00040022999746724963}, "keywords": [["architecture", "modern", "masterpiece", "center", "learning"]], "positive_keywords": [["architecture", "modern", "masterpiece", "center", "learning"]], "negative_keywords": []}, {"text": "such a modern beautiful campus intriguing structures and great architecture", "sentiment": "POSITIVE", "sentiment_score": {"Positive": 0.9985570311546326, "Negative": 2.7049722120864317e-05, "Neutral": 0.0013466814998537302, "Mixed": 6.932161340955645e-05}, "keywords": [["architecture", "great", "structures", "intriguing", "campus"]], "positive_keywords": [["architecture", "great", "structures", "intriguing", "campus"]], "negative_keywords": []}, {"text": "absolutely loved my time here university has an incredible campus and community", "sentiment": "POSITIVE", "sentiment_score": {"Positive": 0.9985748529434204, "Negative": 6.635062891291454e-05, "Neutral": 0.001123400405049324, "Mixed": 0.00023545697331428528}, "keywords": [["community", "campus", "incredible", "university", "time"]], "positive_keywords": [["community", "campus", "incredible", "university", "time"]], "negative_keywords": []}, {"text": "not what i expected university could really improve its student services", "sentiment": "NEGATIVE", "sentiment_score": {"Positive": 0.002219774993136525, "Negative": 0.9755644798278809, "Neutral": 0.015244387090206146, "Mixed": 0.006971326656639576}, "keywords": [["services", "student", "improve", "really", "university"]], "positive_keywords": [], "negative_keywords": [["services", "student", "improve", "really", "university"]]}, {"text": "i had an amazing experience at university the faculty and facilities are topnotch", "sentiment": "POSITIVE", "sentiment_score": {"Positive": 0.9932656288146973, "Negative": 0.00032129944884218276, "Neutral": 0.0041029369458556175, "Mixed": 0.0023101065307855606}, "keywords": [["topnotch", "facilities", "faculty", "university", "experience"]], "positive_keywords": [["topnotch", "facilities", "faculty", "university", "experience"]], "negative_keywords": []}, {"text": "not what i expected university could really improve its student services", "sentiment": "NEGATIVE", "sentiment_score": {"Positive": 0.002219774993136525, "Negative": 0.9755644798278809, "Neutral": 0.015244387090206146, "Mixed": 0.006971326656639576}, "keywords": [["services", "student", "improve", "really", "university"]], "positive_keywords": [], "negative_keywords": [["services", "student", "improve", "really", "university"]]}, {"text": "average experience at university nothing particularly outstanding", "sentiment": "NEGATIVE", "sentiment_score": {"Positive": 0.00849381648004055, "Negative": 0.6501188278198242, "Neutral": 0.04405200108885765, "Mixed": 0.29733535647392273}, "keywords": [["outstanding", "particularly", "university", "experience", "average"]], "positive_keywords": [], "negative_keywords": [["outstanding", "particularly", "university", "experience", "average"]]}, {"text": "not what i expected university could really improve its student services", "sentiment": "NEGATIVE", "sentiment_score": {"Positive": 0.002219774993136525, "Negative": 0.9755644798278809, "Neutral": 0.015244387090206146, "Mixed": 0.006971326656639576}, "keywords": [["services", "student", "improve", "really", "university"]], "positive_keywords": [], "negative_keywords": [["services", "student", "improve", "really", "university"]]}, {"text": "average experience at university nothing particularly outstanding", "sentiment": "NEGATIVE", "sentiment_score": {"Positive": 0.00849381648004055, "Negative": 0.6501188278198242, "Neutral": 0.04405200108885765, "Mixed": 0.29733535647392273}, "keywords": [["outstanding", "particularly", "university", "experience", "average"]], "positive_keywords": [], "negative_keywords": [["outstanding", "particularly", "university", "experience", "average"]]}, {"text": "absolutely loved my time here university has an incredible campus and community", "sentiment": "POSITIVE", "sentiment_score": {"Positive": 0.9985748529434204, "Negative": 6.635062891291454e-05, "Neutral": 0.001123400405049324, "Mixed": 0.00023545697331428528}, "keywords": [["community", "campus", "incredible", "university", "time"]], "positive_keywords": [["community", "campus", "incredible", "university", "time"]], "negative_keywords": []}, {"text": "absolutely loved my time here university has an incredible campus and community", "sentiment": "POSITIVE", "sentiment_score": {"Positive": 0.9985748529434204, "Negative": 6.635062891291454e-05, "Neutral": 0.001123400405049324, "Mixed": 0.00023545697331428528}, "keywords": [["community", "campus", "incredible", "university", "time"]], "positive_keywords": [["community", "campus", "incredible", "university", "time"]], "negative_keywords": []}, {"text": "my time at university was decent good in some aspects but could be better in others", "sentiment": "MIXED", "sentiment_score": {"Positive": 0.010245845653116703, "Negative": 0.01066859345883131, "Neutral": 0.006733235437422991, "Mixed": 0.9723523259162903}, "keywords": [["better", "aspects", "good", "decent", "university"]], "positive_keywords": [], "negative_keywords": []}]