[{"text": "located near the museum area the campus provides nice examples of architecture that spans modern and older styles if in the museum area its a quick walk to the campus", "sentiment": "POSITIVE", "sentiment_score": {"Positive": 0.7143223881721497, "Negative": 0.0006683979299850762, "Neutral": 0.28487536311149597, "Mixed": 0.00013388805382419378}, "keywords": [["walk", "quick", "styles", "older", "modern"]], "positive_keywords": [["walk", "quick", "styles", "older", "modern"]], "negative_keywords": []}, {"text": "view from the rooftop cafe is amazing", "sentiment": "POSITIVE", "sentiment_score": {"Positive": 0.9980022311210632, "Negative": 0.00018723214452620596, "Neutral": 0.001767844194546342, "Mixed": 4.264014205546118e-05}, "keywords": [["amazing", "cafe", "rooftop", "view"]], "positive_keywords": [["amazing", "cafe", "rooftop", "view"]], "negative_keywords": []}, {"text": "proud to study ee here not a big fan of the exam system though most exams are extremly unfriendly because they are intentionally kept short in order to give you time pressure i know this is more of a german system thing not sure if this is really necessary though still not completely used to it after  years of study itll always surprise me when i am able to finish all the questions because it hardly ever happens even after serious preparation ", "sentiment": "MIXED", "sentiment_score": {"Positive": 0.010996145196259022, "Negative": 0.04486691206693649, "Neutral": 0.003754975972697139, "Mixed": 0.9403820037841797}, "keywords": [["preparation", "happens", "hardly", "questions", "finish"]], "positive_keywords": [], "negative_keywords": []}, {"text": "friendly staff and beautiful building it is located at a very nice place with all museums around\ni have presented a paper in a conference about photogrammetry", "sentiment": "POSITIVE", "sentiment_score": {"Positive": 0.995882511138916, "Negative": 5.3228326578391716e-05, "Neutral": 0.003911948762834072, "Mixed": 0.00015237413754221052}, "keywords": [["photogrammetry", "conference", "paper", "presented", "museums"]], "positive_keywords": [["photogrammetry", "conference", "paper", "presented", "museums"]], "negative_keywords": []}, {"text": "the technical university of munich tum is one of europes leading universities\u00a0it focuses on the engineering sciences natural sciences life sciences medicine and social sciences\u00a0 it is a public research university in munich germany\u00a0it specializes in engineering technology medicine and applied and natural sciences\u00a0", "sentiment": "NEUTRAL", "sentiment_score": {"Positive": 0.0008760514319874346, "Negative": 0.00011945602454943582, "Neutral": 0.99899822473526, "Mixed": 6.312080131465336e-06}, "keywords": [["applied", "technology", "specializes", "germany", "research"]], "positive_keywords": [], "negative_keywords": []}, {"text": "the best years of my life were spent at university highly recommend it", "sentiment": "POSITIVE", "sentiment_score": {"Positive": 0.9983893632888794, "Negative": 0.00029790453845635056, "Neutral": 0.0012738844379782677, "Mixed": 3.883827230310999e-05}, "keywords": [["recommend", "highly", "university", "spent", "life"]], "positive_keywords": [["recommend", "highly", "university", "spent", "life"]], "negative_keywords": []}, {"text": "i had an amazing experience at university the faculty and facilities are topnotch", "sentiment": "POSITIVE", "sentiment_score": {"Positive": 0.9932656288146973, "Negative": 0.00032129944884218276, "Neutral": 0.0041029369458556175, "Mixed": 0.0023101065307855606}, "keywords": [["topnotch", "facilities", "faculty", "university", "experience"]], "positive_keywords": [["topnotch", "facilities", "faculty", "university", "experience"]], "negative_keywords": []}, {"text": "absolutely loved my time here university has an incredible campus and community", "sentiment": "POSITIVE", "sentiment_score": {"Positive": 0.9985748529434204, "Negative": 6.635062891291454e-05, "Neutral": 0.001123400405049324, "Mixed": 0.00023545697331428528}, "keywords": [["community", "campus", "incredible", "university", "time"]], "positive_keywords": [["community", "campus", "incredible", "university", "time"]], "negative_keywords": []}, {"text": "had higher expectations from university the curriculum needs a serious update", "sentiment": "NEGATIVE", "sentiment_score": {"Positive": 0.03928213194012642, "Negative": 0.6937776803970337, "Neutral": 0.23473480343818665, "Mixed": 0.03220541775226593}, "keywords": [["update", "needs", "curriculum", "university", "expectations"]], "positive_keywords": [], "negative_keywords": [["update", "needs", "curriculum", "university", "expectations"]]}, {"text": "i was disappointed with my experience at university the resources were lacking", "sentiment": "NEGATIVE", "sentiment_score": {"Positive": 0.0002522050344850868, "Negative": 0.999014139175415, "Neutral": 0.0005387758137658238, "Mixed": 0.00019480571791063994}, "keywords": [["lacking", "resources", "university", "experience", "disappointed"]], "positive_keywords": [], "negative_keywords": [["lacking", "resources", "university", "experience", "disappointed"]]}, {"text": "absolutely loved my time here university has an incredible campus and community", "sentiment": "POSITIVE", "sentiment_score": {"Positive": 0.9985748529434204, "Negative": 6.635062891291454e-05, "Neutral": 0.001123400405049324, "Mixed": 0.00023545697331428528}, "keywords": [["community", "campus", "incredible", "university", "time"]], "positive_keywords": [["community", "campus", "incredible", "university", "time"]], "negative_keywords": []}, {"text": "average experience at university nothing particularly outstanding", "sentiment": "NEGATIVE", "sentiment_score": {"Positive": 0.00849381648004055, "Negative": 0.6501188278198242, "Neutral": 0.04405200108885765, "Mixed": 0.29733535647392273}, "keywords": [["outstanding", "particularly", "university", "experience", "average"]], "positive_keywords": [], "negative_keywords": [["outstanding", "particularly", "university", "experience", "average"]]}, {"text": "its a good university but i think university has room for improvement", "sentiment": "MIXED", "sentiment_score": {"Positive": 0.09079279005527496, "Negative": 0.0044769770465791225, "Neutral": 0.02031625062227249, "Mixed": 0.8844140768051147}, "keywords": [["improvement", "room", "think", "university", "good"]], "positive_keywords": [], "negative_keywords": []}, {"text": "the best years of my life were spent at university highly recommend it", "sentiment": "POSITIVE", "sentiment_score": {"Positive": 0.9983893632888794, "Negative": 0.00029790453845635056, "Neutral": 0.0012738844379782677, "Mixed": 3.883827230310999e-05}, "keywords": [["recommend", "highly", "university", "spent", "life"]], "positive_keywords": [["recommend", "highly", "university", "spent", "life"]], "negative_keywords": []}, {"text": "had higher expectations from university the curriculum needs a serious update", "sentiment": "NEGATIVE", "sentiment_score": {"Positive": 0.03928213194012642, "Negative": 0.6937776803970337, "Neutral": 0.23473480343818665, "Mixed": 0.03220541775226593}, "keywords": [["update", "needs", "curriculum", "university", "expectations"]], "positive_keywords": [], "negative_keywords": [["update", "needs", "curriculum", "university", "expectations"]]}]