[{"text": "dealing with social safety issues is not only not really bad they also refuse to seriously tackle the problem and instead prefer to pretend they are doing something by putting a lot of pr effort in shallow campaigns that do not address the real problem\nand a bonus did i mention that they prefer to get the police drag students out of their building than seriously consider the protesters claims and concerns", "sentiment": "MIXED", "sentiment_score": {"Positive": 0.026684198528528214, "Negative": 0.32525378465652466, "Neutral": 0.10601147264242172, "Mixed": 0.5420505404472351}, "keywords": [["concerns", "claims", "protesters", "consider", "building"]], "positive_keywords": [], "negative_keywords": []}, {"text": "beautiful historical building", "sentiment": "POSITIVE", "sentiment_score": {"Positive": 0.997583270072937, "Negative": 5.875628994544968e-05, "Neutral": 0.0023095211945474148, "Mixed": 4.848959360970184e-05}, "keywords": [["building", "historical", "beautiful"]], "positive_keywords": [["building", "historical", "beautiful"]], "negative_keywords": []}, {"text": "explains a lot of history and legacy of the university the interior is so beautiful", "sentiment": "POSITIVE", "sentiment_score": {"Positive": 0.9982925057411194, "Negative": 0.00010254682274535298, "Neutral": 0.0015054579125717282, "Mixed": 9.945701458491385e-05}, "keywords": [["beautiful", "interior", "university", "legacy", "history"]], "positive_keywords": [["beautiful", "interior", "university", "legacy", "history"]], "negative_keywords": []}, {"text": "the classic phrase if i could give  stars i would\n\nthe worst application experience of my life this university is total chaos i dont recommend to anyone not even to waste energy on making an application as i mistakenly did\n\nquick summary i make the application they never send me the link to pay i call countless times before the deadline to pay for the application send emails all useless because they are so disorganized and now i cant participate in the admission process because i didnt pay the application fee which no one ever sent me\n\nthanks\n\nps only the last girl who talked to me on the phone actually did something unfortunately or fortunately it was too late", "sentiment": "NEGATIVE", "sentiment_score": {"Positive": 0.005783333908766508, "Negative": 0.955748438835144, "Neutral": 0.008192204870283604, "Mixed": 0.030276093631982803}, "keywords": [["late", "fortunately", "unfortunately", "actually", "phone"]], "positive_keywords": [], "negative_keywords": [["late", "fortunately", "unfortunately", "actually", "phone"]]}, {"text": "one of the oldest universities in netherlands i visited the campus to attend a seminar its huge the parking lot hard to find for an outsider still the atmosphere here is very charming", "sentiment": "POSITIVE", "sentiment_score": {"Positive": 0.9552803635597229, "Negative": 0.0006531222607009113, "Neutral": 0.043850794434547424, "Mixed": 0.00021576942526735365}, "keywords": [["charming", "atmosphere", "outsider", "hard", "lot"]], "positive_keywords": [["charming", "atmosphere", "outsider", "hard", "lot"]], "negative_keywords": []}, {"text": "i had an amazing experience at university the faculty and facilities are topnotch", "sentiment": "POSITIVE", "sentiment_score": {"Positive": 0.9932656288146973, "Negative": 0.00032129944884218276, "Neutral": 0.0041029369458556175, "Mixed": 0.0023101065307855606}, "keywords": [["topnotch", "facilities", "faculty", "university", "experience"]], "positive_keywords": [["topnotch", "facilities", "faculty", "university", "experience"]], "negative_keywords": []}, {"text": "absolutely loved my time here university has an incredible campus and community", "sentiment": "POSITIVE", "sentiment_score": {"Positive": 0.9985748529434204, "Negative": 6.635062891291454e-05, "Neutral": 0.001123400405049324, "Mixed": 0.00023545697331428528}, "keywords": [["community", "campus", "incredible", "university", "time"]], "positive_keywords": [["community", "campus", "incredible", "university", "time"]], "negative_keywords": []}, {"text": "had higher expectations from university the curriculum needs a serious update", "sentiment": "NEGATIVE", "sentiment_score": {"Positive": 0.03928213194012642, "Negative": 0.6937776803970337, "Neutral": 0.23473480343818665, "Mixed": 0.03220541775226593}, "keywords": [["update", "needs", "curriculum", "university", "expectations"]], "positive_keywords": [], "negative_keywords": [["update", "needs", "curriculum", "university", "expectations"]]}, {"text": "my time at university was decent good in some aspects but could be better in others", "sentiment": "MIXED", "sentiment_score": {"Positive": 0.010245845653116703, "Negative": 0.01066859345883131, "Neutral": 0.006733235437422991, "Mixed": 0.9723523259162903}, "keywords": [["better", "aspects", "good", "decent", "university"]], "positive_keywords": [], "negative_keywords": []}, {"text": "i had an amazing experience at university the faculty and facilities are topnotch", "sentiment": "POSITIVE", "sentiment_score": {"Positive": 0.9932656288146973, "Negative": 0.00032129944884218276, "Neutral": 0.0041029369458556175, "Mixed": 0.0023101065307855606}, "keywords": [["topnotch", "facilities", "faculty", "university", "experience"]], "positive_keywords": [["topnotch", "facilities", "faculty", "university", "experience"]], "negative_keywords": []}, {"text": "i had an amazing experience at university the faculty and facilities are topnotch", "sentiment": "POSITIVE", "sentiment_score": {"Positive": 0.9932656288146973, "Negative": 0.00032129944884218276, "Neutral": 0.0041029369458556175, "Mixed": 0.0023101065307855606}, "keywords": [["topnotch", "facilities", "faculty", "university", "experience"]], "positive_keywords": [["topnotch", "facilities", "faculty", "university", "experience"]], "negative_keywords": []}, {"text": "i had an amazing experience at university the faculty and facilities are topnotch", "sentiment": "POSITIVE", "sentiment_score": {"Positive": 0.9932656288146973, "Negative": 0.00032129944884218276, "Neutral": 0.0041029369458556175, "Mixed": 0.0023101065307855606}, "keywords": [["topnotch", "facilities", "faculty", "university", "experience"]], "positive_keywords": [["topnotch", "facilities", "faculty", "university", "experience"]], "negative_keywords": []}, {"text": "average experience at university nothing particularly outstanding", "sentiment": "NEGATIVE", "sentiment_score": {"Positive": 0.00849381648004055, "Negative": 0.6501188278198242, "Neutral": 0.04405200108885765, "Mixed": 0.29733535647392273}, "keywords": [["outstanding", "particularly", "university", "experience", "average"]], "positive_keywords": [], "negative_keywords": [["outstanding", "particularly", "university", "experience", "average"]]}, {"text": "average experience at university nothing particularly outstanding", "sentiment": "NEGATIVE", "sentiment_score": {"Positive": 0.00849381648004055, "Negative": 0.6501188278198242, "Neutral": 0.04405200108885765, "Mixed": 0.29733535647392273}, "keywords": [["outstanding", "particularly", "university", "experience", "average"]], "positive_keywords": [], "negative_keywords": [["outstanding", "particularly", "university", "experience", "average"]]}, {"text": "i had an amazing experience at university the faculty and facilities are topnotch", "sentiment": "POSITIVE", "sentiment_score": {"Positive": 0.9932656288146973, "Negative": 0.00032129944884218276, "Neutral": 0.0041029369458556175, "Mixed": 0.0023101065307855606}, "keywords": [["topnotch", "facilities", "faculty", "university", "experience"]], "positive_keywords": [["topnotch", "facilities", "faculty", "university", "experience"]], "negative_keywords": []}]