[{"text": "was very fortunate to work in ntu hive architecture is the highlight as a researcher you will enjoy this beautiful institute and a peaceful place greenary top university in singapore", "sentiment": "POSITIVE", "sentiment_score": {"Positive": 0.9899632334709167, "Negative": 0.00018546167120803148, "Neutral": 0.009513539262115955, "Mixed": 0.00033767978311516345}, "keywords": [["singapore", "university", "greenary", "place", "peaceful"]], "positive_keywords": [["singapore", "university", "greenary", "place", "peaceful"]], "negative_keywords": []}, {"text": "good for exercise since the campus is built along the mountain", "sentiment": "POSITIVE", "sentiment_score": {"Positive": 0.9456769824028015, "Negative": 0.002014053985476494, "Neutral": 0.04420904815196991, "Mixed": 0.008099849335849285}, "keywords": [["mountain", "built", "campus", "exercise", "good"]], "positive_keywords": [["mountain", "built", "campus", "exercise", "good"]], "negative_keywords": []}, {"text": "nice campus very big and facilities are new", "sentiment": "POSITIVE", "sentiment_score": {"Positive": 0.9806084632873535, "Negative": 0.0005535237723961473, "Neutral": 0.017173700034618378, "Mixed": 0.0016643502749502659}, "keywords": [["new", "facilities", "big", "campus", "nice"]], "positive_keywords": [["new", "facilities", "big", "campus", "nice"]], "negative_keywords": []}, {"text": "ntus campus is blessed with its own beauty of hilly landscapes and green nature surrounds the colleges\n\nits a breathtaking experience for a beautiful morning walk especially at the same time get to enjoy the rich biodiversity of flora and fauna that refresh our body and soul most importantly not only that it attracts a wide range of wildlife longtailed macaques wild boars  and more recently otters have been sighted on campus as well\n\nwelcome to ntu\n\nshalom", "sentiment": "POSITIVE", "sentiment_score": {"Positive": 0.9147688746452332, "Negative": 0.00012831497588194907, "Neutral": 0.08502093702554703, "Mixed": 8.185417391359806e-05}, "keywords": [["shalom", "ntu", "welcome", "sighted", "otters"]], "positive_keywords": [["shalom", "ntu", "welcome", "sighted", "otters"]], "negative_keywords": []}, {"text": "it was an amazing experience going to ntu open house  yesterday student ambassadors were really friendly and everything seemed to be executed in clockwork style starting from the shuttle buses that ferried us from jurong east mrt to the campus itself i had an amazing time with the tours free concerts  photobooth and many many more\n\nmany may regard ntu as pulau ntu because of its location away from most of singapore it has its charms in my humble opinion ranging from the dim sum building to the nanyang lake and the many greenery that surrounds and fills the campus another plus point for being relatively inaccessible is that theres lower foot traffic on most days which gives peace and tranquility to its occupants therein lies its beauty  you have to travel to see it highly recommended", "sentiment": "POSITIVE", "sentiment_score": {"Positive": 0.9942899942398071, "Negative": 0.0003672859165817499, "Neutral": 0.005193599499762058, "Mixed": 0.00014909342280589044}, "keywords": [["recommended", "highly", "travel", "beauty", "lies"]], "positive_keywords": [["recommended", "highly", "travel", "beauty", "lies"]], "negative_keywords": []}, {"text": "the best years of my life were spent at university highly recommend it", "sentiment": "POSITIVE", "sentiment_score": {"Positive": 0.9983893632888794, "Negative": 0.00029790453845635056, "Neutral": 0.0012738844379782677, "Mixed": 3.883827230310999e-05}, "keywords": [["recommend", "highly", "university", "spent", "life"]], "positive_keywords": [["recommend", "highly", "university", "spent", "life"]], "negative_keywords": []}, {"text": "its a good university but i think university has room for improvement", "sentiment": "MIXED", "sentiment_score": {"Positive": 0.09079279005527496, "Negative": 0.0044769770465791225, "Neutral": 0.02031625062227249, "Mixed": 0.8844140768051147}, "keywords": [["improvement", "room", "think", "university", "good"]], "positive_keywords": [], "negative_keywords": []}, {"text": "my time at university was decent good in some aspects but could be better in others", "sentiment": "MIXED", "sentiment_score": {"Positive": 0.010245845653116703, "Negative": 0.01066859345883131, "Neutral": 0.006733235437422991, "Mixed": 0.9723523259162903}, "keywords": [["better", "aspects", "good", "decent", "university"]], "positive_keywords": [], "negative_keywords": []}, {"text": "absolutely loved my time here university has an incredible campus and community", "sentiment": "POSITIVE", "sentiment_score": {"Positive": 0.9985748529434204, "Negative": 6.635062891291454e-05, "Neutral": 0.001123400405049324, "Mixed": 0.00023545697331428528}, "keywords": [["community", "campus", "incredible", "university", "time"]], "positive_keywords": [["community", "campus", "incredible", "university", "time"]], "negative_keywords": []}, {"text": "not what i expected university could really improve its student services", "sentiment": "NEGATIVE", "sentiment_score": {"Positive": 0.002219774993136525, "Negative": 0.9755644798278809, "Neutral": 0.015244387090206146, "Mixed": 0.006971326656639576}, "keywords": [["services", "student", "improve", "really", "university"]], "positive_keywords": [], "negative_keywords": [["services", "student", "improve", "really", "university"]]}, {"text": "i was disappointed with my experience at university the resources were lacking", "sentiment": "NEGATIVE", "sentiment_score": {"Positive": 0.0002522050344850868, "Negative": 0.999014139175415, "Neutral": 0.0005387758137658238, "Mixed": 0.00019480571791063994}, "keywords": [["lacking", "resources", "university", "experience", "disappointed"]], "positive_keywords": [], "negative_keywords": [["lacking", "resources", "university", "experience", "disappointed"]]}, {"text": "had higher expectations from university the curriculum needs a serious update", "sentiment": "NEGATIVE", "sentiment_score": {"Positive": 0.03928213194012642, "Negative": 0.6937776803970337, "Neutral": 0.23473480343818665, "Mixed": 0.03220541775226593}, "keywords": [["update", "needs", "curriculum", "university", "expectations"]], "positive_keywords": [], "negative_keywords": [["update", "needs", "curriculum", "university", "expectations"]]}, {"text": "had higher expectations from university the curriculum needs a serious update", "sentiment": "NEGATIVE", "sentiment_score": {"Positive": 0.03928213194012642, "Negative": 0.6937776803970337, "Neutral": 0.23473480343818665, "Mixed": 0.03220541775226593}, "keywords": [["update", "needs", "curriculum", "university", "expectations"]], "positive_keywords": [], "negative_keywords": [["update", "needs", "curriculum", "university", "expectations"]]}, {"text": "i had an amazing experience at university the faculty and facilities are topnotch", "sentiment": "POSITIVE", "sentiment_score": {"Positive": 0.9932656288146973, "Negative": 0.00032129944884218276, "Neutral": 0.0041029369458556175, "Mixed": 0.0023101065307855606}, "keywords": [["topnotch", "facilities", "faculty", "university", "experience"]], "positive_keywords": [["topnotch", "facilities", "faculty", "university", "experience"]], "negative_keywords": []}, {"text": "its a good university but i think university has room for improvement", "sentiment": "MIXED", "sentiment_score": {"Positive": 0.09079279005527496, "Negative": 0.0044769770465791225, "Neutral": 0.02031625062227249, "Mixed": 0.8844140768051147}, "keywords": [["improvement", "room", "think", "university", "good"]], "positive_keywords": [], "negative_keywords": []}]