[{"text": "we had a  fabulous tour led by yoyo who was informative but injected humour too highly recommended", "sentiment": "POSITIVE", "sentiment_score": {"Positive": 0.7042717337608337, "Negative": 0.0020197166595607996, "Neutral": 0.0007847975357435644, "Mixed": 0.29292377829551697}, "keywords": [["recommended", "highly", "humour", "injected", "informative"]], "positive_keywords": [["recommended", "highly", "humour", "injected", "informative"]], "negative_keywords": []}, {"text": "its a small but very beautiful place steeped in history lots of olde world charm  a full day is needed  lots of shops saturday vintage market pubs bars restaurants a river and a beautiful cathedral its smiling to york but far more quaint i would throughly recommend a visit maybe take  days", "sentiment": "POSITIVE", "sentiment_score": {"Positive": 0.9493371844291687, "Negative": 0.002628436777740717, "Neutral": 0.04170362651348114, "Mixed": 0.006330742966383696}, "keywords": [["days", "maybe", "visit", "recommend", "throughly"]], "positive_keywords": [["days", "maybe", "visit", "recommend", "throughly"]], "negative_keywords": []}, {"text": "visit was to durham castle and durham cathedral in the grounds all owned by the university beautiful cathedral and climbed the  steps up the tower and that is well worth it for the view at the top after an enjoyable walk along the river again a lot owned by the university", "sentiment": "POSITIVE", "sentiment_score": {"Positive": 0.9263726472854614, "Negative": 0.0003310044121462852, "Neutral": 0.07324007898569107, "Mixed": 5.633176988339983e-05}, "keywords": [["lot", "river", "walk", "enjoyable", "view"]], "positive_keywords": [["lot", "river", "walk", "enjoyable", "view"]], "negative_keywords": []}, {"text": "fantastic day supporting and celebrating working people at durham miners gala fantastic parade which took two hours to pass through the narrow cobbled streets wonderful musicianship of the many bands what a festival", "sentiment": "POSITIVE", "sentiment_score": {"Positive": 0.9925864338874817, "Negative": 8.037043880904093e-05, "Neutral": 0.007234688848257065, "Mixed": 9.849803609540686e-05}, "keywords": [["festival", "bands", "musicianship", "wonderful", "streets"]], "positive_keywords": [["festival", "bands", "musicianship", "wonderful", "streets"]], "negative_keywords": []}, {"text": "durham has finally decided to start work on some of its decaying properties also they now have choreographed flowers in small but spectacular flower beds on a sunny day with everyone in a happy mood durham is delightful theres a lot going on too plenty to do and see history is being resurrected from degeneration just in time", "sentiment": "POSITIVE", "sentiment_score": {"Positive": 0.6774466037750244, "Negative": 0.005154282320290804, "Neutral": 0.18241550028324127, "Mixed": 0.13498356938362122}, "keywords": [["time", "just", "degeneration", "resurrected", "history"]], "positive_keywords": [["time", "just", "degeneration", "resurrected", "history"]], "negative_keywords": []}, {"text": "my time at university was decent good in some aspects but could be better in others", "sentiment": "MIXED", "sentiment_score": {"Positive": 0.010245845653116703, "Negative": 0.01066859345883131, "Neutral": 0.006733235437422991, "Mixed": 0.9723523259162903}, "keywords": [["better", "aspects", "good", "decent", "university"]], "positive_keywords": [], "negative_keywords": []}, {"text": "absolutely loved my time here university has an incredible campus and community", "sentiment": "POSITIVE", "sentiment_score": {"Positive": 0.9985748529434204, "Negative": 6.635062891291454e-05, "Neutral": 0.001123400405049324, "Mixed": 0.00023545697331428528}, "keywords": [["community", "campus", "incredible", "university", "time"]], "positive_keywords": [["community", "campus", "incredible", "university", "time"]], "negative_keywords": []}, {"text": "my time at university was decent good in some aspects but could be better in others", "sentiment": "MIXED", "sentiment_score": {"Positive": 0.010245845653116703, "Negative": 0.01066859345883131, "Neutral": 0.006733235437422991, "Mixed": 0.9723523259162903}, "keywords": [["better", "aspects", "good", "decent", "university"]], "positive_keywords": [], "negative_keywords": []}, {"text": "i had an amazing experience at university the faculty and facilities are topnotch", "sentiment": "POSITIVE", "sentiment_score": {"Positive": 0.9932656288146973, "Negative": 0.00032129944884218276, "Neutral": 0.0041029369458556175, "Mixed": 0.0023101065307855606}, "keywords": [["topnotch", "facilities", "faculty", "university", "experience"]], "positive_keywords": [["topnotch", "facilities", "faculty", "university", "experience"]], "negative_keywords": []}, {"text": "its a good university but i think university has room for improvement", "sentiment": "MIXED", "sentiment_score": {"Positive": 0.09079279005527496, "Negative": 0.0044769770465791225, "Neutral": 0.02031625062227249, "Mixed": 0.8844140768051147}, "keywords": [["improvement", "room", "think", "university", "good"]], "positive_keywords": [], "negative_keywords": []}, {"text": "i had an amazing experience at university the faculty and facilities are topnotch", "sentiment": "POSITIVE", "sentiment_score": {"Positive": 0.9932656288146973, "Negative": 0.00032129944884218276, "Neutral": 0.0041029369458556175, "Mixed": 0.0023101065307855606}, "keywords": [["topnotch", "facilities", "faculty", "university", "experience"]], "positive_keywords": [["topnotch", "facilities", "faculty", "university", "experience"]], "negative_keywords": []}, {"text": "its a good university but i think university has room for improvement", "sentiment": "MIXED", "sentiment_score": {"Positive": 0.09079279005527496, "Negative": 0.0044769770465791225, "Neutral": 0.02031625062227249, "Mixed": 0.8844140768051147}, "keywords": [["improvement", "room", "think", "university", "good"]], "positive_keywords": [], "negative_keywords": []}, {"text": "not what i expected university could really improve its student services", "sentiment": "NEGATIVE", "sentiment_score": {"Positive": 0.002219774993136525, "Negative": 0.9755644798278809, "Neutral": 0.015244387090206146, "Mixed": 0.006971326656639576}, "keywords": [["services", "student", "improve", "really", "university"]], "positive_keywords": [], "negative_keywords": [["services", "student", "improve", "really", "university"]]}, {"text": "not what i expected university could really improve its student services", "sentiment": "NEGATIVE", "sentiment_score": {"Positive": 0.002219774993136525, "Negative": 0.9755644798278809, "Neutral": 0.015244387090206146, "Mixed": 0.006971326656639576}, "keywords": [["services", "student", "improve", "really", "university"]], "positive_keywords": [], "negative_keywords": [["services", "student", "improve", "really", "university"]]}, {"text": "had higher expectations from university the curriculum needs a serious update", "sentiment": "NEGATIVE", "sentiment_score": {"Positive": 0.03928213194012642, "Negative": 0.6937776803970337, "Neutral": 0.23473480343818665, "Mixed": 0.03220541775226593}, "keywords": [["update", "needs", "curriculum", "university", "expectations"]], "positive_keywords": [], "negative_keywords": [["update", "needs", "curriculum", "university", "expectations"]]}]