[{"text": "the national university of singapore nus is a distinguished institution that stands at the pinnacle of global education with a rich history dating back to  nus has continually evolved to become one of the worlds topranking universities\nthis year its ranked  on\nq s world rankingits one of the top  ten universities in the world\none of nuss most notable features is its commitment to academic excellence the university consistently ranks among the top universities worldwide which is a testament to its unwavering dedication to providing a worldclass education its faculty comprises eminent scholars and researchers who are at the forefront of their respective fields making it an ideal place for intellectual growth and exploration\nnus excels in fostering an environment that encourages innovation and research for students pursuing advanced degrees this means the opportunity to engage in cuttingedge research projects and benefit from stateoftheart facilities the universitys emphasis on interdisciplinary studies enables students to explore a wide range of subjects paving the way for wellrounded individuals\nnuss strategic location in singapore offers numerous advantages the citystate is a global hub for technology business and innovation providing students with ample internship and job opportunities the diverse and multicultural atmosphere of singapore enriches the overall student experience\nnus prides itself on providing holistic education which includes a thriving extracurricular scene students can participate in a wide array of clubs organizations and events contributing to personal growth and fostering lifelong friendships\nnational university of singapore is an outstanding institution that offers a worldclass education research opportunities and a vibrant student life choosing nus is a commitment to a brighter future where academic excellence and personal growth go hand in hand", "sentiment": "NEUTRAL", "sentiment_score": {"Positive": 0.3127528131008148, "Negative": 0.00021197648311499506, "Neutral": 0.6868932843208313, "Mixed": 0.00014191756781656295}, "keywords": [["hand", "future", "brighter", "choosing", "life"]], "positive_keywords": [], "negative_keywords": []}, {"text": "had a great experience today at nus open house  although everything was only taking place at utown it was an extremely vibrant and enjoyable experience there were so many activities and booths around and it was such fun and pleasure to be at the place\n\nthoroughly enjoyed my day outing to the campus where students and staff alike are very welcoming friendly and awesome thank you nus \n\nps its a great time to visit on weekends just to walk around and admire the architecture of the campus", "sentiment": "POSITIVE", "sentiment_score": {"Positive": 0.9988790154457092, "Negative": 4.134025584789924e-05, "Neutral": 0.0008651137468405068, "Mixed": 0.00021453086810652167}, "keywords": [["architecture", "admire", "walk", "just", "weekends"]], "positive_keywords": [["architecture", "admire", "walk", "just", "weekends"]], "negative_keywords": []}, {"text": "i was amazed when i visited this campus back in  still im wondering how an university campus can be so beautiful this campus is the combination of the any modern shopping mall eg vibocity and a decent forest one can enjoyed these both feeling once heshe inside of it everything is heavily organized and the campus is so bug that you can not visit the entire campus in a single day the campus is full of stairs and thats why sometimes it is called national university of stairs", "sentiment": "MIXED", "sentiment_score": {"Positive": 0.14685575664043427, "Negative": 0.02528384141623974, "Neutral": 0.0008707247325219214, "Mixed": 0.8269897103309631}, "keywords": [["national", "called", "thats", "stairs", "day"]], "positive_keywords": [], "negative_keywords": []}, {"text": "i had the enormous privilege of attending this great institution for a few weeks and enjoyed every moment of my time there its easy to see why this place is renowned all over the globe and the campus is world class", "sentiment": "POSITIVE", "sentiment_score": {"Positive": 0.957801878452301, "Negative": 0.0007815736462362111, "Neutral": 0.00952950119972229, "Mixed": 0.03188705071806908}, "keywords": [["class", "world", "campus", "globe", "renowned"]], "positive_keywords": [["class", "world", "campus", "globe", "renowned"]], "negative_keywords": []}, {"text": "i came here back in  and man i am so speechless everything is so clean great perfect i love the facade very much the park in the middle just add some spice\nlooks green and fresh\ni got the opportunity to go into their canteen and bought some food they have different typo of food and its healthy the cafetaria is soo clean looks more like a foodcourt that a cafetaria \ni met with indonesian students who studied here we share a lot of experience and they shows us around to coworking space different campuses and housing unfortunately nus is kinda far away from mrt station so after you get out from mrt station you need to take a bus", "sentiment": "POSITIVE", "sentiment_score": {"Positive": 0.954024076461792, "Negative": 0.014358650892972946, "Neutral": 0.018646463751792908, "Mixed": 0.01297071110457182}, "keywords": [["bus", "need", "station", "mrt", "away"]], "positive_keywords": [["bus", "need", "station", "mrt", "away"]], "negative_keywords": []}, {"text": "not what i expected university could really improve its student services", "sentiment": "NEGATIVE", "sentiment_score": {"Positive": 0.002219774993136525, "Negative": 0.9755644798278809, "Neutral": 0.015244387090206146, "Mixed": 0.006971326656639576}, "keywords": [["services", "student", "improve", "really", "university"]], "positive_keywords": [], "negative_keywords": [["services", "student", "improve", "really", "university"]]}, {"text": "my time at university was decent good in some aspects but could be better in others", "sentiment": "MIXED", "sentiment_score": {"Positive": 0.010245845653116703, "Negative": 0.01066859345883131, "Neutral": 0.006733235437422991, "Mixed": 0.9723523259162903}, "keywords": [["better", "aspects", "good", "decent", "university"]], "positive_keywords": [], "negative_keywords": []}, {"text": "average experience at university nothing particularly outstanding", "sentiment": "NEGATIVE", "sentiment_score": {"Positive": 0.00849381648004055, "Negative": 0.6501188278198242, "Neutral": 0.04405200108885765, "Mixed": 0.29733535647392273}, "keywords": [["outstanding", "particularly", "university", "experience", "average"]], "positive_keywords": [], "negative_keywords": [["outstanding", "particularly", "university", "experience", "average"]]}, {"text": "had higher expectations from university the curriculum needs a serious update", "sentiment": "NEGATIVE", "sentiment_score": {"Positive": 0.03928213194012642, "Negative": 0.6937776803970337, "Neutral": 0.23473480343818665, "Mixed": 0.03220541775226593}, "keywords": [["update", "needs", "curriculum", "university", "expectations"]], "positive_keywords": [], "negative_keywords": [["update", "needs", "curriculum", "university", "expectations"]]}, {"text": "absolutely loved my time here university has an incredible campus and community", "sentiment": "POSITIVE", "sentiment_score": {"Positive": 0.9985748529434204, "Negative": 6.635062891291454e-05, "Neutral": 0.001123400405049324, "Mixed": 0.00023545697331428528}, "keywords": [["community", "campus", "incredible", "university", "time"]], "positive_keywords": [["community", "campus", "incredible", "university", "time"]], "negative_keywords": []}, {"text": "i was disappointed with my experience at university the resources were lacking", "sentiment": "NEGATIVE", "sentiment_score": {"Positive": 0.0002522050344850868, "Negative": 0.999014139175415, "Neutral": 0.0005387758137658238, "Mixed": 0.00019480571791063994}, "keywords": [["lacking", "resources", "university", "experience", "disappointed"]], "positive_keywords": [], "negative_keywords": [["lacking", "resources", "university", "experience", "disappointed"]]}, {"text": "the best years of my life were spent at university highly recommend it", "sentiment": "POSITIVE", "sentiment_score": {"Positive": 0.9983893632888794, "Negative": 0.00029790453845635056, "Neutral": 0.0012738844379782677, "Mixed": 3.883827230310999e-05}, "keywords": [["recommend", "highly", "university", "spent", "life"]], "positive_keywords": [["recommend", "highly", "university", "spent", "life"]], "negative_keywords": []}, {"text": "had higher expectations from university the curriculum needs a serious update", "sentiment": "NEGATIVE", "sentiment_score": {"Positive": 0.03928213194012642, "Negative": 0.6937776803970337, "Neutral": 0.23473480343818665, "Mixed": 0.03220541775226593}, "keywords": [["update", "needs", "curriculum", "university", "expectations"]], "positive_keywords": [], "negative_keywords": [["update", "needs", "curriculum", "university", "expectations"]]}, {"text": "average experience at university nothing particularly outstanding", "sentiment": "NEGATIVE", "sentiment_score": {"Positive": 0.00849381648004055, "Negative": 0.6501188278198242, "Neutral": 0.04405200108885765, "Mixed": 0.29733535647392273}, "keywords": [["outstanding", "particularly", "university", "experience", "average"]], "positive_keywords": [], "negative_keywords": [["outstanding", "particularly", "university", "experience", "average"]]}, {"text": "my time at university was decent good in some aspects but could be better in others", "sentiment": "MIXED", "sentiment_score": {"Positive": 0.010245845653116703, "Negative": 0.01066859345883131, "Neutral": 0.006733235437422991, "Mixed": 0.9723523259162903}, "keywords": [["better", "aspects", "good", "decent", "university"]], "positive_keywords": [], "negative_keywords": []}]