[{"text": "this is a very good university the courses teach stateoftheart technologies the research environment is good and the facilities are top notch the campus is very beautiful and is open to the public as of august  the university can be accessed via public transport or taxis there are no mtr stations nearby but a number of bus routes serve the campus the university has a number of locations for photographing the sea architecture and small animals that live on the campus", "sentiment": "POSITIVE", "sentiment_score": {"Positive": 0.9785938262939453, "Negative": 0.00010279338312102482, "Neutral": 0.021177025511860847, "Mixed": 0.00012633425649255514}, "keywords": [["live", "animals", "small", "architecture", "sea"]], "positive_keywords": [["live", "animals", "small", "architecture", "sea"]], "negative_keywords": []}, {"text": "very nice view minibus m required", "sentiment": "POSITIVE", "sentiment_score": {"Positive": 0.9992062449455261, "Negative": 0.00010829814709722996, "Neutral": 0.0006334080244414508, "Mixed": 5.2048166253371164e-05}, "keywords": [["required", "minibus", "view", "nice"]], "positive_keywords": [["required", "minibus", "view", "nice"]], "negative_keywords": []}, {"text": "great views the the sea from this university", "sentiment": "POSITIVE", "sentiment_score": {"Positive": 0.9949033260345459, "Negative": 0.00022008319501765072, "Neutral": 0.004839446395635605, "Mixed": 3.709819065988995e-05}, "keywords": [["university", "sea", "views", "great"]], "positive_keywords": [["university", "sea", "views", "great"]], "negative_keywords": []}, {"text": "world class of asia friendly staff", "sentiment": "POSITIVE", "sentiment_score": {"Positive": 0.7129291296005249, "Negative": 0.0045064776204526424, "Neutral": 0.281984806060791, "Mixed": 0.0005795975448563695}, "keywords": [["staff", "friendly", "asia", "class", "world"]], "positive_keywords": [["staff", "friendly", "asia", "class", "world"]], "negative_keywords": []}, {"text": "best university ever for studying and doing research quite a big campus with fully equipped beautiful view and fresh air", "sentiment": "POSITIVE", "sentiment_score": {"Positive": 0.9760373830795288, "Negative": 0.000490986742079258, "Neutral": 0.02205486223101616, "Mixed": 0.0014167798217386007}, "keywords": [["air", "fresh", "view", "beautiful", "equipped"]], "positive_keywords": [["air", "fresh", "view", "beautiful", "equipped"]], "negative_keywords": []}, {"text": "average experience at university nothing particularly outstanding", "sentiment": "NEGATIVE", "sentiment_score": {"Positive": 0.00849381648004055, "Negative": 0.6501188278198242, "Neutral": 0.04405200108885765, "Mixed": 0.29733535647392273}, "keywords": [["outstanding", "particularly", "university", "experience", "average"]], "positive_keywords": [], "negative_keywords": [["outstanding", "particularly", "university", "experience", "average"]]}, {"text": "not what i expected university could really improve its student services", "sentiment": "NEGATIVE", "sentiment_score": {"Positive": 0.002219774993136525, "Negative": 0.9755644798278809, "Neutral": 0.015244387090206146, "Mixed": 0.006971326656639576}, "keywords": [["services", "student", "improve", "really", "university"]], "positive_keywords": [], "negative_keywords": [["services", "student", "improve", "really", "university"]]}, {"text": "i had an amazing experience at university the faculty and facilities are topnotch", "sentiment": "POSITIVE", "sentiment_score": {"Positive": 0.9932656288146973, "Negative": 0.00032129944884218276, "Neutral": 0.0041029369458556175, "Mixed": 0.0023101065307855606}, "keywords": [["topnotch", "facilities", "faculty", "university", "experience"]], "positive_keywords": [["topnotch", "facilities", "faculty", "university", "experience"]], "negative_keywords": []}, {"text": "the best years of my life were spent at university highly recommend it", "sentiment": "POSITIVE", "sentiment_score": {"Positive": 0.9983893632888794, "Negative": 0.00029790453845635056, "Neutral": 0.0012738844379782677, "Mixed": 3.883827230310999e-05}, "keywords": [["recommend", "highly", "university", "spent", "life"]], "positive_keywords": [["recommend", "highly", "university", "spent", "life"]], "negative_keywords": []}, {"text": "not what i expected university could really improve its student services", "sentiment": "NEGATIVE", "sentiment_score": {"Positive": 0.002219774993136525, "Negative": 0.9755644798278809, "Neutral": 0.015244387090206146, "Mixed": 0.006971326656639576}, "keywords": [["services", "student", "improve", "really", "university"]], "positive_keywords": [], "negative_keywords": [["services", "student", "improve", "really", "university"]]}, {"text": "average experience at university nothing particularly outstanding", "sentiment": "NEGATIVE", "sentiment_score": {"Positive": 0.00849381648004055, "Negative": 0.6501188278198242, "Neutral": 0.04405200108885765, "Mixed": 0.29733535647392273}, "keywords": [["outstanding", "particularly", "university", "experience", "average"]], "positive_keywords": [], "negative_keywords": [["outstanding", "particularly", "university", "experience", "average"]]}, {"text": "absolutely loved my time here university has an incredible campus and community", "sentiment": "POSITIVE", "sentiment_score": {"Positive": 0.9985748529434204, "Negative": 6.635062891291454e-05, "Neutral": 0.001123400405049324, "Mixed": 0.00023545697331428528}, "keywords": [["community", "campus", "incredible", "university", "time"]], "positive_keywords": [["community", "campus", "incredible", "university", "time"]], "negative_keywords": []}, {"text": "absolutely loved my time here university has an incredible campus and community", "sentiment": "POSITIVE", "sentiment_score": {"Positive": 0.9985748529434204, "Negative": 6.635062891291454e-05, "Neutral": 0.001123400405049324, "Mixed": 0.00023545697331428528}, "keywords": [["community", "campus", "incredible", "university", "time"]], "positive_keywords": [["community", "campus", "incredible", "university", "time"]], "negative_keywords": []}, {"text": "the best years of my life were spent at university highly recommend it", "sentiment": "POSITIVE", "sentiment_score": {"Positive": 0.9983893632888794, "Negative": 0.00029790453845635056, "Neutral": 0.0012738844379782677, "Mixed": 3.883827230310999e-05}, "keywords": [["recommend", "highly", "university", "spent", "life"]], "positive_keywords": [["recommend", "highly", "university", "spent", "life"]], "negative_keywords": []}, {"text": "the best years of my life were spent at university highly recommend it", "sentiment": "POSITIVE", "sentiment_score": {"Positive": 0.9983893632888794, "Negative": 0.00029790453845635056, "Neutral": 0.0012738844379782677, "Mixed": 3.883827230310999e-05}, "keywords": [["recommend", "highly", "university", "spent", "life"]], "positive_keywords": [["recommend", "highly", "university", "spent", "life"]], "negative_keywords": []}]