[{"text": "proud to get my ms and bs in cs here food on campus is terrible prices are too high rents are high parking is awful but i love the faculty and peers neither best nor worst memories in life moving on", "sentiment": "MIXED", "sentiment_score": {"Positive": 0.05857516825199127, "Negative": 0.007969488389790058, "Neutral": 0.006322669330984354, "Mixed": 0.9271326065063477}, "keywords": [["moving", "life", "memories", "worst", "best"]], "positive_keywords": [], "negative_keywords": []}, {"text": "ranked rd  worldwide  and th in usa  qs ranking  with  students and  faculty head count and  admission acceptance rate ucsd is a research university in san diego with modern campus buildings the library is beautiful with innovative sitting the tuition fee is high for out of  california international students felt dissatisfaction among students for not finding value for the high fees they pay", "sentiment": "NEUTRAL", "sentiment_score": {"Positive": 0.08973845094442368, "Negative": 0.08335117995738983, "Neutral": 0.7804692983627319, "Mixed": 0.04644108936190605}, "keywords": [["pay", "fees", "value", "finding", "dissatisfaction"]], "positive_keywords": [], "negative_keywords": []}, {"text": "ucsd is a really beautiful campus set on the hills in la jolla overlooking the pacific ocean im serious its amazing the professors really do care about reaching each student and giving them the knowledge needed to be successful  but the real feather in the ucsd cap is the research opportunities even for freshman students   great school dedicated profs gorgeous campus amazing diverse restaurants on campus smart hardworking students and fabulous research opportunities what more can you ask from a university   this place is awesome", "sentiment": "POSITIVE", "sentiment_score": {"Positive": 0.9838952422142029, "Negative": 8.125008025672287e-05, "Neutral": 0.0156300887465477, "Mixed": 0.00039343832759186625}, "keywords": [["awesome", "place", "university", "ask", "fabulous"]], "positive_keywords": [["awesome", "place", "university", "ask", "fabulous"]], "negative_keywords": []}, {"text": "it is no doubt to give five stars to uc san diego big space well infrastructure and new construction going to host students on campus highly professional teachers and administrative staffs are the keys to the choice of matter", "sentiment": "POSITIVE", "sentiment_score": {"Positive": 0.8962845206260681, "Negative": 0.0008201180608011782, "Neutral": 0.10270801186561584, "Mixed": 0.0001874026784207672}, "keywords": [["matter", "choice", "keys", "staffs", "administrative"]], "positive_keywords": [["matter", "choice", "keys", "staffs", "administrative"]], "negative_keywords": []}, {"text": "went on a full campus tour with a group of high schoolers this campus is huge and requires lots of walking from point a to b i was a little concerned about all of the ritualpagan symbols in every aspect of life on this campus and many of the students said it felt like a prison", "sentiment": "NEGATIVE", "sentiment_score": {"Positive": 0.07544239610433578, "Negative": 0.6108239889144897, "Neutral": 0.24685651063919067, "Mixed": 0.06687711924314499}, "keywords": [["prison", "like", "felt", "said", "students"]], "positive_keywords": [], "negative_keywords": [["prison", "like", "felt", "said", "students"]]}, {"text": "its a good university but i think university has room for improvement", "sentiment": "MIXED", "sentiment_score": {"Positive": 0.09079279005527496, "Negative": 0.0044769770465791225, "Neutral": 0.02031625062227249, "Mixed": 0.8844140768051147}, "keywords": [["improvement", "room", "think", "university", "good"]], "positive_keywords": [], "negative_keywords": []}, {"text": "my time at university was decent good in some aspects but could be better in others", "sentiment": "MIXED", "sentiment_score": {"Positive": 0.010245845653116703, "Negative": 0.01066859345883131, "Neutral": 0.006733235437422991, "Mixed": 0.9723523259162903}, "keywords": [["better", "aspects", "good", "decent", "university"]], "positive_keywords": [], "negative_keywords": []}, {"text": "the best years of my life were spent at university highly recommend it", "sentiment": "POSITIVE", "sentiment_score": {"Positive": 0.9983893632888794, "Negative": 0.00029790453845635056, "Neutral": 0.0012738844379782677, "Mixed": 3.883827230310999e-05}, "keywords": [["recommend", "highly", "university", "spent", "life"]], "positive_keywords": [["recommend", "highly", "university", "spent", "life"]], "negative_keywords": []}, {"text": "my time at university was decent good in some aspects but could be better in others", "sentiment": "MIXED", "sentiment_score": {"Positive": 0.010245845653116703, "Negative": 0.01066859345883131, "Neutral": 0.006733235437422991, "Mixed": 0.9723523259162903}, "keywords": [["better", "aspects", "good", "decent", "university"]], "positive_keywords": [], "negative_keywords": []}, {"text": "i had an amazing experience at university the faculty and facilities are topnotch", "sentiment": "POSITIVE", "sentiment_score": {"Positive": 0.9932656288146973, "Negative": 0.00032129944884218276, "Neutral": 0.0041029369458556175, "Mixed": 0.0023101065307855606}, "keywords": [["topnotch", "facilities", "faculty", "university", "experience"]], "positive_keywords": [["topnotch", "facilities", "faculty", "university", "experience"]], "negative_keywords": []}, {"text": "i was disappointed with my experience at university the resources were lacking", "sentiment": "NEGATIVE", "sentiment_score": {"Positive": 0.0002522050344850868, "Negative": 0.999014139175415, "Neutral": 0.0005387758137658238, "Mixed": 0.00019480571791063994}, "keywords": [["lacking", "resources", "university", "experience", "disappointed"]], "positive_keywords": [], "negative_keywords": [["lacking", "resources", "university", "experience", "disappointed"]]}, {"text": "absolutely loved my time here university has an incredible campus and community", "sentiment": "POSITIVE", "sentiment_score": {"Positive": 0.9985748529434204, "Negative": 6.635062891291454e-05, "Neutral": 0.001123400405049324, "Mixed": 0.00023545697331428528}, "keywords": [["community", "campus", "incredible", "university", "time"]], "positive_keywords": [["community", "campus", "incredible", "university", "time"]], "negative_keywords": []}, {"text": "my time at university was decent good in some aspects but could be better in others", "sentiment": "MIXED", "sentiment_score": {"Positive": 0.010245845653116703, "Negative": 0.01066859345883131, "Neutral": 0.006733235437422991, "Mixed": 0.9723523259162903}, "keywords": [["better", "aspects", "good", "decent", "university"]], "positive_keywords": [], "negative_keywords": []}, {"text": "not what i expected university could really improve its student services", "sentiment": "NEGATIVE", "sentiment_score": {"Positive": 0.002219774993136525, "Negative": 0.9755644798278809, "Neutral": 0.015244387090206146, "Mixed": 0.006971326656639576}, "keywords": [["services", "student", "improve", "really", "university"]], "positive_keywords": [], "negative_keywords": [["services", "student", "improve", "really", "university"]]}, {"text": "my time at university was decent good in some aspects but could be better in others", "sentiment": "MIXED", "sentiment_score": {"Positive": 0.010245845653116703, "Negative": 0.01066859345883131, "Neutral": 0.006733235437422991, "Mixed": 0.9723523259162903}, "keywords": [["better", "aspects", "good", "decent", "university"]], "positive_keywords": [], "negative_keywords": []}]