[{"text": "the university of southampton had a very organised and well planned open day it was amazing the environment was very clean and the guides were very helpful", "sentiment": "POSITIVE", "sentiment_score": {"Positive": 0.9989846348762512, "Negative": 3.3214339055120945e-05, "Neutral": 0.0007851516711525619, "Mixed": 0.0001969541481230408}, "keywords": [["helpful", "guides", "clean", "environment", "amazing"]], "positive_keywords": [["helpful", "guides", "clean", "environment", "amazing"]], "negative_keywords": []}, {"text": "beautiful campus beautiful people and so close to nature ", "sentiment": "POSITIVE", "sentiment_score": {"Positive": 0.9951909780502319, "Negative": 0.000133748326334171, "Neutral": 0.004371944349259138, "Mixed": 0.00030332928872667253}, "keywords": [["nature", "close", "people", "campus", "beautiful"]], "positive_keywords": [["nature", "close", "people", "campus", "beautiful"]], "negative_keywords": []}, {"text": "beautiful campus filled with flora and fauna sadly the pandemic means classes are mostly online and students dont really have the opportunity to use the facilities like labs gym susu building etc\n\nreally wish the uni could compensate some of the already exorbitant tuition fees since were not using facilities at the moment", "sentiment": "NEGATIVE", "sentiment_score": {"Positive": 0.020572902634739876, "Negative": 0.6647509336471558, "Neutral": 0.13780230283737183, "Mixed": 0.17687387764453888}, "keywords": [["moment", "using", "fees", "tuition", "exorbitant"]], "positive_keywords": [], "negative_keywords": [["moment", "using", "fees", "tuition", "exorbitant"]]}, {"text": "if you are an international student for some programmes you will be paying  for their online streaming service\n\ntwothirds of the lectures and seminars in my programme were delivered online in poor quality they didnt tell us anything about this until a few days before the first semester started\n\nthe student support here is awful and they have a tendency to delay things that are important to students im glad that i quit my masters programme since almost everything was unacceptable here\n\ni agree with the review that said\nthe russell group should take a good hard look at the running of this university \n\navoid", "sentiment": "NEGATIVE", "sentiment_score": {"Positive": 0.007026361301541328, "Negative": 0.6398710012435913, "Neutral": 0.01574125699698925, "Mixed": 0.3373614549636841}, "keywords": [["avoid", "university", "running", "look", "hard"]], "positive_keywords": [], "negative_keywords": [["avoid", "university", "running", "look", "hard"]]}, {"text": "lovely uni just sometimes so hard to get a bus to city center  too busy", "sentiment": "MIXED", "sentiment_score": {"Positive": 0.02403119206428528, "Negative": 0.056730274111032486, "Neutral": 0.034918125718832016, "Mixed": 0.8843204379081726}, "keywords": [["busy", "center", "city", "bus", "hard"]], "positive_keywords": [], "negative_keywords": []}, {"text": "absolutely loved my time here university has an incredible campus and community", "sentiment": "POSITIVE", "sentiment_score": {"Positive": 0.9985748529434204, "Negative": 6.635062891291454e-05, "Neutral": 0.001123400405049324, "Mixed": 0.00023545697331428528}, "keywords": [["community", "campus", "incredible", "university", "time"]], "positive_keywords": [["community", "campus", "incredible", "university", "time"]], "negative_keywords": []}, {"text": "the best years of my life were spent at university highly recommend it", "sentiment": "POSITIVE", "sentiment_score": {"Positive": 0.9983893632888794, "Negative": 0.00029790453845635056, "Neutral": 0.0012738844379782677, "Mixed": 3.883827230310999e-05}, "keywords": [["recommend", "highly", "university", "spent", "life"]], "positive_keywords": [["recommend", "highly", "university", "spent", "life"]], "negative_keywords": []}, {"text": "i was disappointed with my experience at university the resources were lacking", "sentiment": "NEGATIVE", "sentiment_score": {"Positive": 0.0002522050344850868, "Negative": 0.999014139175415, "Neutral": 0.0005387758137658238, "Mixed": 0.00019480571791063994}, "keywords": [["lacking", "resources", "university", "experience", "disappointed"]], "positive_keywords": [], "negative_keywords": [["lacking", "resources", "university", "experience", "disappointed"]]}, {"text": "not what i expected university could really improve its student services", "sentiment": "NEGATIVE", "sentiment_score": {"Positive": 0.002219774993136525, "Negative": 0.9755644798278809, "Neutral": 0.015244387090206146, "Mixed": 0.006971326656639576}, "keywords": [["services", "student", "improve", "really", "university"]], "positive_keywords": [], "negative_keywords": [["services", "student", "improve", "really", "university"]]}, {"text": "i had an amazing experience at university the faculty and facilities are topnotch", "sentiment": "POSITIVE", "sentiment_score": {"Positive": 0.9932656288146973, "Negative": 0.00032129944884218276, "Neutral": 0.0041029369458556175, "Mixed": 0.0023101065307855606}, "keywords": [["topnotch", "facilities", "faculty", "university", "experience"]], "positive_keywords": [["topnotch", "facilities", "faculty", "university", "experience"]], "negative_keywords": []}, {"text": "the best years of my life were spent at university highly recommend it", "sentiment": "POSITIVE", "sentiment_score": {"Positive": 0.9983893632888794, "Negative": 0.00029790453845635056, "Neutral": 0.0012738844379782677, "Mixed": 3.883827230310999e-05}, "keywords": [["recommend", "highly", "university", "spent", "life"]], "positive_keywords": [["recommend", "highly", "university", "spent", "life"]], "negative_keywords": []}, {"text": "absolutely loved my time here university has an incredible campus and community", "sentiment": "POSITIVE", "sentiment_score": {"Positive": 0.9985748529434204, "Negative": 6.635062891291454e-05, "Neutral": 0.001123400405049324, "Mixed": 0.00023545697331428528}, "keywords": [["community", "campus", "incredible", "university", "time"]], "positive_keywords": [["community", "campus", "incredible", "university", "time"]], "negative_keywords": []}, {"text": "i had an amazing experience at university the faculty and facilities are topnotch", "sentiment": "POSITIVE", "sentiment_score": {"Positive": 0.9932656288146973, "Negative": 0.00032129944884218276, "Neutral": 0.0041029369458556175, "Mixed": 0.0023101065307855606}, "keywords": [["topnotch", "facilities", "faculty", "university", "experience"]], "positive_keywords": [["topnotch", "facilities", "faculty", "university", "experience"]], "negative_keywords": []}, {"text": "i was disappointed with my experience at university the resources were lacking", "sentiment": "NEGATIVE", "sentiment_score": {"Positive": 0.0002522050344850868, "Negative": 0.999014139175415, "Neutral": 0.0005387758137658238, "Mixed": 0.00019480571791063994}, "keywords": [["lacking", "resources", "university", "experience", "disappointed"]], "positive_keywords": [], "negative_keywords": [["lacking", "resources", "university", "experience", "disappointed"]]}, {"text": "i was disappointed with my experience at university the resources were lacking", "sentiment": "NEGATIVE", "sentiment_score": {"Positive": 0.0002522050344850868, "Negative": 0.999014139175415, "Neutral": 0.0005387758137658238, "Mixed": 0.00019480571791063994}, "keywords": [["lacking", "resources", "university", "experience", "disappointed"]], "positive_keywords": [], "negative_keywords": [["lacking", "resources", "university", "experience", "disappointed"]]}]