[{"text": "nice food and students guanghua towers surely a big attraction", "sentiment": "POSITIVE", "sentiment_score": {"Positive": 0.9804453253746033, "Negative": 0.0007962397066876292, "Neutral": 0.018530024215579033, "Mixed": 0.0002283034409629181}, "keywords": [["attraction", "big", "surely", "towers", "guanghua"]], "positive_keywords": [["attraction", "big", "surely", "towers", "guanghua"]], "negative_keywords": []}, {"text": "one of the best universities in china excellent environment both for academics and career feel my peers in china learn way more than i do in the american college both academics and extracurricular", "sentiment": "POSITIVE", "sentiment_score": {"Positive": 0.9552634954452515, "Negative": 0.000699332682415843, "Neutral": 0.043921031057834625, "Mixed": 0.00011620737495832145}, "keywords": [["extracurricular", "college", "american", "way", "learn"]], "positive_keywords": [["extracurricular", "college", "american", "way", "learn"]], "negative_keywords": []}, {"text": "best exchange experience i could have ever wished for truly impacted my career goals and aspirations in life", "sentiment": "POSITIVE", "sentiment_score": {"Positive": 0.5355973243713379, "Negative": 0.03529951348900795, "Neutral": 0.08886033296585083, "Mixed": 0.34024280309677124}, "keywords": [["life", "aspirations", "goals", "career", "impacted"]], "positive_keywords": [["life", "aspirations", "goals", "career", "impacted"]], "negative_keywords": []}, {"text": "verz schnorke school a lot a asian kids that dont work im glad we all know that child labor isnt that bad", "sentiment": "MIXED", "sentiment_score": {"Positive": 0.04286225140094757, "Negative": 0.2250526398420334, "Neutral": 0.163849338889122, "Mixed": 0.5682357549667358}, "keywords": [["bad", "isnt", "labor", "child", "know"]], "positive_keywords": [], "negative_keywords": []}, {"text": "just visit nice view and the library is also great", "sentiment": "POSITIVE", "sentiment_score": {"Positive": 0.9936568140983582, "Negative": 0.0005270460969768465, "Neutral": 0.005230401176959276, "Mixed": 0.0005857871728949249}, "keywords": [["great", "library", "view", "nice", "visit"]], "positive_keywords": [["great", "library", "view", "nice", "visit"]], "negative_keywords": []}, {"text": "average experience at university nothing particularly outstanding", "sentiment": "NEGATIVE", "sentiment_score": {"Positive": 0.00849381648004055, "Negative": 0.6501188278198242, "Neutral": 0.04405200108885765, "Mixed": 0.29733535647392273}, "keywords": [["outstanding", "particularly", "university", "experience", "average"]], "positive_keywords": [], "negative_keywords": [["outstanding", "particularly", "university", "experience", "average"]]}, {"text": "my time at university was decent good in some aspects but could be better in others", "sentiment": "MIXED", "sentiment_score": {"Positive": 0.010245845653116703, "Negative": 0.01066859345883131, "Neutral": 0.006733235437422991, "Mixed": 0.9723523259162903}, "keywords": [["better", "aspects", "good", "decent", "university"]], "positive_keywords": [], "negative_keywords": []}, {"text": "absolutely loved my time here university has an incredible campus and community", "sentiment": "POSITIVE", "sentiment_score": {"Positive": 0.9985748529434204, "Negative": 6.635062891291454e-05, "Neutral": 0.001123400405049324, "Mixed": 0.00023545697331428528}, "keywords": [["community", "campus", "incredible", "university", "time"]], "positive_keywords": [["community", "campus", "incredible", "university", "time"]], "negative_keywords": []}, {"text": "had higher expectations from university the curriculum needs a serious update", "sentiment": "NEGATIVE", "sentiment_score": {"Positive": 0.03928213194012642, "Negative": 0.6937776803970337, "Neutral": 0.23473480343818665, "Mixed": 0.03220541775226593}, "keywords": [["update", "needs", "curriculum", "university", "expectations"]], "positive_keywords": [], "negative_keywords": [["update", "needs", "curriculum", "university", "expectations"]]}, {"text": "the best years of my life were spent at university highly recommend it", "sentiment": "POSITIVE", "sentiment_score": {"Positive": 0.9983893632888794, "Negative": 0.00029790453845635056, "Neutral": 0.0012738844379782677, "Mixed": 3.883827230310999e-05}, "keywords": [["recommend", "highly", "university", "spent", "life"]], "positive_keywords": [["recommend", "highly", "university", "spent", "life"]], "negative_keywords": []}, {"text": "had higher expectations from university the curriculum needs a serious update", "sentiment": "NEGATIVE", "sentiment_score": {"Positive": 0.03928213194012642, "Negative": 0.6937776803970337, "Neutral": 0.23473480343818665, "Mixed": 0.03220541775226593}, "keywords": [["update", "needs", "curriculum", "university", "expectations"]], "positive_keywords": [], "negative_keywords": [["update", "needs", "curriculum", "university", "expectations"]]}, {"text": "had higher expectations from university the curriculum needs a serious update", "sentiment": "NEGATIVE", "sentiment_score": {"Positive": 0.03928213194012642, "Negative": 0.6937776803970337, "Neutral": 0.23473480343818665, "Mixed": 0.03220541775226593}, "keywords": [["update", "needs", "curriculum", "university", "expectations"]], "positive_keywords": [], "negative_keywords": [["update", "needs", "curriculum", "university", "expectations"]]}, {"text": "average experience at university nothing particularly outstanding", "sentiment": "NEGATIVE", "sentiment_score": {"Positive": 0.00849381648004055, "Negative": 0.6501188278198242, "Neutral": 0.04405200108885765, "Mixed": 0.29733535647392273}, "keywords": [["outstanding", "particularly", "university", "experience", "average"]], "positive_keywords": [], "negative_keywords": [["outstanding", "particularly", "university", "experience", "average"]]}, {"text": "had higher expectations from university the curriculum needs a serious update", "sentiment": "NEGATIVE", "sentiment_score": {"Positive": 0.03928213194012642, "Negative": 0.6937776803970337, "Neutral": 0.23473480343818665, "Mixed": 0.03220541775226593}, "keywords": [["update", "needs", "curriculum", "university", "expectations"]], "positive_keywords": [], "negative_keywords": [["update", "needs", "curriculum", "university", "expectations"]]}, {"text": "the best years of my life were spent at university highly recommend it", "sentiment": "POSITIVE", "sentiment_score": {"Positive": 0.9983893632888794, "Negative": 0.00029790453845635056, "Neutral": 0.0012738844379782677, "Mixed": 3.883827230310999e-05}, "keywords": [["recommend", "highly", "university", "spent", "life"]], "positive_keywords": [["recommend", "highly", "university", "spent", "life"]], "negative_keywords": []}]