[{"text": "i went there on my birthday and took a lot of pictures i like it so much and i hope i could study there ultimately but the only disadvantage i would say is the campus was too huge and i couldnt go through the whole campus in one day haha ", "sentiment": "MIXED", "sentiment_score": {"Positive": 0.04421912878751755, "Negative": 0.013530335389077663, "Neutral": 0.0030867585446685553, "Mixed": 0.9391637444496155}, "keywords": [["haha", "day", "huge", "campus", "say"]], "positive_keywords": [], "negative_keywords": []}, {"text": "all in one university location is great not too busy city not too small either nearest international airport is manchester negetive point for international students", "sentiment": "POSITIVE", "sentiment_score": {"Positive": 0.8596482276916504, "Negative": 0.003060152055695653, "Neutral": 0.136606827378273, "Mixed": 0.0006847718032076955}, "keywords": [["students", "point", "negetive", "manchester", "airport"]], "positive_keywords": [["students", "point", "negetive", "manchester", "airport"]], "negative_keywords": []}, {"text": "the uni is located at the fringes of the city of leeds walkable to city center they maintain both old and new modern buildings which can also be explored by walking", "sentiment": "NEUTRAL", "sentiment_score": {"Positive": 0.06671898066997528, "Negative": 0.000850501237437129, "Neutral": 0.9323695302009583, "Mixed": 6.098135781940073e-05}, "keywords": [["walking", "explored", "buildings", "modern", "new"]], "positive_keywords": [], "negative_keywords": []}, {"text": "went to leeds university for a youth gathering with friends of the earth last weekend and enjoyed being in a likeminded environment with young people connected in nature and environment causes", "sentiment": "NEUTRAL", "sentiment_score": {"Positive": 0.35138529539108276, "Negative": 0.002646142151206732, "Neutral": 0.645689070224762, "Mixed": 0.00027948658680543303}, "keywords": [["causes", "nature", "connected", "people", "young"]], "positive_keywords": [], "negative_keywords": []}, {"text": "attending a graduation ceremony law on the hottest day ever in the uk\nnice efficient ceremony\nnice and cool inside the hall\nushers were somewhat pushy and stern rather than polite and accommodating compared to other ceremonies ive attended\nwater was provided\nsignage was poor\noverall  organisationally fine", "sentiment": "MIXED", "sentiment_score": {"Positive": 0.021547850221395493, "Negative": 0.04384510591626167, "Neutral": 0.006758838891983032, "Mixed": 0.927848219871521}, "keywords": [["fine", "organisationally", "overall", "poor", "signage"]], "positive_keywords": [], "negative_keywords": []}, {"text": "average experience at university nothing particularly outstanding", "sentiment": "NEGATIVE", "sentiment_score": {"Positive": 0.00849381648004055, "Negative": 0.6501188278198242, "Neutral": 0.04405200108885765, "Mixed": 0.29733535647392273}, "keywords": [["outstanding", "particularly", "university", "experience", "average"]], "positive_keywords": [], "negative_keywords": [["outstanding", "particularly", "university", "experience", "average"]]}, {"text": "had higher expectations from university the curriculum needs a serious update", "sentiment": "NEGATIVE", "sentiment_score": {"Positive": 0.03928213194012642, "Negative": 0.6937776803970337, "Neutral": 0.23473480343818665, "Mixed": 0.03220541775226593}, "keywords": [["update", "needs", "curriculum", "university", "expectations"]], "positive_keywords": [], "negative_keywords": [["update", "needs", "curriculum", "university", "expectations"]]}, {"text": "the best years of my life were spent at university highly recommend it", "sentiment": "POSITIVE", "sentiment_score": {"Positive": 0.9983893632888794, "Negative": 0.00029790453845635056, "Neutral": 0.0012738844379782677, "Mixed": 3.883827230310999e-05}, "keywords": [["recommend", "highly", "university", "spent", "life"]], "positive_keywords": [["recommend", "highly", "university", "spent", "life"]], "negative_keywords": []}, {"text": "not what i expected university could really improve its student services", "sentiment": "NEGATIVE", "sentiment_score": {"Positive": 0.002219774993136525, "Negative": 0.9755644798278809, "Neutral": 0.015244387090206146, "Mixed": 0.006971326656639576}, "keywords": [["services", "student", "improve", "really", "university"]], "positive_keywords": [], "negative_keywords": [["services", "student", "improve", "really", "university"]]}, {"text": "absolutely loved my time here university has an incredible campus and community", "sentiment": "POSITIVE", "sentiment_score": {"Positive": 0.9985748529434204, "Negative": 6.635062891291454e-05, "Neutral": 0.001123400405049324, "Mixed": 0.00023545697331428528}, "keywords": [["community", "campus", "incredible", "university", "time"]], "positive_keywords": [["community", "campus", "incredible", "university", "time"]], "negative_keywords": []}, {"text": "i had an amazing experience at university the faculty and facilities are topnotch", "sentiment": "POSITIVE", "sentiment_score": {"Positive": 0.9932656288146973, "Negative": 0.00032129944884218276, "Neutral": 0.0041029369458556175, "Mixed": 0.0023101065307855606}, "keywords": [["topnotch", "facilities", "faculty", "university", "experience"]], "positive_keywords": [["topnotch", "facilities", "faculty", "university", "experience"]], "negative_keywords": []}, {"text": "i had an amazing experience at university the faculty and facilities are topnotch", "sentiment": "POSITIVE", "sentiment_score": {"Positive": 0.9932656288146973, "Negative": 0.00032129944884218276, "Neutral": 0.0041029369458556175, "Mixed": 0.0023101065307855606}, "keywords": [["topnotch", "facilities", "faculty", "university", "experience"]], "positive_keywords": [["topnotch", "facilities", "faculty", "university", "experience"]], "negative_keywords": []}, {"text": "average experience at university nothing particularly outstanding", "sentiment": "NEGATIVE", "sentiment_score": {"Positive": 0.00849381648004055, "Negative": 0.6501188278198242, "Neutral": 0.04405200108885765, "Mixed": 0.29733535647392273}, "keywords": [["outstanding", "particularly", "university", "experience", "average"]], "positive_keywords": [], "negative_keywords": [["outstanding", "particularly", "university", "experience", "average"]]}, {"text": "had higher expectations from university the curriculum needs a serious update", "sentiment": "NEGATIVE", "sentiment_score": {"Positive": 0.03928213194012642, "Negative": 0.6937776803970337, "Neutral": 0.23473480343818665, "Mixed": 0.03220541775226593}, "keywords": [["update", "needs", "curriculum", "university", "expectations"]], "positive_keywords": [], "negative_keywords": [["update", "needs", "curriculum", "university", "expectations"]]}, {"text": "absolutely loved my time here university has an incredible campus and community", "sentiment": "POSITIVE", "sentiment_score": {"Positive": 0.9985748529434204, "Negative": 6.635062891291454e-05, "Neutral": 0.001123400405049324, "Mixed": 0.00023545697331428528}, "keywords": [["community", "campus", "incredible", "university", "time"]], "positive_keywords": [["community", "campus", "incredible", "university", "time"]], "negative_keywords": []}]