[{"text": "i have a lot of memories in this place university are open for tourists come in side and  see big mao president statue nice view nicw memories", "sentiment": "POSITIVE", "sentiment_score": {"Positive": 0.7927460670471191, "Negative": 0.004322873428463936, "Neutral": 0.19819188117980957, "Mixed": 0.004739261232316494}, "keywords": [["nicw", "view", "nice", "statue", "president"]], "positive_keywords": [["nicw", "view", "nice", "statue", "president"]], "negative_keywords": []}, {"text": "poor university system\nnot approachable\nnot helpful\nirresponsible\ndont ever go to this uni for further study if you are foreigner\nonce you got in anything happened they wont help you or stand by your side\nthey just want your constant tuition fees", "sentiment": "NEGATIVE", "sentiment_score": {"Positive": 0.0021232336293905973, "Negative": 0.9376397132873535, "Neutral": 0.04904536157846451, "Mixed": 0.01119156926870346}, "keywords": [["fees", "tuition", "constant", "want", "just"]], "positive_keywords": [], "negative_keywords": [["fees", "tuition", "constant", "want", "just"]]}, {"text": "visited the university when i was in hangzhou relaxed atmosphere with hidden cafes many spots to sit down and take in the scenery", "sentiment": "POSITIVE", "sentiment_score": {"Positive": 0.6233385801315308, "Negative": 0.0008663533953949809, "Neutral": 0.37567585706710815, "Mixed": 0.00011912716581718996}, "keywords": [["scenery", "sit", "spots", "cafes", "hidden"]], "positive_keywords": [["scenery", "sit", "spots", "cafes", "hidden"]], "negative_keywords": []}, {"text": "zhejiang university is a prestigious institution of higher education with a long history", "sentiment": "NEUTRAL", "sentiment_score": {"Positive": 0.02334270067512989, "Negative": 0.00011251411342527717, "Neutral": 0.9765138030052185, "Mixed": 3.098632441833615e-05}, "keywords": [["history", "long", "education", "higher", "institution"]], "positive_keywords": [], "negative_keywords": []}, {"text": "had a stay here in april  during an esperanto festival it was great and living on campus is just fine you can move around by foot or bike as the area is really calm and free from the noise of car traffic also convenience shops are open till late all across the campus", "sentiment": "POSITIVE", "sentiment_score": {"Positive": 0.9550549983978271, "Negative": 0.0067002614960074425, "Neutral": 0.030493639409542084, "Mixed": 0.007751062046736479}, "keywords": [["late", "till", "open", "shops", "convenience"]], "positive_keywords": [["late", "till", "open", "shops", "convenience"]], "negative_keywords": []}, {"text": "had higher expectations from university the curriculum needs a serious update", "sentiment": "NEGATIVE", "sentiment_score": {"Positive": 0.03928213194012642, "Negative": 0.6937776803970337, "Neutral": 0.23473480343818665, "Mixed": 0.03220541775226593}, "keywords": [["update", "needs", "curriculum", "university", "expectations"]], "positive_keywords": [], "negative_keywords": [["update", "needs", "curriculum", "university", "expectations"]]}, {"text": "i was disappointed with my experience at university the resources were lacking", "sentiment": "NEGATIVE", "sentiment_score": {"Positive": 0.0002522050344850868, "Negative": 0.999014139175415, "Neutral": 0.0005387758137658238, "Mixed": 0.00019480571791063994}, "keywords": [["lacking", "resources", "university", "experience", "disappointed"]], "positive_keywords": [], "negative_keywords": [["lacking", "resources", "university", "experience", "disappointed"]]}, {"text": "i had an amazing experience at university the faculty and facilities are topnotch", "sentiment": "POSITIVE", "sentiment_score": {"Positive": 0.9932656288146973, "Negative": 0.00032129944884218276, "Neutral": 0.0041029369458556175, "Mixed": 0.0023101065307855606}, "keywords": [["topnotch", "facilities", "faculty", "university", "experience"]], "positive_keywords": [["topnotch", "facilities", "faculty", "university", "experience"]], "negative_keywords": []}, {"text": "i was disappointed with my experience at university the resources were lacking", "sentiment": "NEGATIVE", "sentiment_score": {"Positive": 0.0002522050344850868, "Negative": 0.999014139175415, "Neutral": 0.0005387758137658238, "Mixed": 0.00019480571791063994}, "keywords": [["lacking", "resources", "university", "experience", "disappointed"]], "positive_keywords": [], "negative_keywords": [["lacking", "resources", "university", "experience", "disappointed"]]}, {"text": "the best years of my life were spent at university highly recommend it", "sentiment": "POSITIVE", "sentiment_score": {"Positive": 0.9983893632888794, "Negative": 0.00029790453845635056, "Neutral": 0.0012738844379782677, "Mixed": 3.883827230310999e-05}, "keywords": [["recommend", "highly", "university", "spent", "life"]], "positive_keywords": [["recommend", "highly", "university", "spent", "life"]], "negative_keywords": []}, {"text": "i had an amazing experience at university the faculty and facilities are topnotch", "sentiment": "POSITIVE", "sentiment_score": {"Positive": 0.9932656288146973, "Negative": 0.00032129944884218276, "Neutral": 0.0041029369458556175, "Mixed": 0.0023101065307855606}, "keywords": [["topnotch", "facilities", "faculty", "university", "experience"]], "positive_keywords": [["topnotch", "facilities", "faculty", "university", "experience"]], "negative_keywords": []}, {"text": "had higher expectations from university the curriculum needs a serious update", "sentiment": "NEGATIVE", "sentiment_score": {"Positive": 0.03928213194012642, "Negative": 0.6937776803970337, "Neutral": 0.23473480343818665, "Mixed": 0.03220541775226593}, "keywords": [["update", "needs", "curriculum", "university", "expectations"]], "positive_keywords": [], "negative_keywords": [["update", "needs", "curriculum", "university", "expectations"]]}, {"text": "its a good university but i think university has room for improvement", "sentiment": "MIXED", "sentiment_score": {"Positive": 0.09079279005527496, "Negative": 0.0044769770465791225, "Neutral": 0.02031625062227249, "Mixed": 0.8844140768051147}, "keywords": [["improvement", "room", "think", "university", "good"]], "positive_keywords": [], "negative_keywords": []}, {"text": "my time at university was decent good in some aspects but could be better in others", "sentiment": "MIXED", "sentiment_score": {"Positive": 0.010245845653116703, "Negative": 0.01066859345883131, "Neutral": 0.006733235437422991, "Mixed": 0.9723523259162903}, "keywords": [["better", "aspects", "good", "decent", "university"]], "positive_keywords": [], "negative_keywords": []}, {"text": "its a good university but i think university has room for improvement", "sentiment": "MIXED", "sentiment_score": {"Positive": 0.09079279005527496, "Negative": 0.0044769770465791225, "Neutral": 0.02031625062227249, "Mixed": 0.8844140768051147}, "keywords": [["improvement", "room", "think", "university", "good"]], "positive_keywords": [], "negative_keywords": []}]