[{"text": "as a part of travel i visit the local university in the town i am visiting nevertheless this university took my breathe the structure and facilitates are undoubtedly world class the only odd thing i realized that the public buses are not frequent at the time i traveled", "sentiment": "POSITIVE", "sentiment_score": {"Positive": 0.37412652373313904, "Negative": 0.13174186646938324, "Neutral": 0.1696007251739502, "Mixed": 0.3245309293270111}, "keywords": [["traveled", "time", "frequent", "buses", "public"]], "positive_keywords": [["traveled", "time", "frequent", "buses", "public"]], "negative_keywords": []}, {"text": "best place to study but dont believe their integrationequality of internationals you wont get a position at the uni as an international eg programme representative even for a programme that is not offered at the uni in dutch if you dont speak dutch xdd", "sentiment": "MIXED", "sentiment_score": {"Positive": 0.01365628931671381, "Negative": 0.018349742516875267, "Neutral": 0.018259309232234955, "Mixed": 0.949734628200531}, "keywords": [["xdd", "speak", "dutch", "offered", "representative"]], "positive_keywords": [], "negative_keywords": []}, {"text": "nice campus slept on one if their couches had a great time", "sentiment": "POSITIVE", "sentiment_score": {"Positive": 0.8373939990997314, "Negative": 0.007727416232228279, "Neutral": 0.04560597613453865, "Mixed": 0.1092725545167923}, "keywords": [["time", "great", "couches", "slept", "campus"]], "positive_keywords": [["time", "great", "couches", "slept", "campus"]], "negative_keywords": []}, {"text": "the new position of the uva in science park is less comfortable than the old building in the center of the city on the roetersstraat there was a cinema and student cafes nearby but the new buildings are perfectly equipped and provide all the conditions for study and scientific research there are also no parking problems for cars and bicycles", "sentiment": "MIXED", "sentiment_score": {"Positive": 0.03713010996580124, "Negative": 0.0030534090474247932, "Neutral": 0.010505147278308868, "Mixed": 0.949311375617981}, "keywords": [["bicycles", "cars", "problems", "parking", "research"]], "positive_keywords": [], "negative_keywords": []}, {"text": "so the standard at uva is that discussions about gender or religion are a nogo even when supported scientifically\n\nplease be aware of this when applying to this university which degrades the importance of science", "sentiment": "NEGATIVE", "sentiment_score": {"Positive": 0.011163958348333836, "Negative": 0.6145593523979187, "Neutral": 0.14812733232975006, "Mixed": 0.226149320602417}, "keywords": [["science", "importance", "degrades", "university", "applying"]], "positive_keywords": [], "negative_keywords": [["science", "importance", "degrades", "university", "applying"]]}, {"text": "not what i expected university could really improve its student services", "sentiment": "NEGATIVE", "sentiment_score": {"Positive": 0.002219774993136525, "Negative": 0.9755644798278809, "Neutral": 0.015244387090206146, "Mixed": 0.006971326656639576}, "keywords": [["services", "student", "improve", "really", "university"]], "positive_keywords": [], "negative_keywords": [["services", "student", "improve", "really", "university"]]}, {"text": "not what i expected university could really improve its student services", "sentiment": "NEGATIVE", "sentiment_score": {"Positive": 0.002219774993136525, "Negative": 0.9755644798278809, "Neutral": 0.015244387090206146, "Mixed": 0.006971326656639576}, "keywords": [["services", "student", "improve", "really", "university"]], "positive_keywords": [], "negative_keywords": [["services", "student", "improve", "really", "university"]]}, {"text": "my time at university was decent good in some aspects but could be better in others", "sentiment": "MIXED", "sentiment_score": {"Positive": 0.010245845653116703, "Negative": 0.01066859345883131, "Neutral": 0.006733235437422991, "Mixed": 0.9723523259162903}, "keywords": [["better", "aspects", "good", "decent", "university"]], "positive_keywords": [], "negative_keywords": []}, {"text": "i had an amazing experience at university the faculty and facilities are topnotch", "sentiment": "POSITIVE", "sentiment_score": {"Positive": 0.9932656288146973, "Negative": 0.00032129944884218276, "Neutral": 0.0041029369458556175, "Mixed": 0.0023101065307855606}, "keywords": [["topnotch", "facilities", "faculty", "university", "experience"]], "positive_keywords": [["topnotch", "facilities", "faculty", "university", "experience"]], "negative_keywords": []}, {"text": "i was disappointed with my experience at university the resources were lacking", "sentiment": "NEGATIVE", "sentiment_score": {"Positive": 0.0002522050344850868, "Negative": 0.999014139175415, "Neutral": 0.0005387758137658238, "Mixed": 0.00019480571791063994}, "keywords": [["lacking", "resources", "university", "experience", "disappointed"]], "positive_keywords": [], "negative_keywords": [["lacking", "resources", "university", "experience", "disappointed"]]}, {"text": "i had an amazing experience at university the faculty and facilities are topnotch", "sentiment": "POSITIVE", "sentiment_score": {"Positive": 0.9932656288146973, "Negative": 0.00032129944884218276, "Neutral": 0.0041029369458556175, "Mixed": 0.0023101065307855606}, "keywords": [["topnotch", "facilities", "faculty", "university", "experience"]], "positive_keywords": [["topnotch", "facilities", "faculty", "university", "experience"]], "negative_keywords": []}, {"text": "had higher expectations from university the curriculum needs a serious update", "sentiment": "NEGATIVE", "sentiment_score": {"Positive": 0.03928213194012642, "Negative": 0.6937776803970337, "Neutral": 0.23473480343818665, "Mixed": 0.03220541775226593}, "keywords": [["update", "needs", "curriculum", "university", "expectations"]], "positive_keywords": [], "negative_keywords": [["update", "needs", "curriculum", "university", "expectations"]]}, {"text": "not what i expected university could really improve its student services", "sentiment": "NEGATIVE", "sentiment_score": {"Positive": 0.002219774993136525, "Negative": 0.9755644798278809, "Neutral": 0.015244387090206146, "Mixed": 0.006971326656639576}, "keywords": [["services", "student", "improve", "really", "university"]], "positive_keywords": [], "negative_keywords": [["services", "student", "improve", "really", "university"]]}, {"text": "my time at university was decent good in some aspects but could be better in others", "sentiment": "MIXED", "sentiment_score": {"Positive": 0.010245845653116703, "Negative": 0.01066859345883131, "Neutral": 0.006733235437422991, "Mixed": 0.9723523259162903}, "keywords": [["better", "aspects", "good", "decent", "university"]], "positive_keywords": [], "negative_keywords": []}, {"text": "the best years of my life were spent at university highly recommend it", "sentiment": "POSITIVE", "sentiment_score": {"Positive": 0.9983893632888794, "Negative": 0.00029790453845635056, "Neutral": 0.0012738844379782677, "Mixed": 3.883827230310999e-05}, "keywords": [["recommend", "highly", "university", "spent", "life"]], "positive_keywords": [["recommend", "highly", "university", "spent", "life"]], "negative_keywords": []}]