[{"text": "visited with my son for a college tour enjoyed the overall experience  everyone we met was friendly and helpful and our tour guide was wonderful the information received about the university as well as the available programs is exactly what we need to make a decision on  where my son will eventually attend good day ", "sentiment": "POSITIVE", "sentiment_score": {"Positive": 0.9977374076843262, "Negative": 3.3973636163864285e-05, "Neutral": 0.002071395516395569, "Mixed": 0.00015713550965301692}, "keywords": [["day", "good", "attend", "eventually", "decision"]], "positive_keywords": [["day", "good", "attend", "eventually", "decision"]], "negative_keywords": []}, {"text": "my son had a high school tennis match there it was a very nice  clean and very friendly place to visit what parts of the campus we saw had a covered bridge there with lake running under it very pretty scenery", "sentiment": "POSITIVE", "sentiment_score": {"Positive": 0.9977241158485413, "Negative": 6.752322951797396e-05, "Neutral": 0.0021684288512915373, "Mixed": 3.989470496890135e-05}, "keywords": [["scenery", "pretty", "running", "lake", "bridge"]], "positive_keywords": [["scenery", "pretty", "running", "lake", "bridge"]], "negative_keywords": []}, {"text": "courses expire after a few years thats fair whats not is the material when taking them again is the same so why an expiry options to take other courses in place of them isnt even possible zero flexibility  cash grab", "sentiment": "NEGATIVE", "sentiment_score": {"Positive": 0.005702783353626728, "Negative": 0.908236026763916, "Neutral": 0.07772563397884369, "Mixed": 0.008335534483194351}, "keywords": [["grab", "cash", "flexibility", "zero", "possible"]], "positive_keywords": [], "negative_keywords": [["grab", "cash", "flexibility", "zero", "possible"]]}, {"text": "good academic and sport school to graduate", "sentiment": "POSITIVE", "sentiment_score": {"Positive": 0.9555449485778809, "Negative": 0.0002675014839041978, "Neutral": 0.04411996528506279, "Mixed": 6.759446841897443e-05}, "keywords": [["graduate", "school", "sport", "academic", "good"]], "positive_keywords": [["graduate", "school", "sport", "academic", "good"]], "negative_keywords": []}, {"text": "do not attend this school i was a nursing student back in  i had to drop out in  because of rude selfish non verbally abusive catty and verbally abusive instructors and i was cheated on one test for  correct answers they randomly throw out  questions on the exam to decide on who they will let progress in the nursing program i had to pay back  the teachers are very rude and selfish all they care about is money they are intentionally failing the minorities students for money interest some of the instructors are verbally abusive but they are non verbally abusive the most they do not know how to communicate with people properly i have been verbally abused and non verbally abused by  instructors and had to withdraw and attend another college from here because of this the nursing program here is not for beginners you have to be a certified nursing assistant or license practical nurse to progress in the nursing program here they knew about this and kept this a secret as nonverbal and verbal abuse and manipulation to scam people out of there financial aid i had wasted  of my financial aid attending this school i should have attended coastal alabama community college for practical nurse  and then went back to meridian community college for registered nurse but it is all good i had finished my business degree with accounting minor at mississippi state university i had been racially discriminated by  instructors and  advisor i had been racially discriminated by some students with one group assignment they are only passing the majority students who has no nursing degree or background and  minority student graduate with or without a nursing degree or background yearly i had to resubmit my fingerprint with the human resource department at rush foundation hospital when i was attended the nursing program back in  they had students from  still in nursing program this was a red flag and this was also a red flag when i had to resubmit my fingerprint when i was cheated out of  questions that i had answered correctly on one and when i was been nonverbally and verbally abused by  instructors on my clinical checkoff i was getting catty behaviors from  nursing instructors mrs hill and mrs mary hanks  psychology instructor mrs bonnie allen and  accounting instructor mrs sharon stripe they are some of the bullies and karmics at university of west alabama mrs stripe and mrs allen were the privileged as the majority group while mrs hill and mrs hanks were not privileged as the minority group i had been experienced this catty behavior as nonverbal and verbal abuse to try control me change me and play god in my life from students and instructors since my childhood mrs hill and mrs hanks are fully responsible for failing the nursing students and causing nursing students withdrawals and drop outs because of their verbal and nonverbal abuse they are a disgrace a sell out and a huge embarrassment to us minority women for holding us back in the education justice and employment system and our social economic status with their cattiness behavior as nonverbal and verbal abuse the majority men and women are the blame for dividing us minority men and women for materialistic and money as nonverbal and verbal abuse and manipulation mrs bonnie allen who is another nonverbal abuser as withholding information and mrs sharon stripe who is another verbal abuser and nonverbal abuser as criticizing mockery and ignoring as verbal manipulators are racist and this institution is racist mrs hill who is the verbal abuser as criticizing and withholding information as verbal manipulation and mrs mary hanks who is the nonverbal abuser as withholding information hiding items and silent treatment as verbal manipulation are the blame for destroying and corrupting my confidence of becoming a registered nurse with their verbal and nonverbal abuse and manipulations as catty behavior i wanted to become a nurse anesthetist and they took that away from me", "sentiment": "NEGATIVE", "sentiment_score": {"Positive": 0.004756039008498192, "Negative": 0.8720291256904602, "Neutral": 0.06235266476869583, "Mixed": 0.06086220592260361}, "keywords": [["away", "took", "anesthetist", "wanted", "manipulations"]], "positive_keywords": [], "negative_keywords": [["away", "took", "anesthetist", "wanted", "manipulations"]]}, {"text": "my time at university was decent good in some aspects but could be better in others", "sentiment": "MIXED", "sentiment_score": {"Positive": 0.010245845653116703, "Negative": 0.01066859345883131, "Neutral": 0.006733235437422991, "Mixed": 0.9723523259162903}, "keywords": [["better", "aspects", "good", "decent", "university"]], "positive_keywords": [], "negative_keywords": []}, {"text": "had higher expectations from university the curriculum needs a serious update", "sentiment": "NEGATIVE", "sentiment_score": {"Positive": 0.03928213194012642, "Negative": 0.6937776803970337, "Neutral": 0.23473480343818665, "Mixed": 0.03220541775226593}, "keywords": [["update", "needs", "curriculum", "university", "expectations"]], "positive_keywords": [], "negative_keywords": [["update", "needs", "curriculum", "university", "expectations"]]}, {"text": "not what i expected university could really improve its student services", "sentiment": "NEGATIVE", "sentiment_score": {"Positive": 0.002219774993136525, "Negative": 0.9755644798278809, "Neutral": 0.015244387090206146, "Mixed": 0.006971326656639576}, "keywords": [["services", "student", "improve", "really", "university"]], "positive_keywords": [], "negative_keywords": [["services", "student", "improve", "really", "university"]]}, {"text": "absolutely loved my time here university has an incredible campus and community", "sentiment": "POSITIVE", "sentiment_score": {"Positive": 0.9985748529434204, "Negative": 6.635062891291454e-05, "Neutral": 0.001123400405049324, "Mixed": 0.00023545697331428528}, "keywords": [["community", "campus", "incredible", "university", "time"]], "positive_keywords": [["community", "campus", "incredible", "university", "time"]], "negative_keywords": []}, {"text": "absolutely loved my time here university has an incredible campus and community", "sentiment": "POSITIVE", "sentiment_score": {"Positive": 0.9985748529434204, "Negative": 6.635062891291454e-05, "Neutral": 0.001123400405049324, "Mixed": 0.00023545697331428528}, "keywords": [["community", "campus", "incredible", "university", "time"]], "positive_keywords": [["community", "campus", "incredible", "university", "time"]], "negative_keywords": []}, {"text": "average experience at university nothing particularly outstanding", "sentiment": "NEGATIVE", "sentiment_score": {"Positive": 0.00849381648004055, "Negative": 0.6501188278198242, "Neutral": 0.04405200108885765, "Mixed": 0.29733535647392273}, "keywords": [["outstanding", "particularly", "university", "experience", "average"]], "positive_keywords": [], "negative_keywords": [["outstanding", "particularly", "university", "experience", "average"]]}, {"text": "average experience at university nothing particularly outstanding", "sentiment": "NEGATIVE", "sentiment_score": {"Positive": 0.00849381648004055, "Negative": 0.6501188278198242, "Neutral": 0.04405200108885765, "Mixed": 0.29733535647392273}, "keywords": [["outstanding", "particularly", "university", "experience", "average"]], "positive_keywords": [], "negative_keywords": [["outstanding", "particularly", "university", "experience", "average"]]}, {"text": "not what i expected university could really improve its student services", "sentiment": "NEGATIVE", "sentiment_score": {"Positive": 0.002219774993136525, "Negative": 0.9755644798278809, "Neutral": 0.015244387090206146, "Mixed": 0.006971326656639576}, "keywords": [["services", "student", "improve", "really", "university"]], "positive_keywords": [], "negative_keywords": [["services", "student", "improve", "really", "university"]]}, {"text": "i was disappointed with my experience at university the resources were lacking", "sentiment": "NEGATIVE", "sentiment_score": {"Positive": 0.0002522050344850868, "Negative": 0.999014139175415, "Neutral": 0.0005387758137658238, "Mixed": 0.00019480571791063994}, "keywords": [["lacking", "resources", "university", "experience", "disappointed"]], "positive_keywords": [], "negative_keywords": [["lacking", "resources", "university", "experience", "disappointed"]]}, {"text": "my time at university was decent good in some aspects but could be better in others", "sentiment": "MIXED", "sentiment_score": {"Positive": 0.010245845653116703, "Negative": 0.01066859345883131, "Neutral": 0.006733235437422991, "Mixed": 0.9723523259162903}, "keywords": [["better", "aspects", "good", "decent", "university"]], "positive_keywords": [], "negative_keywords": []}]