[{"text": "nyu is not your traditional university with miles of green acreage and beautifully manicured pathways connecting academic buildings this university basically surrounds washington square a small park filled with eclectic personalities which acts as the schools common area while the university itself spreads out in a  block radius in each direction around that same park given its compact size there are tons of people passing through here most of which are a mix between students tourists and locals the school has around  enrolled students if you like the excitement of a big city married to the concept of a college campus nyu is your vibe we toured here and my daughter loved it i thought it strange that we didnt get to see any classrooms dining facilities or living quarters on the tour and i think this would have benefitted our overall experience this is one of the only college tours weve been on that left out all three there is a lot of emphasis on academics and research opportunities for students nyu stands as the premiere educational institution in new york city next to columbia", "sentiment": "NEUTRAL", "sentiment_score": {"Positive": 0.23096652328968048, "Negative": 0.018299585208296776, "Neutral": 0.7503047585487366, "Mixed": 0.0004291190707590431}, "keywords": [["columbia", "york", "new", "institution", "educational"]], "positive_keywords": [], "negative_keywords": []}, {"text": "new york city is an incredible metropolis that truly never sleeps the city is a hub for art culture business and entertainment making it a mustvisit destination for travelers from around the world\n\none of the most iconic features of new york is its stunning skyline dominated by towering skyscrapers such as the empire state building and the one world trade center visitors can take in these breathtaking views from the top of the empire state building or from the observation deck at the new one world trade center\n\nin addition to its stunning architecture new york is famous for its worldclass museums and art galleries including the metropolitan museum of art the museum of modern art and the guggenheim museum these institutions house some of the worlds most renowned collections of art and artifacts from ancient egyptian treasures to contemporary masterpieces\n\nnew york is also home to some of the best food in the world from street vendors serving up hot dogs and pretzels to fivestar restaurants run by celebrity chefs the citys diverse population has created a food scene that is unmatched anywhere else in the world offering everything from italian and chinese to mexican and indian cuisine\n\nfor those looking for entertainment new york has it all from broadway shows to worldrenowned concerts and sporting events times square is a mustvisit for its neon lights and billboards while central park provides a peaceful respite from the hustle and bustle of the city\n\noverall new york city is a destination that truly has something for everyone its vibrant culture diverse food scene and iconic landmarks make it a mustvisit for anyone looking to experience the best that urban life has to offer", "sentiment": "POSITIVE", "sentiment_score": {"Positive": 0.8131678700447083, "Negative": 0.00016793000395409763, "Neutral": 0.1865028440952301, "Mixed": 0.00016136431077029556}, "keywords": [["offer", "life", "urban", "experience", "make"]], "positive_keywords": [["offer", "life", "urban", "experience", "make"]], "negative_keywords": []}, {"text": "beautiful architecture old style building\nwater fountain was so beautiful\nwent there to check out nyu for my daughter\nshe loves that university", "sentiment": "POSITIVE", "sentiment_score": {"Positive": 0.9978390336036682, "Negative": 8.026268187677488e-05, "Neutral": 0.0019517398905009031, "Mixed": 0.00012894351675640792}, "keywords": [["university", "loves", "daughter", "nyu", "check"]], "positive_keywords": [["university", "loves", "daughter", "nyu", "check"]], "negative_keywords": []}, {"text": "its a great institution but their alumni are often saddled with massive debt but hey its an awesome school if you have money its definitely worth it to live in nyc party and go to school their programs are topnotch", "sentiment": "POSITIVE", "sentiment_score": {"Positive": 0.5532500743865967, "Negative": 0.0017111760098487139, "Neutral": 0.0195155069231987, "Mixed": 0.42552316188812256}, "keywords": [["topnotch", "programs", "party", "nyc", "live"]], "positive_keywords": [["topnotch", "programs", "party", "nyc", "live"]], "negative_keywords": []}, {"text": "my future dream college ", "sentiment": "NEUTRAL", "sentiment_score": {"Positive": 0.4172261357307434, "Negative": 0.01140251848846674, "Neutral": 0.5643779039382935, "Mixed": 0.006993477698415518}, "keywords": [["college", "dream", "future"]], "positive_keywords": [], "negative_keywords": []}, {"text": "average experience at university nothing particularly outstanding", "sentiment": "NEGATIVE", "sentiment_score": {"Positive": 0.00849381648004055, "Negative": 0.6501188278198242, "Neutral": 0.04405200108885765, "Mixed": 0.29733535647392273}, "keywords": [["outstanding", "particularly", "university", "experience", "average"]], "positive_keywords": [], "negative_keywords": [["outstanding", "particularly", "university", "experience", "average"]]}, {"text": "its a good university but i think university has room for improvement", "sentiment": "MIXED", "sentiment_score": {"Positive": 0.09079279005527496, "Negative": 0.0044769770465791225, "Neutral": 0.02031625062227249, "Mixed": 0.8844140768051147}, "keywords": [["improvement", "room", "think", "university", "good"]], "positive_keywords": [], "negative_keywords": []}, {"text": "i had an amazing experience at university the faculty and facilities are topnotch", "sentiment": "POSITIVE", "sentiment_score": {"Positive": 0.9932656288146973, "Negative": 0.00032129944884218276, "Neutral": 0.0041029369458556175, "Mixed": 0.0023101065307855606}, "keywords": [["topnotch", "facilities", "faculty", "university", "experience"]], "positive_keywords": [["topnotch", "facilities", "faculty", "university", "experience"]], "negative_keywords": []}, {"text": "average experience at university nothing particularly outstanding", "sentiment": "NEGATIVE", "sentiment_score": {"Positive": 0.00849381648004055, "Negative": 0.6501188278198242, "Neutral": 0.04405200108885765, "Mixed": 0.29733535647392273}, "keywords": [["outstanding", "particularly", "university", "experience", "average"]], "positive_keywords": [], "negative_keywords": [["outstanding", "particularly", "university", "experience", "average"]]}, {"text": "average experience at university nothing particularly outstanding", "sentiment": "NEGATIVE", "sentiment_score": {"Positive": 0.00849381648004055, "Negative": 0.6501188278198242, "Neutral": 0.04405200108885765, "Mixed": 0.29733535647392273}, "keywords": [["outstanding", "particularly", "university", "experience", "average"]], "positive_keywords": [], "negative_keywords": [["outstanding", "particularly", "university", "experience", "average"]]}, {"text": "absolutely loved my time here university has an incredible campus and community", "sentiment": "POSITIVE", "sentiment_score": {"Positive": 0.9985748529434204, "Negative": 6.635062891291454e-05, "Neutral": 0.001123400405049324, "Mixed": 0.00023545697331428528}, "keywords": [["community", "campus", "incredible", "university", "time"]], "positive_keywords": [["community", "campus", "incredible", "university", "time"]], "negative_keywords": []}, {"text": "i had an amazing experience at university the faculty and facilities are topnotch", "sentiment": "POSITIVE", "sentiment_score": {"Positive": 0.9932656288146973, "Negative": 0.00032129944884218276, "Neutral": 0.0041029369458556175, "Mixed": 0.0023101065307855606}, "keywords": [["topnotch", "facilities", "faculty", "university", "experience"]], "positive_keywords": [["topnotch", "facilities", "faculty", "university", "experience"]], "negative_keywords": []}, {"text": "had higher expectations from university the curriculum needs a serious update", "sentiment": "NEGATIVE", "sentiment_score": {"Positive": 0.03928213194012642, "Negative": 0.6937776803970337, "Neutral": 0.23473480343818665, "Mixed": 0.03220541775226593}, "keywords": [["update", "needs", "curriculum", "university", "expectations"]], "positive_keywords": [], "negative_keywords": [["update", "needs", "curriculum", "university", "expectations"]]}, {"text": "my time at university was decent good in some aspects but could be better in others", "sentiment": "MIXED", "sentiment_score": {"Positive": 0.010245845653116703, "Negative": 0.01066859345883131, "Neutral": 0.006733235437422991, "Mixed": 0.9723523259162903}, "keywords": [["better", "aspects", "good", "decent", "university"]], "positive_keywords": [], "negative_keywords": []}, {"text": "i was disappointed with my experience at university the resources were lacking", "sentiment": "NEGATIVE", "sentiment_score": {"Positive": 0.0002522050344850868, "Negative": 0.999014139175415, "Neutral": 0.0005387758137658238, "Mixed": 0.00019480571791063994}, "keywords": [["lacking", "resources", "university", "experience", "disappointed"]], "positive_keywords": [], "negative_keywords": [["lacking", "resources", "university", "experience", "disappointed"]]}]