[{"text": "the university boasts an impressive and large campus the buildings are well maintained and the campus is very clean and pleasant there are many communal areas and plenty of different study spaces overall great learning environment", "sentiment": "POSITIVE", "sentiment_score": {"Positive": 0.9963881969451904, "Negative": 4.280371285858564e-05, "Neutral": 0.003509725444018841, "Mixed": 5.9352423704694957e-05}, "keywords": [["environment", "learning", "great", "overall", "spaces"]], "positive_keywords": [["environment", "learning", "great", "overall", "spaces"]], "negative_keywords": []}, {"text": "what a stunning sophisticated campus when i visited this university i had a sudden urge to transfer here as an university i love the design of the ancient buildings and the fountain and lovely herds of geese although they were a lot of bird poops lol i would like to visit here again when it is cherry blossom season", "sentiment": "POSITIVE", "sentiment_score": {"Positive": 0.9699910879135132, "Negative": 0.0002285823575221002, "Neutral": 0.02066849172115326, "Mixed": 0.009111814200878143}, "keywords": [["season", "blossom", "cherry", "visit", "like"]], "positive_keywords": [["season", "blossom", "cherry", "visit", "like"]], "negative_keywords": []}, {"text": "the university of washington is one of the best universities around i did not attend the school but have gone there to listen to lectures on how to become a physician assistant pa i also attended the washington motorcycle safety training on the campus parking lot the university is huge and beautiful\n\nthe university has a nice stadium on the southeast corner of the campus in addition the liberal arts quadrangle better known as the quad is my favorite place to visit at the university there are beautiful tall buildings there surrounding cherry blossoms trees\n\nwhat else peaceful beautiful scenery of the students walking i love the university of washington", "sentiment": "POSITIVE", "sentiment_score": {"Positive": 0.9524550437927246, "Negative": 0.0006406816537491977, "Neutral": 0.04604322463274002, "Mixed": 0.0008610258810222149}, "keywords": [["love", "walking", "students", "scenery", "peaceful"]], "positive_keywords": [["love", "walking", "students", "scenery", "peaceful"]], "negative_keywords": []}, {"text": "top tier education in computer  social sciences with a beautiful campus that has the footprint of a large town uw is a landmark to visit\npeople flock by the thousands to view the cherry blossoms around april  there are tours available so look on the site to find a guide if youre not comfortable with exploring on your own\ncheck out the drumheller fountain red square by george  of course the quad with the cherry blossoms\ngo dawgs\n\nmidas stars  for the beautiful landmarks", "sentiment": "POSITIVE", "sentiment_score": {"Positive": 0.5309246182441711, "Negative": 0.0015655846800655127, "Neutral": 0.4671061933040619, "Mixed": 0.0004036259779240936}, "keywords": [["landmarks", "stars", "midas", "dawgs", "quad"]], "positive_keywords": [["landmarks", "stars", "midas", "dawgs", "quad"]], "negative_keywords": []}, {"text": "beautiful wellkept campus the cherry blossoms are spectacular there is a lot of interesting architecture we enjoyed the museum as well", "sentiment": "POSITIVE", "sentiment_score": {"Positive": 0.9984591007232666, "Negative": 3.48844077961985e-05, "Neutral": 0.001417450956068933, "Mixed": 8.853417966747656e-05}, "keywords": [["museum", "enjoyed", "architecture", "interesting", "lot"]], "positive_keywords": [["museum", "enjoyed", "architecture", "interesting", "lot"]], "negative_keywords": []}, {"text": "average experience at university nothing particularly outstanding", "sentiment": "NEGATIVE", "sentiment_score": {"Positive": 0.00849381648004055, "Negative": 0.6501188278198242, "Neutral": 0.04405200108885765, "Mixed": 0.29733535647392273}, "keywords": [["outstanding", "particularly", "university", "experience", "average"]], "positive_keywords": [], "negative_keywords": [["outstanding", "particularly", "university", "experience", "average"]]}, {"text": "my time at university was decent good in some aspects but could be better in others", "sentiment": "MIXED", "sentiment_score": {"Positive": 0.010245845653116703, "Negative": 0.01066859345883131, "Neutral": 0.006733235437422991, "Mixed": 0.9723523259162903}, "keywords": [["better", "aspects", "good", "decent", "university"]], "positive_keywords": [], "negative_keywords": []}, {"text": "its a good university but i think university has room for improvement", "sentiment": "MIXED", "sentiment_score": {"Positive": 0.09079279005527496, "Negative": 0.0044769770465791225, "Neutral": 0.02031625062227249, "Mixed": 0.8844140768051147}, "keywords": [["improvement", "room", "think", "university", "good"]], "positive_keywords": [], "negative_keywords": []}, {"text": "my time at university was decent good in some aspects but could be better in others", "sentiment": "MIXED", "sentiment_score": {"Positive": 0.010245845653116703, "Negative": 0.01066859345883131, "Neutral": 0.006733235437422991, "Mixed": 0.9723523259162903}, "keywords": [["better", "aspects", "good", "decent", "university"]], "positive_keywords": [], "negative_keywords": []}, {"text": "its a good university but i think university has room for improvement", "sentiment": "MIXED", "sentiment_score": {"Positive": 0.09079279005527496, "Negative": 0.0044769770465791225, "Neutral": 0.02031625062227249, "Mixed": 0.8844140768051147}, "keywords": [["improvement", "room", "think", "university", "good"]], "positive_keywords": [], "negative_keywords": []}, {"text": "not what i expected university could really improve its student services", "sentiment": "NEGATIVE", "sentiment_score": {"Positive": 0.002219774993136525, "Negative": 0.9755644798278809, "Neutral": 0.015244387090206146, "Mixed": 0.006971326656639576}, "keywords": [["services", "student", "improve", "really", "university"]], "positive_keywords": [], "negative_keywords": [["services", "student", "improve", "really", "university"]]}, {"text": "i had an amazing experience at university the faculty and facilities are topnotch", "sentiment": "POSITIVE", "sentiment_score": {"Positive": 0.9932656288146973, "Negative": 0.00032129944884218276, "Neutral": 0.0041029369458556175, "Mixed": 0.0023101065307855606}, "keywords": [["topnotch", "facilities", "faculty", "university", "experience"]], "positive_keywords": [["topnotch", "facilities", "faculty", "university", "experience"]], "negative_keywords": []}, {"text": "had higher expectations from university the curriculum needs a serious update", "sentiment": "NEGATIVE", "sentiment_score": {"Positive": 0.03928213194012642, "Negative": 0.6937776803970337, "Neutral": 0.23473480343818665, "Mixed": 0.03220541775226593}, "keywords": [["update", "needs", "curriculum", "university", "expectations"]], "positive_keywords": [], "negative_keywords": [["update", "needs", "curriculum", "university", "expectations"]]}, {"text": "not what i expected university could really improve its student services", "sentiment": "NEGATIVE", "sentiment_score": {"Positive": 0.002219774993136525, "Negative": 0.9755644798278809, "Neutral": 0.015244387090206146, "Mixed": 0.006971326656639576}, "keywords": [["services", "student", "improve", "really", "university"]], "positive_keywords": [], "negative_keywords": [["services", "student", "improve", "really", "university"]]}, {"text": "not what i expected university could really improve its student services", "sentiment": "NEGATIVE", "sentiment_score": {"Positive": 0.002219774993136525, "Negative": 0.9755644798278809, "Neutral": 0.015244387090206146, "Mixed": 0.006971326656639576}, "keywords": [["services", "student", "improve", "really", "university"]], "positive_keywords": [], "negative_keywords": [["services", "student", "improve", "really", "university"]]}]