[{"text": "centrally located space for learning several bicycle parking spots around fast wlan good lighting solutions impressive paintings and sculptures in several places cool pop up coffee stands near the buildings three ideas for improvements quiet individual work spaces better chairs more green plants", "sentiment": "NEUTRAL", "sentiment_score": {"Positive": 0.43541252613067627, "Negative": 0.0007152087637223303, "Neutral": 0.5636094212532043, "Mixed": 0.0002628585498314351}, "keywords": [["plants", "green", "chairs", "better", "spaces"]], "positive_keywords": [], "negative_keywords": []}, {"text": "what a beautiful place with such a great history great minds are studying here staff and professors are very kind and helpful you can see einsteins student locker and its amazing experience seeing that piece of history and student life of one of the greatest scientists ever", "sentiment": "POSITIVE", "sentiment_score": {"Positive": 0.9991158843040466, "Negative": 2.8742142603732646e-05, "Neutral": 0.0008166503394022584, "Mixed": 3.875235779560171e-05}, "keywords": [["scientists", "greatest", "life", "piece", "seeing"]], "positive_keywords": [["scientists", "greatest", "life", "piece", "seeing"]], "negative_keywords": []}, {"text": "great university with many great minds studying there the professors are very helpful and highly knowledgeable the university is located near the centre of the city and everything is accessible easily the university is well connected with different tram routes and alos with the polybahn the university is home to many noble laureates and has an extensive and rich history", "sentiment": "POSITIVE", "sentiment_score": {"Positive": 0.9678658843040466, "Negative": 0.0001489276037318632, "Neutral": 0.03181993588805199, "Mixed": 0.00016517925541847944}, "keywords": [["history", "rich", "extensive", "laureates", "noble"]], "positive_keywords": [["history", "rich", "extensive", "laureates", "noble"]], "negative_keywords": []}, {"text": "went for the thomas mann exposition and was pleasntly surprises by the overall experience", "sentiment": "POSITIVE", "sentiment_score": {"Positive": 0.9773593544960022, "Negative": 0.002480529947206378, "Neutral": 0.019828729331493378, "Mixed": 0.00033141279709525406}, "keywords": [["experience", "overall", "surprises", "pleasntly", "exposition"]], "positive_keywords": [["experience", "overall", "surprises", "pleasntly", "exposition"]], "negative_keywords": []}, {"text": "a good place to view zurichs cityscape from above try reading books on the bench while enjoying the sun youll get a glimpse of its students daily life there", "sentiment": "POSITIVE", "sentiment_score": {"Positive": 0.9853630065917969, "Negative": 0.0003267063875682652, "Neutral": 0.014274584129452705, "Mixed": 3.57106291630771e-05}, "keywords": [["life", "daily", "students", "glimpse", "youll"]], "positive_keywords": [["life", "daily", "students", "glimpse", "youll"]], "negative_keywords": []}, {"text": "average experience at university nothing particularly outstanding", "sentiment": "NEGATIVE", "sentiment_score": {"Positive": 0.00849381648004055, "Negative": 0.6501188278198242, "Neutral": 0.04405200108885765, "Mixed": 0.29733535647392273}, "keywords": [["outstanding", "particularly", "university", "experience", "average"]], "positive_keywords": [], "negative_keywords": [["outstanding", "particularly", "university", "experience", "average"]]}, {"text": "had higher expectations from university the curriculum needs a serious update", "sentiment": "NEGATIVE", "sentiment_score": {"Positive": 0.03928213194012642, "Negative": 0.6937776803970337, "Neutral": 0.23473480343818665, "Mixed": 0.03220541775226593}, "keywords": [["update", "needs", "curriculum", "university", "expectations"]], "positive_keywords": [], "negative_keywords": [["update", "needs", "curriculum", "university", "expectations"]]}, {"text": "my time at university was decent good in some aspects but could be better in others", "sentiment": "MIXED", "sentiment_score": {"Positive": 0.010245845653116703, "Negative": 0.01066859345883131, "Neutral": 0.006733235437422991, "Mixed": 0.9723523259162903}, "keywords": [["better", "aspects", "good", "decent", "university"]], "positive_keywords": [], "negative_keywords": []}, {"text": "had higher expectations from university the curriculum needs a serious update", "sentiment": "NEGATIVE", "sentiment_score": {"Positive": 0.03928213194012642, "Negative": 0.6937776803970337, "Neutral": 0.23473480343818665, "Mixed": 0.03220541775226593}, "keywords": [["update", "needs", "curriculum", "university", "expectations"]], "positive_keywords": [], "negative_keywords": [["update", "needs", "curriculum", "university", "expectations"]]}, {"text": "had higher expectations from university the curriculum needs a serious update", "sentiment": "NEGATIVE", "sentiment_score": {"Positive": 0.03928213194012642, "Negative": 0.6937776803970337, "Neutral": 0.23473480343818665, "Mixed": 0.03220541775226593}, "keywords": [["update", "needs", "curriculum", "university", "expectations"]], "positive_keywords": [], "negative_keywords": [["update", "needs", "curriculum", "university", "expectations"]]}, {"text": "i was disappointed with my experience at university the resources were lacking", "sentiment": "NEGATIVE", "sentiment_score": {"Positive": 0.0002522050344850868, "Negative": 0.999014139175415, "Neutral": 0.0005387758137658238, "Mixed": 0.00019480571791063994}, "keywords": [["lacking", "resources", "university", "experience", "disappointed"]], "positive_keywords": [], "negative_keywords": [["lacking", "resources", "university", "experience", "disappointed"]]}, {"text": "average experience at university nothing particularly outstanding", "sentiment": "NEGATIVE", "sentiment_score": {"Positive": 0.00849381648004055, "Negative": 0.6501188278198242, "Neutral": 0.04405200108885765, "Mixed": 0.29733535647392273}, "keywords": [["outstanding", "particularly", "university", "experience", "average"]], "positive_keywords": [], "negative_keywords": [["outstanding", "particularly", "university", "experience", "average"]]}, {"text": "the best years of my life were spent at university highly recommend it", "sentiment": "POSITIVE", "sentiment_score": {"Positive": 0.9983893632888794, "Negative": 0.00029790453845635056, "Neutral": 0.0012738844379782677, "Mixed": 3.883827230310999e-05}, "keywords": [["recommend", "highly", "university", "spent", "life"]], "positive_keywords": [["recommend", "highly", "university", "spent", "life"]], "negative_keywords": []}, {"text": "its a good university but i think university has room for improvement", "sentiment": "MIXED", "sentiment_score": {"Positive": 0.09079279005527496, "Negative": 0.0044769770465791225, "Neutral": 0.02031625062227249, "Mixed": 0.8844140768051147}, "keywords": [["improvement", "room", "think", "university", "good"]], "positive_keywords": [], "negative_keywords": []}, {"text": "my time at university was decent good in some aspects but could be better in others", "sentiment": "MIXED", "sentiment_score": {"Positive": 0.010245845653116703, "Negative": 0.01066859345883131, "Neutral": 0.006733235437422991, "Mixed": 0.9723523259162903}, "keywords": [["better", "aspects", "good", "decent", "university"]], "positive_keywords": [], "negative_keywords": []}]