[{"text": "my review is based on facts finding and visiting this university for events im still looking into all the available courses in various universities across uk so dont study here yet this top uk university is right in the middle of london city a lot of facilities appear to be in the need of renovations and upgrades professors are fantastic and courses are up to date and quite interesting students look happy and proud\n\nimperial college london was founded by great prince albert as a part of albertopolis\nfollowing the success of the  great exhibition queen victoria and prince albert wanted to invest the proceeds into a completely new brand worldclass educational yet cultural quarter for the arts and science named as albertopolis the entire area was centred along with the exhibition road in south kensington the science museum the natural history museum the royal albert hall the victoria and albert museum in  queen victoria laid the foundation stone and opened the imperial institute but after merging with the several royal colleges it becomes the imperial college london\n\nin july  the imperial institute and the royal colleges were merged and formed the imperial college london from its commencement this university was an important member of the university of london however right after  years icl left the hand of the university of london in \n\nicl is home to the parkinsons and ms tissue bank collection of the central nervous system tissue samples donated by people with parkinsons disease multiple sclerosis and related issues over  specimens are stored with samples at  degrees that are used in research projects at above  institutions all across the globe\n\nthe grantham institute for climate change and environment was founded in  it is one of the six crossdepartmental centres majorly focusing on particular societal issues it was formed with the help of a multimillion pounds donation from the grantham foundation for the safety of our environment it is the largest private funding given to climate changerelated research work in the uk\n\nimperial college london is steeped in history besides it is one of the best universities in the whole uk to study in as it has a huge variety of courses", "sentiment": "POSITIVE", "sentiment_score": {"Positive": 0.6920390725135803, "Negative": 0.0023014231119304895, "Neutral": 0.30388081073760986, "Mixed": 0.0017786292592063546}, "keywords": [["variety", "huge", "best", "steeped", "work"]], "positive_keywords": [["variety", "huge", "best", "steeped", "work"]], "negative_keywords": []}, {"text": "world top ten university very competitive only  of  of applicants would success to get in  good luck every applicants", "sentiment": "MIXED", "sentiment_score": {"Positive": 0.17142169177532196, "Negative": 0.0240611769258976, "Neutral": 0.337923526763916, "Mixed": 0.46659359335899353}, "keywords": [["luck", "good", "success", "applicants", "competitive"]], "positive_keywords": [], "negative_keywords": []}, {"text": "i earned my ee degree at imperial the education was excellent its not for lightweights wanting to have fun\n\nhard to believe the one star reviews i can only assume they expected to have fun or were rejected\n\nthis is not a university to attend if you want an easy ride or if you want to party", "sentiment": "MIXED", "sentiment_score": {"Positive": 0.03576072305440903, "Negative": 0.0469333678483963, "Neutral": 0.017994405701756477, "Mixed": 0.8993115425109863}, "keywords": [["party", "ride", "easy", "want", "attend"]], "positive_keywords": [], "negative_keywords": []}, {"text": "i attended a presentation about gases and atmospheric inferences on mars venus and titan fascinating the royal imperial college continues to lead in the sciences", "sentiment": "NEUTRAL", "sentiment_score": {"Positive": 0.18698398768901825, "Negative": 0.002294170204550028, "Neutral": 0.8099914789199829, "Mixed": 0.0007303262245841324}, "keywords": [["sciences", "lead", "continues", "college", "imperial"]], "positive_keywords": [], "negative_keywords": []}, {"text": "a world class university with excellent research it is specifically focused on science technology and medicine the south kensington campus is the main one and houses most of the departments and they have various other campuses and hospital spread around london im giving  stars because their internal catering called imperial catering was and is absolutely awful always giving greasy low quality food overall one of the best technical universities with a rigorous education and research", "sentiment": "NEUTRAL", "sentiment_score": {"Positive": 0.25280454754829407, "Negative": 0.2351841777563095, "Neutral": 0.33200162649154663, "Mixed": 0.18000969290733337}, "keywords": [["education", "rigorous", "universities", "technical", "best"]], "positive_keywords": [], "negative_keywords": []}, {"text": "i was disappointed with my experience at university the resources were lacking", "sentiment": "NEGATIVE", "sentiment_score": {"Positive": 0.0002522050344850868, "Negative": 0.999014139175415, "Neutral": 0.0005387758137658238, "Mixed": 0.00019480571791063994}, "keywords": [["lacking", "resources", "university", "experience", "disappointed"]], "positive_keywords": [], "negative_keywords": [["lacking", "resources", "university", "experience", "disappointed"]]}, {"text": "i had an amazing experience at university the faculty and facilities are topnotch", "sentiment": "POSITIVE", "sentiment_score": {"Positive": 0.9932656288146973, "Negative": 0.00032129944884218276, "Neutral": 0.0041029369458556175, "Mixed": 0.0023101065307855606}, "keywords": [["topnotch", "facilities", "faculty", "university", "experience"]], "positive_keywords": [["topnotch", "facilities", "faculty", "university", "experience"]], "negative_keywords": []}, {"text": "my time at university was decent good in some aspects but could be better in others", "sentiment": "MIXED", "sentiment_score": {"Positive": 0.010245845653116703, "Negative": 0.01066859345883131, "Neutral": 0.006733235437422991, "Mixed": 0.9723523259162903}, "keywords": [["better", "aspects", "good", "decent", "university"]], "positive_keywords": [], "negative_keywords": []}, {"text": "i had an amazing experience at university the faculty and facilities are topnotch", "sentiment": "POSITIVE", "sentiment_score": {"Positive": 0.9932656288146973, "Negative": 0.00032129944884218276, "Neutral": 0.0041029369458556175, "Mixed": 0.0023101065307855606}, "keywords": [["topnotch", "facilities", "faculty", "university", "experience"]], "positive_keywords": [["topnotch", "facilities", "faculty", "university", "experience"]], "negative_keywords": []}, {"text": "average experience at university nothing particularly outstanding", "sentiment": "NEGATIVE", "sentiment_score": {"Positive": 0.00849381648004055, "Negative": 0.6501188278198242, "Neutral": 0.04405200108885765, "Mixed": 0.29733535647392273}, "keywords": [["outstanding", "particularly", "university", "experience", "average"]], "positive_keywords": [], "negative_keywords": [["outstanding", "particularly", "university", "experience", "average"]]}, {"text": "my time at university was decent good in some aspects but could be better in others", "sentiment": "MIXED", "sentiment_score": {"Positive": 0.010245845653116703, "Negative": 0.01066859345883131, "Neutral": 0.006733235437422991, "Mixed": 0.9723523259162903}, "keywords": [["better", "aspects", "good", "decent", "university"]], "positive_keywords": [], "negative_keywords": []}, {"text": "the best years of my life were spent at university highly recommend it", "sentiment": "POSITIVE", "sentiment_score": {"Positive": 0.9983893632888794, "Negative": 0.00029790453845635056, "Neutral": 0.0012738844379782677, "Mixed": 3.883827230310999e-05}, "keywords": [["recommend", "highly", "university", "spent", "life"]], "positive_keywords": [["recommend", "highly", "university", "spent", "life"]], "negative_keywords": []}, {"text": "not what i expected university could really improve its student services", "sentiment": "NEGATIVE", "sentiment_score": {"Positive": 0.002219774993136525, "Negative": 0.9755644798278809, "Neutral": 0.015244387090206146, "Mixed": 0.006971326656639576}, "keywords": [["services", "student", "improve", "really", "university"]], "positive_keywords": [], "negative_keywords": [["services", "student", "improve", "really", "university"]]}, {"text": "had higher expectations from university the curriculum needs a serious update", "sentiment": "NEGATIVE", "sentiment_score": {"Positive": 0.03928213194012642, "Negative": 0.6937776803970337, "Neutral": 0.23473480343818665, "Mixed": 0.03220541775226593}, "keywords": [["update", "needs", "curriculum", "university", "expectations"]], "positive_keywords": [], "negative_keywords": [["update", "needs", "curriculum", "university", "expectations"]]}, {"text": "its a good university but i think university has room for improvement", "sentiment": "MIXED", "sentiment_score": {"Positive": 0.09079279005527496, "Negative": 0.0044769770465791225, "Neutral": 0.02031625062227249, "Mixed": 0.8844140768051147}, "keywords": [["improvement", "room", "think", "university", "good"]], "positive_keywords": [], "negative_keywords": []}]