[{"text": "mcgill university stands out as a worldclass institution with a stunning location near the iconic mount royal in montreal the campus combines picturesque mountain views with the bustling energy of downtown life the diverse and intelligent student body contributes to a vibrant academic atmosphere while the nearby peoples church adds a touch of spirituality and community for students and faculty", "sentiment": "POSITIVE", "sentiment_score": {"Positive": 0.7748402953147888, "Negative": 0.0001534012408228591, "Neutral": 0.22486275434494019, "Mixed": 0.00014346854004543275}, "keywords": [["faculty", "students", "community", "spirituality", "touch"]], "positive_keywords": [["faculty", "students", "community", "spirituality", "touch"]], "negative_keywords": []}, {"text": "i go there to relax  it is open to the public the parc lots of benches water bottle fill up squirrels and birds", "sentiment": "POSITIVE", "sentiment_score": {"Positive": 0.518057107925415, "Negative": 0.06666821986436844, "Neutral": 0.4132435619831085, "Mixed": 0.0020311304833739996}, "keywords": [["birds", "squirrels", "bottle", "water", "benches"]], "positive_keywords": [["birds", "squirrels", "bottle", "water", "benches"]], "negative_keywords": []}, {"text": "breathtaking campus very nice environment and layout interesting mix of modern and classical architecture interiors are modern beautiful especially in the fall\nworms are huge", "sentiment": "POSITIVE", "sentiment_score": {"Positive": 0.995339035987854, "Negative": 0.00010055850725620985, "Neutral": 0.0031759212724864483, "Mixed": 0.001384474104270339}, "keywords": [["huge", "worms", "fall", "especially", "beautiful"]], "positive_keywords": [["huge", "worms", "fall", "especially", "beautiful"]], "negative_keywords": []}, {"text": "one of the top universities in the world located by the hills of mount royal the landmark of montreal mcgill enjoys the advantages of mountain views as well as the convenience of downtown life its located in the financial district its amazing to see how many buildings are there in the campus students here are really smart and creative its pleasant to be a student studying in this vibrant campus across from the campus main entrance there is a wonderful church peoples church for students and faculties to enjoy christian life and fellowship", "sentiment": "POSITIVE", "sentiment_score": {"Positive": 0.9378832578659058, "Negative": 0.00010022454807767645, "Neutral": 0.0619063600897789, "Mixed": 0.00011025657295249403}, "keywords": [["fellowship", "christian", "enjoy", "faculties", "peoples"]], "positive_keywords": [["fellowship", "christian", "enjoy", "faculties", "peoples"]], "negative_keywords": []}, {"text": "very cool university perfect location classiclooking buildings with modern equipment inside visited a chemistry lab  nicely organized also the book store is good bought a couple souvenirs parking is expensive tho on rue university", "sentiment": "POSITIVE", "sentiment_score": {"Positive": 0.9038547277450562, "Negative": 0.0016177365323528647, "Neutral": 0.03352363780140877, "Mixed": 0.06100394204258919}, "keywords": [["rue", "tho", "expensive", "parking", "souvenirs"]], "positive_keywords": [["rue", "tho", "expensive", "parking", "souvenirs"]], "negative_keywords": []}, {"text": "not what i expected university could really improve its student services", "sentiment": "NEGATIVE", "sentiment_score": {"Positive": 0.002219774993136525, "Negative": 0.9755644798278809, "Neutral": 0.015244387090206146, "Mixed": 0.006971326656639576}, "keywords": [["services", "student", "improve", "really", "university"]], "positive_keywords": [], "negative_keywords": [["services", "student", "improve", "really", "university"]]}, {"text": "not what i expected university could really improve its student services", "sentiment": "NEGATIVE", "sentiment_score": {"Positive": 0.002219774993136525, "Negative": 0.9755644798278809, "Neutral": 0.015244387090206146, "Mixed": 0.006971326656639576}, "keywords": [["services", "student", "improve", "really", "university"]], "positive_keywords": [], "negative_keywords": [["services", "student", "improve", "really", "university"]]}, {"text": "not what i expected university could really improve its student services", "sentiment": "NEGATIVE", "sentiment_score": {"Positive": 0.002219774993136525, "Negative": 0.9755644798278809, "Neutral": 0.015244387090206146, "Mixed": 0.006971326656639576}, "keywords": [["services", "student", "improve", "really", "university"]], "positive_keywords": [], "negative_keywords": [["services", "student", "improve", "really", "university"]]}, {"text": "absolutely loved my time here university has an incredible campus and community", "sentiment": "POSITIVE", "sentiment_score": {"Positive": 0.9985748529434204, "Negative": 6.635062891291454e-05, "Neutral": 0.001123400405049324, "Mixed": 0.00023545697331428528}, "keywords": [["community", "campus", "incredible", "university", "time"]], "positive_keywords": [["community", "campus", "incredible", "university", "time"]], "negative_keywords": []}, {"text": "i had an amazing experience at university the faculty and facilities are topnotch", "sentiment": "POSITIVE", "sentiment_score": {"Positive": 0.9932656288146973, "Negative": 0.00032129944884218276, "Neutral": 0.0041029369458556175, "Mixed": 0.0023101065307855606}, "keywords": [["topnotch", "facilities", "faculty", "university", "experience"]], "positive_keywords": [["topnotch", "facilities", "faculty", "university", "experience"]], "negative_keywords": []}, {"text": "the best years of my life were spent at university highly recommend it", "sentiment": "POSITIVE", "sentiment_score": {"Positive": 0.9983893632888794, "Negative": 0.00029790453845635056, "Neutral": 0.0012738844379782677, "Mixed": 3.883827230310999e-05}, "keywords": [["recommend", "highly", "university", "spent", "life"]], "positive_keywords": [["recommend", "highly", "university", "spent", "life"]], "negative_keywords": []}, {"text": "my time at university was decent good in some aspects but could be better in others", "sentiment": "MIXED", "sentiment_score": {"Positive": 0.010245845653116703, "Negative": 0.01066859345883131, "Neutral": 0.006733235437422991, "Mixed": 0.9723523259162903}, "keywords": [["better", "aspects", "good", "decent", "university"]], "positive_keywords": [], "negative_keywords": []}, {"text": "i was disappointed with my experience at university the resources were lacking", "sentiment": "NEGATIVE", "sentiment_score": {"Positive": 0.0002522050344850868, "Negative": 0.999014139175415, "Neutral": 0.0005387758137658238, "Mixed": 0.00019480571791063994}, "keywords": [["lacking", "resources", "university", "experience", "disappointed"]], "positive_keywords": [], "negative_keywords": [["lacking", "resources", "university", "experience", "disappointed"]]}, {"text": "absolutely loved my time here university has an incredible campus and community", "sentiment": "POSITIVE", "sentiment_score": {"Positive": 0.9985748529434204, "Negative": 6.635062891291454e-05, "Neutral": 0.001123400405049324, "Mixed": 0.00023545697331428528}, "keywords": [["community", "campus", "incredible", "university", "time"]], "positive_keywords": [["community", "campus", "incredible", "university", "time"]], "negative_keywords": []}, {"text": "had higher expectations from university the curriculum needs a serious update", "sentiment": "NEGATIVE", "sentiment_score": {"Positive": 0.03928213194012642, "Negative": 0.6937776803970337, "Neutral": 0.23473480343818665, "Mixed": 0.03220541775226593}, "keywords": [["update", "needs", "curriculum", "university", "expectations"]], "positive_keywords": [], "negative_keywords": [["update", "needs", "curriculum", "university", "expectations"]]}]