[{"text": "once a tar heel always a tar heel ", "sentiment": "NEUTRAL", "sentiment_score": {"Positive": 0.008708829060196877, "Negative": 0.14797763526439667, "Neutral": 0.8269538283348083, "Mixed": 0.016359735280275345}, "keywords": [["heel", "tar"]], "positive_keywords": [], "negative_keywords": []}, {"text": "always a great day to be a tar heel ", "sentiment": "POSITIVE", "sentiment_score": {"Positive": 0.9588034749031067, "Negative": 0.0017705769278109074, "Neutral": 0.036277610808610916, "Mixed": 0.0031483646016567945}, "keywords": [["heel", "tar", "day", "great"]], "positive_keywords": [["heel", "tar", "day", "great"]], "negative_keywords": []}, {"text": "went to a v tournament here and the kids had a blast the facilities are very nice and the camp was well run cant wait to get back here next year", "sentiment": "POSITIVE", "sentiment_score": {"Positive": 0.9947744011878967, "Negative": 0.00010466905951034278, "Neutral": 0.004996204283088446, "Mixed": 0.0001247040054295212}, "keywords": [["year", "wait", "run", "camp", "nice"]], "positive_keywords": [["year", "wait", "run", "camp", "nice"]], "negative_keywords": []}, {"text": "im always finding new interesting things and people in chapel hill but this time it was for the international soccer game between chelsea and wrexham", "sentiment": "NEUTRAL", "sentiment_score": {"Positive": 0.24819307029247284, "Negative": 0.0760955736041069, "Neutral": 0.5138677954673767, "Mixed": 0.16184359788894653}, "keywords": [["wrexham", "chelsea", "game", "soccer", "international"]], "positive_keywords": [], "negative_keywords": []}, {"text": "this is an old university with a lot of history the lawn with trees is really quite and beautiful in summer", "sentiment": "POSITIVE", "sentiment_score": {"Positive": 0.9734628796577454, "Negative": 0.0009787814924493432, "Neutral": 0.020959138870239258, "Mixed": 0.004599216394126415}, "keywords": [["summer", "beautiful", "quite", "really", "trees"]], "positive_keywords": [["summer", "beautiful", "quite", "really", "trees"]], "negative_keywords": []}, {"text": "had higher expectations from university the curriculum needs a serious update", "sentiment": "NEGATIVE", "sentiment_score": {"Positive": 0.03928213194012642, "Negative": 0.6937776803970337, "Neutral": 0.23473480343818665, "Mixed": 0.03220541775226593}, "keywords": [["update", "needs", "curriculum", "university", "expectations"]], "positive_keywords": [], "negative_keywords": [["update", "needs", "curriculum", "university", "expectations"]]}, {"text": "i was disappointed with my experience at university the resources were lacking", "sentiment": "NEGATIVE", "sentiment_score": {"Positive": 0.0002522050344850868, "Negative": 0.999014139175415, "Neutral": 0.0005387758137658238, "Mixed": 0.00019480571791063994}, "keywords": [["lacking", "resources", "university", "experience", "disappointed"]], "positive_keywords": [], "negative_keywords": [["lacking", "resources", "university", "experience", "disappointed"]]}, {"text": "not what i expected university could really improve its student services", "sentiment": "NEGATIVE", "sentiment_score": {"Positive": 0.002219774993136525, "Negative": 0.9755644798278809, "Neutral": 0.015244387090206146, "Mixed": 0.006971326656639576}, "keywords": [["services", "student", "improve", "really", "university"]], "positive_keywords": [], "negative_keywords": [["services", "student", "improve", "really", "university"]]}, {"text": "the best years of my life were spent at university highly recommend it", "sentiment": "POSITIVE", "sentiment_score": {"Positive": 0.9983893632888794, "Negative": 0.00029790453845635056, "Neutral": 0.0012738844379782677, "Mixed": 3.883827230310999e-05}, "keywords": [["recommend", "highly", "university", "spent", "life"]], "positive_keywords": [["recommend", "highly", "university", "spent", "life"]], "negative_keywords": []}, {"text": "had higher expectations from university the curriculum needs a serious update", "sentiment": "NEGATIVE", "sentiment_score": {"Positive": 0.03928213194012642, "Negative": 0.6937776803970337, "Neutral": 0.23473480343818665, "Mixed": 0.03220541775226593}, "keywords": [["update", "needs", "curriculum", "university", "expectations"]], "positive_keywords": [], "negative_keywords": [["update", "needs", "curriculum", "university", "expectations"]]}, {"text": "average experience at university nothing particularly outstanding", "sentiment": "NEGATIVE", "sentiment_score": {"Positive": 0.00849381648004055, "Negative": 0.6501188278198242, "Neutral": 0.04405200108885765, "Mixed": 0.29733535647392273}, "keywords": [["outstanding", "particularly", "university", "experience", "average"]], "positive_keywords": [], "negative_keywords": [["outstanding", "particularly", "university", "experience", "average"]]}, {"text": "my time at university was decent good in some aspects but could be better in others", "sentiment": "MIXED", "sentiment_score": {"Positive": 0.010245845653116703, "Negative": 0.01066859345883131, "Neutral": 0.006733235437422991, "Mixed": 0.9723523259162903}, "keywords": [["better", "aspects", "good", "decent", "university"]], "positive_keywords": [], "negative_keywords": []}, {"text": "i was disappointed with my experience at university the resources were lacking", "sentiment": "NEGATIVE", "sentiment_score": {"Positive": 0.0002522050344850868, "Negative": 0.999014139175415, "Neutral": 0.0005387758137658238, "Mixed": 0.00019480571791063994}, "keywords": [["lacking", "resources", "university", "experience", "disappointed"]], "positive_keywords": [], "negative_keywords": [["lacking", "resources", "university", "experience", "disappointed"]]}, {"text": "its a good university but i think university has room for improvement", "sentiment": "MIXED", "sentiment_score": {"Positive": 0.09079279005527496, "Negative": 0.0044769770465791225, "Neutral": 0.02031625062227249, "Mixed": 0.8844140768051147}, "keywords": [["improvement", "room", "think", "university", "good"]], "positive_keywords": [], "negative_keywords": []}, {"text": "the best years of my life were spent at university highly recommend it", "sentiment": "POSITIVE", "sentiment_score": {"Positive": 0.9983893632888794, "Negative": 0.00029790453845635056, "Neutral": 0.0012738844379782677, "Mixed": 3.883827230310999e-05}, "keywords": [["recommend", "highly", "university", "spent", "life"]], "positive_keywords": [["recommend", "highly", "university", "spent", "life"]], "negative_keywords": []}]