[{"text": "the most comfort place to study bc in this campus provide learning enviroment which help student to focus on their study\n\nthis campus also respect the culture and ancestor value the student could learn about the culture and knowledge at the same time", "sentiment": "POSITIVE", "sentiment_score": {"Positive": 0.8584610819816589, "Negative": 0.00020471260359045118, "Neutral": 0.14125441014766693, "Mixed": 7.986572018126026e-05}, "keywords": [["time", "knowledge", "learn", "value", "ancestor"]], "positive_keywords": [["time", "knowledge", "learn", "value", "ancestor"]], "negative_keywords": []}, {"text": "damn this is a very nice campus its so well manicured and well maintained everywhere you go its nice and scenic and so many spots you can sit and relax and enjoy the sights and sounds where i come from due to harsh winters its not comparable i would enjoy attending this university ", "sentiment": "POSITIVE", "sentiment_score": {"Positive": 0.999575674533844, "Negative": 5.942577263340354e-05, "Neutral": 0.0002744334051385522, "Mixed": 9.039795986609533e-05}, "keywords": [["university", "attending", "comparable", "winters", "harsh"]], "positive_keywords": [["university", "attending", "comparable", "winters", "harsh"]], "negative_keywords": []}, {"text": "uq is a amazing univercity\nit has a beautiful lake path modern faculty building long main hall and sports facilities\n\nstudents will be very enjoyed study here\n\nbig landscape quiet and great transportation", "sentiment": "POSITIVE", "sentiment_score": {"Positive": 0.9828017354011536, "Negative": 0.00012961456377524883, "Neutral": 0.016824718564748764, "Mixed": 0.00024398896493948996}, "keywords": [["transportation", "great", "quiet", "landscape", "big"]], "positive_keywords": [["transportation", "great", "quiet", "landscape", "big"]], "negative_keywords": []}, {"text": "very beautiful and spacious campus i visited the university of queensland saint lucia campus during the holiday season it was so quiet and peaceful you can take bus or ferry from central brisbane to the saint lucia campus ferry is free on new years eve and maybe christmas", "sentiment": "POSITIVE", "sentiment_score": {"Positive": 0.994045615196228, "Negative": 6.802503776270896e-05, "Neutral": 0.005855834577232599, "Mixed": 3.0498031264869496e-05}, "keywords": [["christmas", "maybe", "eve", "years", "new"]], "positive_keywords": [["christmas", "maybe", "eve", "years", "new"]], "negative_keywords": []}, {"text": "fantastic school full of kind staff and great facilities their art museum is also fantastic", "sentiment": "POSITIVE", "sentiment_score": {"Positive": 0.9985498785972595, "Negative": 6.099409074522555e-05, "Neutral": 0.0012983557535335422, "Mixed": 9.080824384000152e-05}, "keywords": [["museum", "art", "facilities", "great", "staff"]], "positive_keywords": [["museum", "art", "facilities", "great", "staff"]], "negative_keywords": []}, {"text": "its a good university but i think university has room for improvement", "sentiment": "MIXED", "sentiment_score": {"Positive": 0.09079279005527496, "Negative": 0.0044769770465791225, "Neutral": 0.02031625062227249, "Mixed": 0.8844140768051147}, "keywords": [["improvement", "room", "think", "university", "good"]], "positive_keywords": [], "negative_keywords": []}, {"text": "had higher expectations from university the curriculum needs a serious update", "sentiment": "NEGATIVE", "sentiment_score": {"Positive": 0.03928213194012642, "Negative": 0.6937776803970337, "Neutral": 0.23473480343818665, "Mixed": 0.03220541775226593}, "keywords": [["update", "needs", "curriculum", "university", "expectations"]], "positive_keywords": [], "negative_keywords": [["update", "needs", "curriculum", "university", "expectations"]]}, {"text": "my time at university was decent good in some aspects but could be better in others", "sentiment": "MIXED", "sentiment_score": {"Positive": 0.010245845653116703, "Negative": 0.01066859345883131, "Neutral": 0.006733235437422991, "Mixed": 0.9723523259162903}, "keywords": [["better", "aspects", "good", "decent", "university"]], "positive_keywords": [], "negative_keywords": []}, {"text": "the best years of my life were spent at university highly recommend it", "sentiment": "POSITIVE", "sentiment_score": {"Positive": 0.9983893632888794, "Negative": 0.00029790453845635056, "Neutral": 0.0012738844379782677, "Mixed": 3.883827230310999e-05}, "keywords": [["recommend", "highly", "university", "spent", "life"]], "positive_keywords": [["recommend", "highly", "university", "spent", "life"]], "negative_keywords": []}, {"text": "its a good university but i think university has room for improvement", "sentiment": "MIXED", "sentiment_score": {"Positive": 0.09079279005527496, "Negative": 0.0044769770465791225, "Neutral": 0.02031625062227249, "Mixed": 0.8844140768051147}, "keywords": [["improvement", "room", "think", "university", "good"]], "positive_keywords": [], "negative_keywords": []}, {"text": "i had an amazing experience at university the faculty and facilities are topnotch", "sentiment": "POSITIVE", "sentiment_score": {"Positive": 0.9932656288146973, "Negative": 0.00032129944884218276, "Neutral": 0.0041029369458556175, "Mixed": 0.0023101065307855606}, "keywords": [["topnotch", "facilities", "faculty", "university", "experience"]], "positive_keywords": [["topnotch", "facilities", "faculty", "university", "experience"]], "negative_keywords": []}, {"text": "i was disappointed with my experience at university the resources were lacking", "sentiment": "NEGATIVE", "sentiment_score": {"Positive": 0.0002522050344850868, "Negative": 0.999014139175415, "Neutral": 0.0005387758137658238, "Mixed": 0.00019480571791063994}, "keywords": [["lacking", "resources", "university", "experience", "disappointed"]], "positive_keywords": [], "negative_keywords": [["lacking", "resources", "university", "experience", "disappointed"]]}, {"text": "my time at university was decent good in some aspects but could be better in others", "sentiment": "MIXED", "sentiment_score": {"Positive": 0.010245845653116703, "Negative": 0.01066859345883131, "Neutral": 0.006733235437422991, "Mixed": 0.9723523259162903}, "keywords": [["better", "aspects", "good", "decent", "university"]], "positive_keywords": [], "negative_keywords": []}, {"text": "average experience at university nothing particularly outstanding", "sentiment": "NEGATIVE", "sentiment_score": {"Positive": 0.00849381648004055, "Negative": 0.6501188278198242, "Neutral": 0.04405200108885765, "Mixed": 0.29733535647392273}, "keywords": [["outstanding", "particularly", "university", "experience", "average"]], "positive_keywords": [], "negative_keywords": [["outstanding", "particularly", "university", "experience", "average"]]}, {"text": "its a good university but i think university has room for improvement", "sentiment": "MIXED", "sentiment_score": {"Positive": 0.09079279005527496, "Negative": 0.0044769770465791225, "Neutral": 0.02031625062227249, "Mixed": 0.8844140768051147}, "keywords": [["improvement", "room", "think", "university", "good"]], "positive_keywords": [], "negative_keywords": []}]