[{"text": "very interesting provided a tour bus  students were very helpful on the open day very clean  tidy", "sentiment": "POSITIVE", "sentiment_score": {"Positive": 0.9989258646965027, "Negative": 7.223641296150163e-05, "Neutral": 0.0008876685751602054, "Mixed": 0.00011419138172641397}, "keywords": [["tidy", "clean", "day", "open", "helpful"]], "positive_keywords": [["tidy", "clean", "day", "open", "helpful"]], "negative_keywords": []}, {"text": "i am a graduate of lpool and i have great experience for the people and community even studying in pandemic period what is the campus closed", "sentiment": "POSITIVE", "sentiment_score": {"Positive": 0.9163992404937744, "Negative": 0.0027178525924682617, "Neutral": 0.07956276834011078, "Mixed": 0.001320113893598318}, "keywords": [["closed", "campus", "period", "pandemic", "studying"]], "positive_keywords": [["closed", "campus", "period", "pandemic", "studying"]], "negative_keywords": []}, {"text": "original red brick building \n\nuniversity of liverpool one of the best memories i have ever had in my life eventually coming to this city was not a bad call friends people from different background different culture and different racereligion all under one roof as a city\n\nenjoy your college life you will get it back ever again if u wanna relive it i guess now is the time dont neglect studies as well \n\n", "sentiment": "POSITIVE", "sentiment_score": {"Positive": 0.9339303374290466, "Negative": 0.004979954566806555, "Neutral": 0.0563495047390461, "Mixed": 0.004740187432616949}, "keywords": [["studies", "neglect", "dont", "time", "guess"]], "positive_keywords": [["studies", "neglect", "dont", "time", "guess"]], "negative_keywords": []}, {"text": "university of liverpool uol known as the uni of and the original red brick university since \nsituated in the heart of the knowledge quarter close to the university hospital liverpool the clatterbridge cancer centre the liverpool school of tropical medicine and the liverpool metropolitan cathedral the uni of plays a major part in the fabric of one of the most cosmopolitan vibrant exciting and friendly cities in the uk a city perfect for students", "sentiment": "NEUTRAL", "sentiment_score": {"Positive": 0.05092816427350044, "Negative": 0.0002457338268868625, "Neutral": 0.9487826824188232, "Mixed": 4.3451524106785655e-05}, "keywords": [["students", "perfect", "city", "uk", "cities"]], "positive_keywords": [], "negative_keywords": []}, {"text": "fabulous new buikding accessible car parking staff very friendly i have attended st johns eye clinic there was a young lady ada who was politely and very friendly", "sentiment": "POSITIVE", "sentiment_score": {"Positive": 0.993732750415802, "Negative": 0.00013442458293866366, "Neutral": 0.006016703322529793, "Mixed": 0.00011602830636547878}, "keywords": [["politely", "ada", "lady", "young", "clinic"]], "positive_keywords": [["politely", "ada", "lady", "young", "clinic"]], "negative_keywords": []}, {"text": "absolutely loved my time here university has an incredible campus and community", "sentiment": "POSITIVE", "sentiment_score": {"Positive": 0.9985748529434204, "Negative": 6.635062891291454e-05, "Neutral": 0.001123400405049324, "Mixed": 0.00023545697331428528}, "keywords": [["community", "campus", "incredible", "university", "time"]], "positive_keywords": [["community", "campus", "incredible", "university", "time"]], "negative_keywords": []}, {"text": "i had an amazing experience at university the faculty and facilities are topnotch", "sentiment": "POSITIVE", "sentiment_score": {"Positive": 0.9932656288146973, "Negative": 0.00032129944884218276, "Neutral": 0.0041029369458556175, "Mixed": 0.0023101065307855606}, "keywords": [["topnotch", "facilities", "faculty", "university", "experience"]], "positive_keywords": [["topnotch", "facilities", "faculty", "university", "experience"]], "negative_keywords": []}, {"text": "average experience at university nothing particularly outstanding", "sentiment": "NEGATIVE", "sentiment_score": {"Positive": 0.00849381648004055, "Negative": 0.6501188278198242, "Neutral": 0.04405200108885765, "Mixed": 0.29733535647392273}, "keywords": [["outstanding", "particularly", "university", "experience", "average"]], "positive_keywords": [], "negative_keywords": [["outstanding", "particularly", "university", "experience", "average"]]}, {"text": "not what i expected university could really improve its student services", "sentiment": "NEGATIVE", "sentiment_score": {"Positive": 0.002219774993136525, "Negative": 0.9755644798278809, "Neutral": 0.015244387090206146, "Mixed": 0.006971326656639576}, "keywords": [["services", "student", "improve", "really", "university"]], "positive_keywords": [], "negative_keywords": [["services", "student", "improve", "really", "university"]]}, {"text": "its a good university but i think university has room for improvement", "sentiment": "MIXED", "sentiment_score": {"Positive": 0.09079279005527496, "Negative": 0.0044769770465791225, "Neutral": 0.02031625062227249, "Mixed": 0.8844140768051147}, "keywords": [["improvement", "room", "think", "university", "good"]], "positive_keywords": [], "negative_keywords": []}, {"text": "its a good university but i think university has room for improvement", "sentiment": "MIXED", "sentiment_score": {"Positive": 0.09079279005527496, "Negative": 0.0044769770465791225, "Neutral": 0.02031625062227249, "Mixed": 0.8844140768051147}, "keywords": [["improvement", "room", "think", "university", "good"]], "positive_keywords": [], "negative_keywords": []}, {"text": "i was disappointed with my experience at university the resources were lacking", "sentiment": "NEGATIVE", "sentiment_score": {"Positive": 0.0002522050344850868, "Negative": 0.999014139175415, "Neutral": 0.0005387758137658238, "Mixed": 0.00019480571791063994}, "keywords": [["lacking", "resources", "university", "experience", "disappointed"]], "positive_keywords": [], "negative_keywords": [["lacking", "resources", "university", "experience", "disappointed"]]}, {"text": "i had an amazing experience at university the faculty and facilities are topnotch", "sentiment": "POSITIVE", "sentiment_score": {"Positive": 0.9932656288146973, "Negative": 0.00032129944884218276, "Neutral": 0.0041029369458556175, "Mixed": 0.0023101065307855606}, "keywords": [["topnotch", "facilities", "faculty", "university", "experience"]], "positive_keywords": [["topnotch", "facilities", "faculty", "university", "experience"]], "negative_keywords": []}, {"text": "its a good university but i think university has room for improvement", "sentiment": "MIXED", "sentiment_score": {"Positive": 0.09079279005527496, "Negative": 0.0044769770465791225, "Neutral": 0.02031625062227249, "Mixed": 0.8844140768051147}, "keywords": [["improvement", "room", "think", "university", "good"]], "positive_keywords": [], "negative_keywords": []}, {"text": "i was disappointed with my experience at university the resources were lacking", "sentiment": "NEGATIVE", "sentiment_score": {"Positive": 0.0002522050344850868, "Negative": 0.999014139175415, "Neutral": 0.0005387758137658238, "Mixed": 0.00019480571791063994}, "keywords": [["lacking", "resources", "university", "experience", "disappointed"]], "positive_keywords": [], "negative_keywords": [["lacking", "resources", "university", "experience", "disappointed"]]}]