[{"text": "the university owe me  not only they rob you  nonsense administration fee to get your money back but also they really dont care if you get your money or what by making tons of trouble as much as possible this is absolutely terrible i have never seen any university in the us or china charging you a fee for getting back what you deserve also they said the money must go back to the original payment account which was a year ago in china and they want you to prove it even though i have a legit nz bank account what a careless institution for students and their life", "sentiment": "NEGATIVE", "sentiment_score": {"Positive": 0.001604128978215158, "Negative": 0.9838089942932129, "Neutral": 0.008620505221188068, "Mixed": 0.0059663462452590466}, "keywords": [["life", "students", "institution", "careless", "bank"]], "positive_keywords": [], "negative_keywords": [["life", "students", "institution", "careless", "bank"]]}, {"text": "absolutely disgusting this is one of the most unprofessional university hub facilities in all of nz their student hub is completely unaware and has no understanding to be able to help with situations regarding enrolment theyll just sit and act as if theyre understanding before they hit you with the unfortunately its a case by case basis using politically correct phrases to get students from being attended to correctly  when in my case it was the exact same as another student attending and theyve managed to help her yet not attend to me the student herself was disgusted by the hub and explained that this case is the exact same that there is infact no difference between each case communication issues between advisers another huge issue one representative told me to wait for the result to get a dated back enrollment yet another told me there is no such thing what is going on ive been screwed by this uni because of the people in the student hub dont be fooled by their persona before they hit you the inability to help out halfarsed part time jobers better off going to plumbers for university help at the end the advisers argued about what was said and ruined my degree completely dont act like a helping hand to students when you dont actually look into the situation and advise students correctly they treat it as a job not a helping facility", "sentiment": "NEGATIVE", "sentiment_score": {"Positive": 0.00018677866319194436, "Negative": 0.9992738366127014, "Neutral": 0.0004818323068320751, "Mixed": 5.7586905313655734e-05}, "keywords": [["facility", "job", "treat", "advise", "situation"]], "positive_keywords": [], "negative_keywords": [["facility", "job", "treat", "advise", "situation"]]}, {"text": "i have had so many issues with communication enrolments and every other administration aspect imaginable when it comes to studying at the university of auckland the more recent one was today when it was realised that the sso official website provided me with incorrect information about the structure of my degree which has now caused a setback in my degree any time i have had an issue with anything it ends up going in circles and seems to never reach any real resolutionthey do not support the students at all how they advertise too and the staff dont seem to know or understand what is going on most of time if you try to query something  i would not recommend this university it is not worth the constant hassle", "sentiment": "NEGATIVE", "sentiment_score": {"Positive": 0.009526005946099758, "Negative": 0.9767415523529053, "Neutral": 0.009572213515639305, "Mixed": 0.0041602072305977345}, "keywords": [["hassle", "constant", "worth", "recommend", "query"]], "positive_keywords": [], "negative_keywords": [["hassle", "constant", "worth", "recommend", "query"]]}, {"text": "i came into auckland from wellington for the open day and it was so disappointing prior to this day it was my dream to study in uoa in the future but i dont know if i want that anymore i was supposed to be on the bus to uoa at am and was also supposed to receive a message prior to my trip according to the website however i never received any sort of notification which was no biggie but the bus that was supposed to be at the airport by  got delayed for minutes with no warning but tbh til this point everything was fine and was understandable i came from the airport and had luggage with me i was told that there would be a storage place for my belongings but after around minutes and asking around  different people no one was able to help mind you they were all wearing a university crew uniform at this point i was definitely a bit disappointed the previous day i went to maseey university open day and everyone was so helpful and nice i had an amazing experience with uoa being the best uni in nz i had only expected better but the management was so bad i was left with no words not one person out of the five unicrew was able to help to me find the storage space or notify us that the bus was being delayed i felt like people had like no idea what they were doing and as a team representing the university on a open day they shouldve done better this is absolutely no hate to the student volunteers which i assume the uni crew are but to the management that planned everything poorly honestly cant believe this is the open day of best university of nz and these were just some of the disappointing moments i experienced at the open day its hard to not assume that this school only focus on academics because everything else was a absolute mess", "sentiment": "MIXED", "sentiment_score": {"Positive": 0.10117702931165695, "Negative": 0.05297188088297844, "Neutral": 0.003968071658164263, "Mixed": 0.8418830633163452}, "keywords": [["mess", "absolute", "academics", "focus", "school"]], "positive_keywords": [], "negative_keywords": []}, {"text": "i came here last month to see student hub for the tec course enquiry i also applied for it and asked them how long the application takes but they dont have any idea about it", "sentiment": "NEUTRAL", "sentiment_score": {"Positive": 0.04366898164153099, "Negative": 0.3321245312690735, "Neutral": 0.6210506558418274, "Mixed": 0.003155873157083988}, "keywords": [["idea", "dont", "takes", "application", "long"]], "positive_keywords": [], "negative_keywords": []}, {"text": "not what i expected university could really improve its student services", "sentiment": "NEGATIVE", "sentiment_score": {"Positive": 0.002219774993136525, "Negative": 0.9755644798278809, "Neutral": 0.015244387090206146, "Mixed": 0.006971326656639576}, "keywords": [["services", "student", "improve", "really", "university"]], "positive_keywords": [], "negative_keywords": [["services", "student", "improve", "really", "university"]]}, {"text": "its a good university but i think university has room for improvement", "sentiment": "MIXED", "sentiment_score": {"Positive": 0.09079279005527496, "Negative": 0.0044769770465791225, "Neutral": 0.02031625062227249, "Mixed": 0.8844140768051147}, "keywords": [["improvement", "room", "think", "university", "good"]], "positive_keywords": [], "negative_keywords": []}, {"text": "its a good university but i think university has room for improvement", "sentiment": "MIXED", "sentiment_score": {"Positive": 0.09079279005527496, "Negative": 0.0044769770465791225, "Neutral": 0.02031625062227249, "Mixed": 0.8844140768051147}, "keywords": [["improvement", "room", "think", "university", "good"]], "positive_keywords": [], "negative_keywords": []}, {"text": "i had an amazing experience at university the faculty and facilities are topnotch", "sentiment": "POSITIVE", "sentiment_score": {"Positive": 0.9932656288146973, "Negative": 0.00032129944884218276, "Neutral": 0.0041029369458556175, "Mixed": 0.0023101065307855606}, "keywords": [["topnotch", "facilities", "faculty", "university", "experience"]], "positive_keywords": [["topnotch", "facilities", "faculty", "university", "experience"]], "negative_keywords": []}, {"text": "my time at university was decent good in some aspects but could be better in others", "sentiment": "MIXED", "sentiment_score": {"Positive": 0.010245845653116703, "Negative": 0.01066859345883131, "Neutral": 0.006733235437422991, "Mixed": 0.9723523259162903}, "keywords": [["better", "aspects", "good", "decent", "university"]], "positive_keywords": [], "negative_keywords": []}, {"text": "absolutely loved my time here university has an incredible campus and community", "sentiment": "POSITIVE", "sentiment_score": {"Positive": 0.9985748529434204, "Negative": 6.635062891291454e-05, "Neutral": 0.001123400405049324, "Mixed": 0.00023545697331428528}, "keywords": [["community", "campus", "incredible", "university", "time"]], "positive_keywords": [["community", "campus", "incredible", "university", "time"]], "negative_keywords": []}, {"text": "average experience at university nothing particularly outstanding", "sentiment": "NEGATIVE", "sentiment_score": {"Positive": 0.00849381648004055, "Negative": 0.6501188278198242, "Neutral": 0.04405200108885765, "Mixed": 0.29733535647392273}, "keywords": [["outstanding", "particularly", "university", "experience", "average"]], "positive_keywords": [], "negative_keywords": [["outstanding", "particularly", "university", "experience", "average"]]}, {"text": "the best years of my life were spent at university highly recommend it", "sentiment": "POSITIVE", "sentiment_score": {"Positive": 0.9983893632888794, "Negative": 0.00029790453845635056, "Neutral": 0.0012738844379782677, "Mixed": 3.883827230310999e-05}, "keywords": [["recommend", "highly", "university", "spent", "life"]], "positive_keywords": [["recommend", "highly", "university", "spent", "life"]], "negative_keywords": []}, {"text": "its a good university but i think university has room for improvement", "sentiment": "MIXED", "sentiment_score": {"Positive": 0.09079279005527496, "Negative": 0.0044769770465791225, "Neutral": 0.02031625062227249, "Mixed": 0.8844140768051147}, "keywords": [["improvement", "room", "think", "university", "good"]], "positive_keywords": [], "negative_keywords": []}, {"text": "my time at university was decent good in some aspects but could be better in others", "sentiment": "MIXED", "sentiment_score": {"Positive": 0.010245845653116703, "Negative": 0.01066859345883131, "Neutral": 0.006733235437422991, "Mixed": 0.9723523259162903}, "keywords": [["better", "aspects", "good", "decent", "university"]], "positive_keywords": [], "negative_keywords": []}]