[{"text": "one of the top universities in south korea some korean dramas were filmed on this campus so it is famous among korean drama lovers", "sentiment": "NEUTRAL", "sentiment_score": {"Positive": 0.0073288921266794205, "Negative": 0.0028343135491013527, "Neutral": 0.9898219108581543, "Mixed": 1.4881468814564869e-05}, "keywords": [["lovers", "drama", "famous", "campus", "filmed"]], "positive_keywords": [], "negative_keywords": []}, {"text": "the place i called home for two years i did my masters here\n\ncampus vibe is definitely elite  speaks glamour and posh has a nice western facade which can be seen a few minutes from the main gate campus is i feel most beautiful during the colder months", "sentiment": "POSITIVE", "sentiment_score": {"Positive": 0.8322029113769531, "Negative": 0.0048665679059922695, "Neutral": 0.11655649542808533, "Mixed": 0.04637401923537254}, "keywords": [["months", "colder", "beautiful", "feel", "gate"]], "positive_keywords": [["months", "colder", "beautiful", "feel", "gate"]], "negative_keywords": []}, {"text": "the food shown in the first picture is  chicken cutlet salad which is served at international restaurant at sinchon campus it is cheap healthy and of course delicious it got prepared  so fast", "sentiment": "POSITIVE", "sentiment_score": {"Positive": 0.96612149477005, "Negative": 0.008552919141948223, "Neutral": 0.018867455422878265, "Mixed": 0.00645810179412365}, "keywords": [["fast", "prepared", "got", "delicious", "course"]], "positive_keywords": [["fast", "prepared", "got", "delicious", "course"]], "negative_keywords": []}, {"text": "i love walking around the campus feels like im at an ivy league college back in the states  i dont attend here but i live right behind it i use the track like other neighborhood people on nice warm days you can just sit on one of the benches and relax", "sentiment": "POSITIVE", "sentiment_score": {"Positive": 0.9537844657897949, "Negative": 0.001278210780583322, "Neutral": 0.044733926653862, "Mixed": 0.0002033670898526907}, "keywords": [["relax", "benches", "sit", "just", "days"]], "positive_keywords": [["relax", "benches", "sit", "just", "days"]], "negative_keywords": []}, {"text": "seriously my biggest dream is to get into this university i want it so much but im very afraid of not being able to get in im in the first year of high school right now and my grades are average but my math is very bad i regret not having studied math from the beginning i cant explain it if i dont start now it will be very difficult to recover later even if i have to stay in the library for hours and study i will push it i cant give up on my dream so quickly", "sentiment": "MIXED", "sentiment_score": {"Positive": 0.12989330291748047, "Negative": 0.06598877906799316, "Neutral": 0.036123715341091156, "Mixed": 0.7679942846298218}, "keywords": [["quickly", "push", "study", "hours", "library"]], "positive_keywords": [], "negative_keywords": []}, {"text": "its a good university but i think university has room for improvement", "sentiment": "MIXED", "sentiment_score": {"Positive": 0.09079279005527496, "Negative": 0.0044769770465791225, "Neutral": 0.02031625062227249, "Mixed": 0.8844140768051147}, "keywords": [["improvement", "room", "think", "university", "good"]], "positive_keywords": [], "negative_keywords": []}, {"text": "had higher expectations from university the curriculum needs a serious update", "sentiment": "NEGATIVE", "sentiment_score": {"Positive": 0.03928213194012642, "Negative": 0.6937776803970337, "Neutral": 0.23473480343818665, "Mixed": 0.03220541775226593}, "keywords": [["update", "needs", "curriculum", "university", "expectations"]], "positive_keywords": [], "negative_keywords": [["update", "needs", "curriculum", "university", "expectations"]]}, {"text": "average experience at university nothing particularly outstanding", "sentiment": "NEGATIVE", "sentiment_score": {"Positive": 0.00849381648004055, "Negative": 0.6501188278198242, "Neutral": 0.04405200108885765, "Mixed": 0.29733535647392273}, "keywords": [["outstanding", "particularly", "university", "experience", "average"]], "positive_keywords": [], "negative_keywords": [["outstanding", "particularly", "university", "experience", "average"]]}, {"text": "had higher expectations from university the curriculum needs a serious update", "sentiment": "NEGATIVE", "sentiment_score": {"Positive": 0.03928213194012642, "Negative": 0.6937776803970337, "Neutral": 0.23473480343818665, "Mixed": 0.03220541775226593}, "keywords": [["update", "needs", "curriculum", "university", "expectations"]], "positive_keywords": [], "negative_keywords": [["update", "needs", "curriculum", "university", "expectations"]]}, {"text": "its a good university but i think university has room for improvement", "sentiment": "MIXED", "sentiment_score": {"Positive": 0.09079279005527496, "Negative": 0.0044769770465791225, "Neutral": 0.02031625062227249, "Mixed": 0.8844140768051147}, "keywords": [["improvement", "room", "think", "university", "good"]], "positive_keywords": [], "negative_keywords": []}, {"text": "had higher expectations from university the curriculum needs a serious update", "sentiment": "NEGATIVE", "sentiment_score": {"Positive": 0.03928213194012642, "Negative": 0.6937776803970337, "Neutral": 0.23473480343818665, "Mixed": 0.03220541775226593}, "keywords": [["update", "needs", "curriculum", "university", "expectations"]], "positive_keywords": [], "negative_keywords": [["update", "needs", "curriculum", "university", "expectations"]]}, {"text": "i was disappointed with my experience at university the resources were lacking", "sentiment": "NEGATIVE", "sentiment_score": {"Positive": 0.0002522050344850868, "Negative": 0.999014139175415, "Neutral": 0.0005387758137658238, "Mixed": 0.00019480571791063994}, "keywords": [["lacking", "resources", "university", "experience", "disappointed"]], "positive_keywords": [], "negative_keywords": [["lacking", "resources", "university", "experience", "disappointed"]]}, {"text": "i was disappointed with my experience at university the resources were lacking", "sentiment": "NEGATIVE", "sentiment_score": {"Positive": 0.0002522050344850868, "Negative": 0.999014139175415, "Neutral": 0.0005387758137658238, "Mixed": 0.00019480571791063994}, "keywords": [["lacking", "resources", "university", "experience", "disappointed"]], "positive_keywords": [], "negative_keywords": [["lacking", "resources", "university", "experience", "disappointed"]]}, {"text": "i was disappointed with my experience at university the resources were lacking", "sentiment": "NEGATIVE", "sentiment_score": {"Positive": 0.0002522050344850868, "Negative": 0.999014139175415, "Neutral": 0.0005387758137658238, "Mixed": 0.00019480571791063994}, "keywords": [["lacking", "resources", "university", "experience", "disappointed"]], "positive_keywords": [], "negative_keywords": [["lacking", "resources", "university", "experience", "disappointed"]]}, {"text": "average experience at university nothing particularly outstanding", "sentiment": "NEGATIVE", "sentiment_score": {"Positive": 0.00849381648004055, "Negative": 0.6501188278198242, "Neutral": 0.04405200108885765, "Mixed": 0.29733535647392273}, "keywords": [["outstanding", "particularly", "university", "experience", "average"]], "positive_keywords": [], "negative_keywords": [["outstanding", "particularly", "university", "experience", "average"]]}]