[{"text": "because kyoto university is one of the top public universities for the elite students university campus does have its beauty and other indications of its long academic history\n\nwhile it is a policy for japan government not to promote college or university campus as tour attractions even for its own citizens college campus is seldom marked as tour attractions for the foreign tourists  but if tourists can lower their voice and manage their behaviors it is generally ok to visit college campus in japan  and certainly kyoto universitys campus is worthy of visit for its natural beauty especially lots of tall green trees and academic buildings with history even though most of these buildings are simply plain with brick building structures\n\nkyoto university campus has many location maps and signs on the corner of many roads and maps generally show buildings with numbers and whether the buildings are handicapped access or other functions such as bathrooms\n\ncamous has cafeterias and cafes which are open for students but also open for the visitors for kyoto university the cafe at its main campus seems to open from afternoon hours and that is a drawback for the visitors and probably also for students who want to take a break", "sentiment": "NEUTRAL", "sentiment_score": {"Positive": 0.299137681722641, "Negative": 0.006414418108761311, "Neutral": 0.684680163860321, "Mixed": 0.009767699986696243}, "keywords": [["break", "want", "probably", "drawback", "hours"]], "positive_keywords": [], "negative_keywords": []}, {"text": "along with tokyo university kyoto university is the most famous university in japan though it is one of the highest academic  research facilities it is also known for its independent and freedom attitude towards everything sometimes  chaotic those who know how to do academic research this university must be like a heaven", "sentiment": "NEUTRAL", "sentiment_score": {"Positive": 0.3123819828033447, "Negative": 0.0021347980946302414, "Neutral": 0.6854155659675598, "Mixed": 6.75886549288407e-05}, "keywords": [["heaven", "like", "know", "chaotic", "attitude"]], "positive_keywords": [], "negative_keywords": []}, {"text": "i was so curious about kyoto university after watching anime and ive come here its so good", "sentiment": "POSITIVE", "sentiment_score": {"Positive": 0.9509238600730896, "Negative": 0.0013770652003586292, "Neutral": 0.047011759132146835, "Mixed": 0.0006873506936244667}, "keywords": [["good", "come", "ive", "anime", "watching"]], "positive_keywords": [["good", "come", "ive", "anime", "watching"]], "negative_keywords": []}, {"text": "the ku main campus is located in yoshida whereas two more are in katsura and uji city yoshida campus have most students activities and feels so lively also mention the iconic clock tower and the huge tree as  the universitys most popular landmarks as a student here i would give a  in total for my whole experience theres so many helpful people and supports for international students", "sentiment": "POSITIVE", "sentiment_score": {"Positive": 0.8515180349349976, "Negative": 0.0004109008295927197, "Neutral": 0.14797213673591614, "Mixed": 9.889958892017603e-05}, "keywords": [["international", "supports", "people", "helpful", "theres"]], "positive_keywords": [["international", "supports", "people", "helpful", "theres"]], "negative_keywords": []}, {"text": "i went to school here back in  and its still one of the best experiences ive ever had kyoto university was a wonderful place to learn japanese culture meet new friends and the field trips they held were some of my most treasured memories thank you kyodai glad i came back to visit even just for a bit", "sentiment": "POSITIVE", "sentiment_score": {"Positive": 0.9978526830673218, "Negative": 5.861392128281295e-05, "Neutral": 0.00185926363337785, "Mixed": 0.00022942194482311606}, "keywords": [["bit", "just", "visit", "came", "glad"]], "positive_keywords": [["bit", "just", "visit", "came", "glad"]], "negative_keywords": []}, {"text": "i was disappointed with my experience at university the resources were lacking", "sentiment": "NEGATIVE", "sentiment_score": {"Positive": 0.0002522050344850868, "Negative": 0.999014139175415, "Neutral": 0.0005387758137658238, "Mixed": 0.00019480571791063994}, "keywords": [["lacking", "resources", "university", "experience", "disappointed"]], "positive_keywords": [], "negative_keywords": [["lacking", "resources", "university", "experience", "disappointed"]]}, {"text": "not what i expected university could really improve its student services", "sentiment": "NEGATIVE", "sentiment_score": {"Positive": 0.002219774993136525, "Negative": 0.9755644798278809, "Neutral": 0.015244387090206146, "Mixed": 0.006971326656639576}, "keywords": [["services", "student", "improve", "really", "university"]], "positive_keywords": [], "negative_keywords": [["services", "student", "improve", "really", "university"]]}, {"text": "my time at university was decent good in some aspects but could be better in others", "sentiment": "MIXED", "sentiment_score": {"Positive": 0.010245845653116703, "Negative": 0.01066859345883131, "Neutral": 0.006733235437422991, "Mixed": 0.9723523259162903}, "keywords": [["better", "aspects", "good", "decent", "university"]], "positive_keywords": [], "negative_keywords": []}, {"text": "my time at university was decent good in some aspects but could be better in others", "sentiment": "MIXED", "sentiment_score": {"Positive": 0.010245845653116703, "Negative": 0.01066859345883131, "Neutral": 0.006733235437422991, "Mixed": 0.9723523259162903}, "keywords": [["better", "aspects", "good", "decent", "university"]], "positive_keywords": [], "negative_keywords": []}, {"text": "its a good university but i think university has room for improvement", "sentiment": "MIXED", "sentiment_score": {"Positive": 0.09079279005527496, "Negative": 0.0044769770465791225, "Neutral": 0.02031625062227249, "Mixed": 0.8844140768051147}, "keywords": [["improvement", "room", "think", "university", "good"]], "positive_keywords": [], "negative_keywords": []}, {"text": "i was disappointed with my experience at university the resources were lacking", "sentiment": "NEGATIVE", "sentiment_score": {"Positive": 0.0002522050344850868, "Negative": 0.999014139175415, "Neutral": 0.0005387758137658238, "Mixed": 0.00019480571791063994}, "keywords": [["lacking", "resources", "university", "experience", "disappointed"]], "positive_keywords": [], "negative_keywords": [["lacking", "resources", "university", "experience", "disappointed"]]}, {"text": "the best years of my life were spent at university highly recommend it", "sentiment": "POSITIVE", "sentiment_score": {"Positive": 0.9983893632888794, "Negative": 0.00029790453845635056, "Neutral": 0.0012738844379782677, "Mixed": 3.883827230310999e-05}, "keywords": [["recommend", "highly", "university", "spent", "life"]], "positive_keywords": [["recommend", "highly", "university", "spent", "life"]], "negative_keywords": []}, {"text": "i had an amazing experience at university the faculty and facilities are topnotch", "sentiment": "POSITIVE", "sentiment_score": {"Positive": 0.9932656288146973, "Negative": 0.00032129944884218276, "Neutral": 0.0041029369458556175, "Mixed": 0.0023101065307855606}, "keywords": [["topnotch", "facilities", "faculty", "university", "experience"]], "positive_keywords": [["topnotch", "facilities", "faculty", "university", "experience"]], "negative_keywords": []}, {"text": "i was disappointed with my experience at university the resources were lacking", "sentiment": "NEGATIVE", "sentiment_score": {"Positive": 0.0002522050344850868, "Negative": 0.999014139175415, "Neutral": 0.0005387758137658238, "Mixed": 0.00019480571791063994}, "keywords": [["lacking", "resources", "university", "experience", "disappointed"]], "positive_keywords": [], "negative_keywords": [["lacking", "resources", "university", "experience", "disappointed"]]}, {"text": "the best years of my life were spent at university highly recommend it", "sentiment": "POSITIVE", "sentiment_score": {"Positive": 0.9983893632888794, "Negative": 0.00029790453845635056, "Neutral": 0.0012738844379782677, "Mixed": 3.883827230310999e-05}, "keywords": [["recommend", "highly", "university", "spent", "life"]], "positive_keywords": [["recommend", "highly", "university", "spent", "life"]], "negative_keywords": []}]