[{"text": "smack in the london city and an institution which has maintained such high standards in academia and scholarship certainly a top school for the study of economics law andpolitical science probably had a hand in influencing the coat of arms of the university of toronto as well", "sentiment": "POSITIVE", "sentiment_score": {"Positive": 0.497475802898407, "Negative": 0.019376350566744804, "Neutral": 0.4828762114048004, "Mixed": 0.00027164374478161335}, "keywords": [["toronto", "university", "arms", "coat", "influencing"]], "positive_keywords": [["toronto", "university", "arms", "coat", "influencing"]], "negative_keywords": []}, {"text": "experience is the best teacher  everyones experience is different i know a bunch of people that have attended lse  theyve got only positive reviews nothing will be given to you free you have to put in the work i went in today to discuss with one of the professors  the staff were super helpful and friendly\n\nplease follow  on ig for more info", "sentiment": "POSITIVE", "sentiment_score": {"Positive": 0.5875492095947266, "Negative": 0.010348106734454632, "Neutral": 0.24041375517845154, "Mixed": 0.1616889089345932}, "keywords": [["info", "ig", "follow", "friendly", "helpful"]], "positive_keywords": [["info", "ig", "follow", "friendly", "helpful"]], "negative_keywords": []}, {"text": "the best institute ever\nmy dream of studying here for the very long time\nhope to get admission some day", "sentiment": "POSITIVE", "sentiment_score": {"Positive": 0.9492653012275696, "Negative": 0.0012368331663310528, "Neutral": 0.04778629168868065, "Mixed": 0.0017115346854552627}, "keywords": [["day", "admission", "hope", "time", "long"]], "positive_keywords": [["day", "admission", "hope", "time", "long"]], "negative_keywords": []}, {"text": "i paid  for just one year and im allowed access to the career hub for only  years two of which have been unusable due to covid embarassing", "sentiment": "NEGATIVE", "sentiment_score": {"Positive": 0.03170415386557579, "Negative": 0.6980987191200256, "Neutral": 0.08887929469347, "Mixed": 0.1813177913427353}, "keywords": [["embarassing", "covid", "unusable", "years", "hub"]], "positive_keywords": [], "negative_keywords": [["embarassing", "covid", "unusable", "years", "hub"]]}, {"text": "lse was the best decision i took in my life the location itself is sooo convenient that you never miss on any of the fun events happening in the central london from expert professors to updated content of curriculum lse provides you so many opportunities to develop and lead the world also the alumni benefits are available for almost  years grateful ", "sentiment": "POSITIVE", "sentiment_score": {"Positive": 0.987648606300354, "Negative": 0.00013588705041911453, "Neutral": 0.012093217112123966, "Mixed": 0.00012235160102136433}, "keywords": [["grateful", "years", "available", "benefits", "alumni"]], "positive_keywords": [["grateful", "years", "available", "benefits", "alumni"]], "negative_keywords": []}, {"text": "its a good university but i think university has room for improvement", "sentiment": "MIXED", "sentiment_score": {"Positive": 0.09079279005527496, "Negative": 0.0044769770465791225, "Neutral": 0.02031625062227249, "Mixed": 0.8844140768051147}, "keywords": [["improvement", "room", "think", "university", "good"]], "positive_keywords": [], "negative_keywords": []}, {"text": "had higher expectations from university the curriculum needs a serious update", "sentiment": "NEGATIVE", "sentiment_score": {"Positive": 0.03928213194012642, "Negative": 0.6937776803970337, "Neutral": 0.23473480343818665, "Mixed": 0.03220541775226593}, "keywords": [["update", "needs", "curriculum", "university", "expectations"]], "positive_keywords": [], "negative_keywords": [["update", "needs", "curriculum", "university", "expectations"]]}, {"text": "i had an amazing experience at university the faculty and facilities are topnotch", "sentiment": "POSITIVE", "sentiment_score": {"Positive": 0.9932656288146973, "Negative": 0.00032129944884218276, "Neutral": 0.0041029369458556175, "Mixed": 0.0023101065307855606}, "keywords": [["topnotch", "facilities", "faculty", "university", "experience"]], "positive_keywords": [["topnotch", "facilities", "faculty", "university", "experience"]], "negative_keywords": []}, {"text": "average experience at university nothing particularly outstanding", "sentiment": "NEGATIVE", "sentiment_score": {"Positive": 0.00849381648004055, "Negative": 0.6501188278198242, "Neutral": 0.04405200108885765, "Mixed": 0.29733535647392273}, "keywords": [["outstanding", "particularly", "university", "experience", "average"]], "positive_keywords": [], "negative_keywords": [["outstanding", "particularly", "university", "experience", "average"]]}, {"text": "had higher expectations from university the curriculum needs a serious update", "sentiment": "NEGATIVE", "sentiment_score": {"Positive": 0.03928213194012642, "Negative": 0.6937776803970337, "Neutral": 0.23473480343818665, "Mixed": 0.03220541775226593}, "keywords": [["update", "needs", "curriculum", "university", "expectations"]], "positive_keywords": [], "negative_keywords": [["update", "needs", "curriculum", "university", "expectations"]]}, {"text": "average experience at university nothing particularly outstanding", "sentiment": "NEGATIVE", "sentiment_score": {"Positive": 0.00849381648004055, "Negative": 0.6501188278198242, "Neutral": 0.04405200108885765, "Mixed": 0.29733535647392273}, "keywords": [["outstanding", "particularly", "university", "experience", "average"]], "positive_keywords": [], "negative_keywords": [["outstanding", "particularly", "university", "experience", "average"]]}, {"text": "its a good university but i think university has room for improvement", "sentiment": "MIXED", "sentiment_score": {"Positive": 0.09079279005527496, "Negative": 0.0044769770465791225, "Neutral": 0.02031625062227249, "Mixed": 0.8844140768051147}, "keywords": [["improvement", "room", "think", "university", "good"]], "positive_keywords": [], "negative_keywords": []}, {"text": "had higher expectations from university the curriculum needs a serious update", "sentiment": "NEGATIVE", "sentiment_score": {"Positive": 0.03928213194012642, "Negative": 0.6937776803970337, "Neutral": 0.23473480343818665, "Mixed": 0.03220541775226593}, "keywords": [["update", "needs", "curriculum", "university", "expectations"]], "positive_keywords": [], "negative_keywords": [["update", "needs", "curriculum", "university", "expectations"]]}, {"text": "absolutely loved my time here university has an incredible campus and community", "sentiment": "POSITIVE", "sentiment_score": {"Positive": 0.9985748529434204, "Negative": 6.635062891291454e-05, "Neutral": 0.001123400405049324, "Mixed": 0.00023545697331428528}, "keywords": [["community", "campus", "incredible", "university", "time"]], "positive_keywords": [["community", "campus", "incredible", "university", "time"]], "negative_keywords": []}, {"text": "absolutely loved my time here university has an incredible campus and community", "sentiment": "POSITIVE", "sentiment_score": {"Positive": 0.9985748529434204, "Negative": 6.635062891291454e-05, "Neutral": 0.001123400405049324, "Mixed": 0.00023545697331428528}, "keywords": [["community", "campus", "incredible", "university", "time"]], "positive_keywords": [["community", "campus", "incredible", "university", "time"]], "negative_keywords": []}]