[{"text": "place outside the tourist itineraries but which deserves to be considered the building will not be gorgeous but it is still very particular more than for its architecture it is an interesting place in terms of nazism inside there is in fact an exhibition that talks about the scholl family if you dont know their history you should definitely visit this place because its really beautiful", "sentiment": "MIXED", "sentiment_score": {"Positive": 0.30734652280807495, "Negative": 0.0012997760204598308, "Neutral": 0.007982088252902031, "Mixed": 0.6833715438842773}, "keywords": [["beautiful", "really", "visit", "definitely", "history"]], "positive_keywords": [], "negative_keywords": []}, {"text": "my alma mater i visited this best german university for my master degree with proud and honor between winter term  and summer term  and now ill be there again for my phd program\none thing that i would suggest is to digitalize the whole institution in every single aspect just like its neighbor competitor the tum ", "sentiment": "POSITIVE", "sentiment_score": {"Positive": 0.7255511283874512, "Negative": 0.01650317758321762, "Neutral": 0.22526288032531738, "Mixed": 0.032682791352272034}, "keywords": [["tum", "competitor", "neighbor", "like", "just"]], "positive_keywords": [["tum", "competitor", "neighbor", "like", "just"]], "negative_keywords": []}, {"text": "lovely lovely environment here very nice campus im impressed with it absolutely everything looks good here to me definitely would love to learn something here and at least teach too how can i teach here", "sentiment": "POSITIVE", "sentiment_score": {"Positive": 0.996070384979248, "Negative": 5.3941028454573825e-05, "Neutral": 0.0032629501074552536, "Mixed": 0.0006127076339907944}, "keywords": [["teach", "learn", "love", "definitely", "good"]], "positive_keywords": [["teach", "learn", "love", "definitely", "good"]], "negative_keywords": []}, {"text": "ludwig maximilian university is listed as nd at times higher education list in   professors  academicians and  departments with its decorated buildings at the heart of munich welcoming you with its nice ceiling in entrance", "sentiment": "NEUTRAL", "sentiment_score": {"Positive": 0.1565311700105667, "Negative": 0.0002849115408025682, "Neutral": 0.8430866003036499, "Mixed": 9.725637937663123e-05}, "keywords": [["entrance", "ceiling", "nice", "welcoming", "munich"]], "positive_keywords": [], "negative_keywords": []}, {"text": "one of the two big universities of munich and is supposed to be one of the best universities in germany you can study for free at any age it has a lot of different faculties in natural science and humanities it is famous for sophie and hans scholl having studied there during the ns regime the siblings were part of a group called weie rose which distributed flyers with information about the regime you can still see their statue in the main hall of the university and their flyers in stone in the ground in front of the building there is also a museum about them in the university the different faculties and buildings are spread throughout munich hosting about  students most of them are in the area of schwabing and englischer garten where many students relax during breaks behind the main building there are many cafes restaurants bars galleries and book shops it used to be an artistic area where home owners were required to give their upper floor to artists", "sentiment": "NEUTRAL", "sentiment_score": {"Positive": 0.253805935382843, "Negative": 0.026878714561462402, "Neutral": 0.7187499403953552, "Mixed": 0.0005653842235915363}, "keywords": [["artists", "floor", "upper", "required", "owners"]], "positive_keywords": [], "negative_keywords": []}, {"text": "absolutely loved my time here university has an incredible campus and community", "sentiment": "POSITIVE", "sentiment_score": {"Positive": 0.9985748529434204, "Negative": 6.635062891291454e-05, "Neutral": 0.001123400405049324, "Mixed": 0.00023545697331428528}, "keywords": [["community", "campus", "incredible", "university", "time"]], "positive_keywords": [["community", "campus", "incredible", "university", "time"]], "negative_keywords": []}, {"text": "not what i expected university could really improve its student services", "sentiment": "NEGATIVE", "sentiment_score": {"Positive": 0.002219774993136525, "Negative": 0.9755644798278809, "Neutral": 0.015244387090206146, "Mixed": 0.006971326656639576}, "keywords": [["services", "student", "improve", "really", "university"]], "positive_keywords": [], "negative_keywords": [["services", "student", "improve", "really", "university"]]}, {"text": "not what i expected university could really improve its student services", "sentiment": "NEGATIVE", "sentiment_score": {"Positive": 0.002219774993136525, "Negative": 0.9755644798278809, "Neutral": 0.015244387090206146, "Mixed": 0.006971326656639576}, "keywords": [["services", "student", "improve", "really", "university"]], "positive_keywords": [], "negative_keywords": [["services", "student", "improve", "really", "university"]]}, {"text": "its a good university but i think university has room for improvement", "sentiment": "MIXED", "sentiment_score": {"Positive": 0.09079279005527496, "Negative": 0.0044769770465791225, "Neutral": 0.02031625062227249, "Mixed": 0.8844140768051147}, "keywords": [["improvement", "room", "think", "university", "good"]], "positive_keywords": [], "negative_keywords": []}, {"text": "i had an amazing experience at university the faculty and facilities are topnotch", "sentiment": "POSITIVE", "sentiment_score": {"Positive": 0.9932656288146973, "Negative": 0.00032129944884218276, "Neutral": 0.0041029369458556175, "Mixed": 0.0023101065307855606}, "keywords": [["topnotch", "facilities", "faculty", "university", "experience"]], "positive_keywords": [["topnotch", "facilities", "faculty", "university", "experience"]], "negative_keywords": []}, {"text": "absolutely loved my time here university has an incredible campus and community", "sentiment": "POSITIVE", "sentiment_score": {"Positive": 0.9985748529434204, "Negative": 6.635062891291454e-05, "Neutral": 0.001123400405049324, "Mixed": 0.00023545697331428528}, "keywords": [["community", "campus", "incredible", "university", "time"]], "positive_keywords": [["community", "campus", "incredible", "university", "time"]], "negative_keywords": []}, {"text": "the best years of my life were spent at university highly recommend it", "sentiment": "POSITIVE", "sentiment_score": {"Positive": 0.9983893632888794, "Negative": 0.00029790453845635056, "Neutral": 0.0012738844379782677, "Mixed": 3.883827230310999e-05}, "keywords": [["recommend", "highly", "university", "spent", "life"]], "positive_keywords": [["recommend", "highly", "university", "spent", "life"]], "negative_keywords": []}, {"text": "had higher expectations from university the curriculum needs a serious update", "sentiment": "NEGATIVE", "sentiment_score": {"Positive": 0.03928213194012642, "Negative": 0.6937776803970337, "Neutral": 0.23473480343818665, "Mixed": 0.03220541775226593}, "keywords": [["update", "needs", "curriculum", "university", "expectations"]], "positive_keywords": [], "negative_keywords": [["update", "needs", "curriculum", "university", "expectations"]]}, {"text": "had higher expectations from university the curriculum needs a serious update", "sentiment": "NEGATIVE", "sentiment_score": {"Positive": 0.03928213194012642, "Negative": 0.6937776803970337, "Neutral": 0.23473480343818665, "Mixed": 0.03220541775226593}, "keywords": [["update", "needs", "curriculum", "university", "expectations"]], "positive_keywords": [], "negative_keywords": [["update", "needs", "curriculum", "university", "expectations"]]}, {"text": "absolutely loved my time here university has an incredible campus and community", "sentiment": "POSITIVE", "sentiment_score": {"Positive": 0.9985748529434204, "Negative": 6.635062891291454e-05, "Neutral": 0.001123400405049324, "Mixed": 0.00023545697331428528}, "keywords": [["community", "campus", "incredible", "university", "time"]], "positive_keywords": [["community", "campus", "incredible", "university", "time"]], "negative_keywords": []}]