[{"text": "i have always wanted to come here especially for my background in engineering this place is full of history and technology its a very big place which has a lot of beautiful gardens and amazing buildings", "sentiment": "POSITIVE", "sentiment_score": {"Positive": 0.9528763890266418, "Negative": 0.0008695399737916887, "Neutral": 0.03362105414271355, "Mixed": 0.012633007951080799}, "keywords": [["buildings", "amazing", "gardens", "beautiful", "lot"]], "positive_keywords": [["buildings", "amazing", "gardens", "beautiful", "lot"]], "negative_keywords": []}, {"text": "during my recent visit to mit i was immersed in an atmosphere of cuttingedge innovation and intellectual curiosity the campus buzzed with energy as students hurried between impressive buildings that housed advanced laboratories and lecture halls engaging discussions with faculty members highlighted the institutions commitment to pushing the boundaries of knowledge the palpable sense of collaboration and the sight of students deeply engaged in their projects underscored mits reputation as a hub for technological advancement witnessing the iconic great dome and exploring the vibrant surrounding area added to the experience leaving me inspired by the institutions rich history and its role in shaping the future", "sentiment": "POSITIVE", "sentiment_score": {"Positive": 0.8831385374069214, "Negative": 0.000301295833196491, "Neutral": 0.11627107113599777, "Mixed": 0.0002890887262765318}, "keywords": [["future", "shaping", "role", "history", "rich"]], "positive_keywords": [["future", "shaping", "role", "history", "rich"]], "negative_keywords": []}, {"text": "no doubt one of the best institute in the world great infrastructure for both students as well as for faculty and researchers its a dream comes true if you get admission here  platform are available for all new technologies", "sentiment": "POSITIVE", "sentiment_score": {"Positive": 0.8919622302055359, "Negative": 0.002109602792188525, "Neutral": 0.10563608258962631, "Mixed": 0.0002920720726251602}, "keywords": [["technologies", "new", "available", "platform", "admission"]], "positive_keywords": [["technologies", "new", "available", "platform", "admission"]], "negative_keywords": []}, {"text": "massachusetts institute of technology mit is the highest  ranked  research university it is based in cambridgema usa established originally at back bay area of massachusetts  in  it is now spread over  acres along the charles riversince  main entrance and students facilities are located on massachusetts street qs world universities ranked mit as  university overall and also   in engineering discipline in the world it has  schools scienceengineeringarchitecturemanagement and humanities  social sciences and a college current regular students head count  is around  and faculty members over never awarded any honorary degree in its history admission acceptance rate  till  exact  nobel prize winners are mit alumni\nuniversity has excellent academicresidential and sports  facilities for students including their reserved seat on board of trustees mit has its own nuclear reactorwind tunnelstate of the art research labs olld historic dome a  number of beautiful modern buildings on its main campus including green building  tallest onemain libraryunique stadium killian courts museumlincoln labcancer research centreetcvisitors guided tours centre is located near kendall square beside mbta stationthough free the tours conducted by students are not so convincingthe cost of study stay  at mit  without scholarship is beyond reach of average income earning familyrecommend mit  as a must visit while at cambridge or boston ", "sentiment": "NEUTRAL", "sentiment_score": {"Positive": 0.007801168132573366, "Negative": 0.0007152523612603545, "Neutral": 0.9914740324020386, "Mixed": 9.574059731676243e-06}, "keywords": [["boston", "cambridge", "visit", "familyrecommend", "earning"]], "positive_keywords": [], "negative_keywords": []}, {"text": "awesome excellent tour university and excellent presentation about mti and their goals for students who want to apply for college", "sentiment": "POSITIVE", "sentiment_score": {"Positive": 0.9980535507202148, "Negative": 5.162080196896568e-05, "Neutral": 0.001786311506293714, "Mixed": 0.00010851014667423442}, "keywords": [["college", "apply", "want", "students", "goals"]], "positive_keywords": [["college", "apply", "want", "students", "goals"]], "negative_keywords": []}, {"text": "i was disappointed with my experience at university the resources were lacking", "sentiment": "NEGATIVE", "sentiment_score": {"Positive": 0.0002522050344850868, "Negative": 0.999014139175415, "Neutral": 0.0005387758137658238, "Mixed": 0.00019480571791063994}, "keywords": [["lacking", "resources", "university", "experience", "disappointed"]], "positive_keywords": [], "negative_keywords": [["lacking", "resources", "university", "experience", "disappointed"]]}, {"text": "i had an amazing experience at university the faculty and facilities are topnotch", "sentiment": "POSITIVE", "sentiment_score": {"Positive": 0.9932656288146973, "Negative": 0.00032129944884218276, "Neutral": 0.0041029369458556175, "Mixed": 0.0023101065307855606}, "keywords": [["topnotch", "facilities", "faculty", "university", "experience"]], "positive_keywords": [["topnotch", "facilities", "faculty", "university", "experience"]], "negative_keywords": []}, {"text": "not what i expected university could really improve its student services", "sentiment": "NEGATIVE", "sentiment_score": {"Positive": 0.002219774993136525, "Negative": 0.9755644798278809, "Neutral": 0.015244387090206146, "Mixed": 0.006971326656639576}, "keywords": [["services", "student", "improve", "really", "university"]], "positive_keywords": [], "negative_keywords": [["services", "student", "improve", "really", "university"]]}, {"text": "had higher expectations from university the curriculum needs a serious update", "sentiment": "NEGATIVE", "sentiment_score": {"Positive": 0.03928213194012642, "Negative": 0.6937776803970337, "Neutral": 0.23473480343818665, "Mixed": 0.03220541775226593}, "keywords": [["update", "needs", "curriculum", "university", "expectations"]], "positive_keywords": [], "negative_keywords": [["update", "needs", "curriculum", "university", "expectations"]]}, {"text": "not what i expected university could really improve its student services", "sentiment": "NEGATIVE", "sentiment_score": {"Positive": 0.002219774993136525, "Negative": 0.9755644798278809, "Neutral": 0.015244387090206146, "Mixed": 0.006971326656639576}, "keywords": [["services", "student", "improve", "really", "university"]], "positive_keywords": [], "negative_keywords": [["services", "student", "improve", "really", "university"]]}, {"text": "average experience at university nothing particularly outstanding", "sentiment": "NEGATIVE", "sentiment_score": {"Positive": 0.00849381648004055, "Negative": 0.6501188278198242, "Neutral": 0.04405200108885765, "Mixed": 0.29733535647392273}, "keywords": [["outstanding", "particularly", "university", "experience", "average"]], "positive_keywords": [], "negative_keywords": [["outstanding", "particularly", "university", "experience", "average"]]}, {"text": "not what i expected university could really improve its student services", "sentiment": "NEGATIVE", "sentiment_score": {"Positive": 0.002219774993136525, "Negative": 0.9755644798278809, "Neutral": 0.015244387090206146, "Mixed": 0.006971326656639576}, "keywords": [["services", "student", "improve", "really", "university"]], "positive_keywords": [], "negative_keywords": [["services", "student", "improve", "really", "university"]]}, {"text": "its a good university but i think university has room for improvement", "sentiment": "MIXED", "sentiment_score": {"Positive": 0.09079279005527496, "Negative": 0.0044769770465791225, "Neutral": 0.02031625062227249, "Mixed": 0.8844140768051147}, "keywords": [["improvement", "room", "think", "university", "good"]], "positive_keywords": [], "negative_keywords": []}, {"text": "not what i expected university could really improve its student services", "sentiment": "NEGATIVE", "sentiment_score": {"Positive": 0.002219774993136525, "Negative": 0.9755644798278809, "Neutral": 0.015244387090206146, "Mixed": 0.006971326656639576}, "keywords": [["services", "student", "improve", "really", "university"]], "positive_keywords": [], "negative_keywords": [["services", "student", "improve", "really", "university"]]}, {"text": "my time at university was decent good in some aspects but could be better in others", "sentiment": "MIXED", "sentiment_score": {"Positive": 0.010245845653116703, "Negative": 0.01066859345883131, "Neutral": 0.006733235437422991, "Mixed": 0.9723523259162903}, "keywords": [["better", "aspects", "good", "decent", "university"]], "positive_keywords": [], "negative_keywords": []}]