[{"text": "i only visited for a couple of minutes while touring the city lovely building\ntheres a ubahn right next to the university and right there are lot of shops that sell all sort of stuff will make a good break spot in between classes", "sentiment": "POSITIVE", "sentiment_score": {"Positive": 0.6442136168479919, "Negative": 0.047725360840559006, "Neutral": 0.28600284457206726, "Mixed": 0.0220582727342844}, "keywords": [["classes", "spot", "break", "good", "make"]], "positive_keywords": [["classes", "spot", "break", "good", "make"]], "negative_keywords": []}, {"text": "absolutely must seewhen in vienna outside  patio is breathtaking", "sentiment": "POSITIVE", "sentiment_score": {"Positive": 0.9859134554862976, "Negative": 0.001188133843243122, "Neutral": 0.012539259158074856, "Mixed": 0.00035913640749640763}, "keywords": [["breathtaking", "patio", "outside", "vienna", "seewhen"]], "positive_keywords": [["breathtaking", "patio", "outside", "vienna", "seewhen"]], "negative_keywords": []}, {"text": "super old university since s with elegant exquite buildings", "sentiment": "POSITIVE", "sentiment_score": {"Positive": 0.5529424548149109, "Negative": 0.017731809988617897, "Neutral": 0.27357998490333557, "Mixed": 0.1557457447052002}, "keywords": [["buildings", "exquite", "elegant", "university", "old"]], "positive_keywords": [["buildings", "exquite", "elegant", "university", "old"]], "negative_keywords": []}, {"text": "said to be the earliest surviving university in the germanspeaking world it was a privilege to visit the campus is small and really old but not as impressive as one would expect moderate i guess", "sentiment": "MIXED", "sentiment_score": {"Positive": 0.12108767777681351, "Negative": 0.007794796489179134, "Neutral": 0.10252583771944046, "Mixed": 0.7685917615890503}, "keywords": [["guess", "moderate", "expect", "impressive", "old"]], "positive_keywords": [], "negative_keywords": []}, {"text": "wonderful university founded in  it has a beautiful central garden where the students can relax there is a coffee shop with some tables as well the corridors are filled with statues or busts of old professors definitively worth the visit", "sentiment": "POSITIVE", "sentiment_score": {"Positive": 0.9773361086845398, "Negative": 0.00035914944601245224, "Neutral": 0.02192358858883381, "Mixed": 0.0003811238275375217}, "keywords": [["visit", "worth", "definitively", "professors", "old"]], "positive_keywords": [["visit", "worth", "definitively", "professors", "old"]], "negative_keywords": []}, {"text": "i was disappointed with my experience at university the resources were lacking", "sentiment": "NEGATIVE", "sentiment_score": {"Positive": 0.0002522050344850868, "Negative": 0.999014139175415, "Neutral": 0.0005387758137658238, "Mixed": 0.00019480571791063994}, "keywords": [["lacking", "resources", "university", "experience", "disappointed"]], "positive_keywords": [], "negative_keywords": [["lacking", "resources", "university", "experience", "disappointed"]]}, {"text": "my time at university was decent good in some aspects but could be better in others", "sentiment": "MIXED", "sentiment_score": {"Positive": 0.010245845653116703, "Negative": 0.01066859345883131, "Neutral": 0.006733235437422991, "Mixed": 0.9723523259162903}, "keywords": [["better", "aspects", "good", "decent", "university"]], "positive_keywords": [], "negative_keywords": []}, {"text": "average experience at university nothing particularly outstanding", "sentiment": "NEGATIVE", "sentiment_score": {"Positive": 0.00849381648004055, "Negative": 0.6501188278198242, "Neutral": 0.04405200108885765, "Mixed": 0.29733535647392273}, "keywords": [["outstanding", "particularly", "university", "experience", "average"]], "positive_keywords": [], "negative_keywords": [["outstanding", "particularly", "university", "experience", "average"]]}, {"text": "my time at university was decent good in some aspects but could be better in others", "sentiment": "MIXED", "sentiment_score": {"Positive": 0.010245845653116703, "Negative": 0.01066859345883131, "Neutral": 0.006733235437422991, "Mixed": 0.9723523259162903}, "keywords": [["better", "aspects", "good", "decent", "university"]], "positive_keywords": [], "negative_keywords": []}, {"text": "the best years of my life were spent at university highly recommend it", "sentiment": "POSITIVE", "sentiment_score": {"Positive": 0.9983893632888794, "Negative": 0.00029790453845635056, "Neutral": 0.0012738844379782677, "Mixed": 3.883827230310999e-05}, "keywords": [["recommend", "highly", "university", "spent", "life"]], "positive_keywords": [["recommend", "highly", "university", "spent", "life"]], "negative_keywords": []}, {"text": "average experience at university nothing particularly outstanding", "sentiment": "NEGATIVE", "sentiment_score": {"Positive": 0.00849381648004055, "Negative": 0.6501188278198242, "Neutral": 0.04405200108885765, "Mixed": 0.29733535647392273}, "keywords": [["outstanding", "particularly", "university", "experience", "average"]], "positive_keywords": [], "negative_keywords": [["outstanding", "particularly", "university", "experience", "average"]]}, {"text": "not what i expected university could really improve its student services", "sentiment": "NEGATIVE", "sentiment_score": {"Positive": 0.002219774993136525, "Negative": 0.9755644798278809, "Neutral": 0.015244387090206146, "Mixed": 0.006971326656639576}, "keywords": [["services", "student", "improve", "really", "university"]], "positive_keywords": [], "negative_keywords": [["services", "student", "improve", "really", "university"]]}, {"text": "absolutely loved my time here university has an incredible campus and community", "sentiment": "POSITIVE", "sentiment_score": {"Positive": 0.9985748529434204, "Negative": 6.635062891291454e-05, "Neutral": 0.001123400405049324, "Mixed": 0.00023545697331428528}, "keywords": [["community", "campus", "incredible", "university", "time"]], "positive_keywords": [["community", "campus", "incredible", "university", "time"]], "negative_keywords": []}, {"text": "i had an amazing experience at university the faculty and facilities are topnotch", "sentiment": "POSITIVE", "sentiment_score": {"Positive": 0.9932656288146973, "Negative": 0.00032129944884218276, "Neutral": 0.0041029369458556175, "Mixed": 0.0023101065307855606}, "keywords": [["topnotch", "facilities", "faculty", "university", "experience"]], "positive_keywords": [["topnotch", "facilities", "faculty", "university", "experience"]], "negative_keywords": []}, {"text": "i had an amazing experience at university the faculty and facilities are topnotch", "sentiment": "POSITIVE", "sentiment_score": {"Positive": 0.9932656288146973, "Negative": 0.00032129944884218276, "Neutral": 0.0041029369458556175, "Mixed": 0.0023101065307855606}, "keywords": [["topnotch", "facilities", "faculty", "university", "experience"]], "positive_keywords": [["topnotch", "facilities", "faculty", "university", "experience"]], "negative_keywords": []}]