[{"text": "i think its one of the most beautiful university campus in the world but i guess im biased as i went there  to  so many changes since then but great to walk around with all the memories the beaches and the theatres", "sentiment": "MIXED", "sentiment_score": {"Positive": 0.4575978219509125, "Negative": 0.0017041265964508057, "Neutral": 0.014731802977621555, "Mixed": 0.5259662866592407}, "keywords": [["theatres", "beaches", "memories", "walk", "great"]], "positive_keywords": [], "negative_keywords": []}, {"text": "the university of british columbia is a public research university with campuses near vancouver and in kelowna established in  it is the oldest university in british columbia with an annual research budget of  million ubc funds over  projects a year", "sentiment": "NEUTRAL", "sentiment_score": {"Positive": 0.001136080943979323, "Negative": 9.512560791336e-05, "Neutral": 0.9987635612487793, "Mixed": 5.257652446744032e-06}, "keywords": [["year", "projects", "funds", "ubc", "million"]], "positive_keywords": [], "negative_keywords": []}, {"text": "undoubtedly the most beautiful university campus i have ever seen the staff are so kind too\nit would be a dream to study or work here", "sentiment": "POSITIVE", "sentiment_score": {"Positive": 0.9802159667015076, "Negative": 0.0014652321115136147, "Neutral": 0.01666543446481228, "Mixed": 0.0016533714951947331}, "keywords": [["work", "study", "dream", "kind", "staff"]], "positive_keywords": [["work", "study", "dream", "kind", "staff"]], "negative_keywords": []}, {"text": "great world class university the campus has put a lot of development into the infrastructure buildings bus loop sports fields indoor sports walk ways for footcycle traffic and restaurant options  they have reduced the road ways which is a good change in the right direction they are lacking bike racks at each building and should add those since getting from class to class is much better on scooter or bike but security cameras and bike racks need to be installed to facilitate that\nthe new sub is amazing and gives students a place to study and hang out\nkeep up the great work and innovation\none idea would be to put covered walk ways between buildings similar to the bus loop cover as its raining most of the semesters if those were made of solar panels it would be a great use during rain but also generate electricity for the campus during daylight hours great dual use of the area  a modular system would allow easy maintenance and relocation as the campus changes and grows", "sentiment": "POSITIVE", "sentiment_score": {"Positive": 0.44985222816467285, "Negative": 0.010588145814836025, "Neutral": 0.24523387849330902, "Mixed": 0.29432573914527893}, "keywords": [["grows", "changes", "relocation", "maintenance", "easy"]], "positive_keywords": [["grows", "changes", "relocation", "maintenance", "easy"]], "negative_keywords": []}, {"text": "i like this place and because this place is so big it makes the place so beautiful and good and even though i dont go to school here i still come here to see the beautiful campus and views oh and also theres an ubc rose garden here its beautiful", "sentiment": "POSITIVE", "sentiment_score": {"Positive": 0.9986993074417114, "Negative": 5.989935380057432e-05, "Neutral": 0.0009832106297835708, "Mixed": 0.00025760536664165556}, "keywords": [["garden", "rose", "ubc", "theres", "oh"]], "positive_keywords": [["garden", "rose", "ubc", "theres", "oh"]], "negative_keywords": []}, {"text": "average experience at university nothing particularly outstanding", "sentiment": "NEGATIVE", "sentiment_score": {"Positive": 0.00849381648004055, "Negative": 0.6501188278198242, "Neutral": 0.04405200108885765, "Mixed": 0.29733535647392273}, "keywords": [["outstanding", "particularly", "university", "experience", "average"]], "positive_keywords": [], "negative_keywords": [["outstanding", "particularly", "university", "experience", "average"]]}, {"text": "i had an amazing experience at university the faculty and facilities are topnotch", "sentiment": "POSITIVE", "sentiment_score": {"Positive": 0.9932656288146973, "Negative": 0.00032129944884218276, "Neutral": 0.0041029369458556175, "Mixed": 0.0023101065307855606}, "keywords": [["topnotch", "facilities", "faculty", "university", "experience"]], "positive_keywords": [["topnotch", "facilities", "faculty", "university", "experience"]], "negative_keywords": []}, {"text": "i was disappointed with my experience at university the resources were lacking", "sentiment": "NEGATIVE", "sentiment_score": {"Positive": 0.0002522050344850868, "Negative": 0.999014139175415, "Neutral": 0.0005387758137658238, "Mixed": 0.00019480571791063994}, "keywords": [["lacking", "resources", "university", "experience", "disappointed"]], "positive_keywords": [], "negative_keywords": [["lacking", "resources", "university", "experience", "disappointed"]]}, {"text": "i had an amazing experience at university the faculty and facilities are topnotch", "sentiment": "POSITIVE", "sentiment_score": {"Positive": 0.9932656288146973, "Negative": 0.00032129944884218276, "Neutral": 0.0041029369458556175, "Mixed": 0.0023101065307855606}, "keywords": [["topnotch", "facilities", "faculty", "university", "experience"]], "positive_keywords": [["topnotch", "facilities", "faculty", "university", "experience"]], "negative_keywords": []}, {"text": "not what i expected university could really improve its student services", "sentiment": "NEGATIVE", "sentiment_score": {"Positive": 0.002219774993136525, "Negative": 0.9755644798278809, "Neutral": 0.015244387090206146, "Mixed": 0.006971326656639576}, "keywords": [["services", "student", "improve", "really", "university"]], "positive_keywords": [], "negative_keywords": [["services", "student", "improve", "really", "university"]]}, {"text": "average experience at university nothing particularly outstanding", "sentiment": "NEGATIVE", "sentiment_score": {"Positive": 0.00849381648004055, "Negative": 0.6501188278198242, "Neutral": 0.04405200108885765, "Mixed": 0.29733535647392273}, "keywords": [["outstanding", "particularly", "university", "experience", "average"]], "positive_keywords": [], "negative_keywords": [["outstanding", "particularly", "university", "experience", "average"]]}, {"text": "its a good university but i think university has room for improvement", "sentiment": "MIXED", "sentiment_score": {"Positive": 0.09079279005527496, "Negative": 0.0044769770465791225, "Neutral": 0.02031625062227249, "Mixed": 0.8844140768051147}, "keywords": [["improvement", "room", "think", "university", "good"]], "positive_keywords": [], "negative_keywords": []}, {"text": "i was disappointed with my experience at university the resources were lacking", "sentiment": "NEGATIVE", "sentiment_score": {"Positive": 0.0002522050344850868, "Negative": 0.999014139175415, "Neutral": 0.0005387758137658238, "Mixed": 0.00019480571791063994}, "keywords": [["lacking", "resources", "university", "experience", "disappointed"]], "positive_keywords": [], "negative_keywords": [["lacking", "resources", "university", "experience", "disappointed"]]}, {"text": "not what i expected university could really improve its student services", "sentiment": "NEGATIVE", "sentiment_score": {"Positive": 0.002219774993136525, "Negative": 0.9755644798278809, "Neutral": 0.015244387090206146, "Mixed": 0.006971326656639576}, "keywords": [["services", "student", "improve", "really", "university"]], "positive_keywords": [], "negative_keywords": [["services", "student", "improve", "really", "university"]]}, {"text": "the best years of my life were spent at university highly recommend it", "sentiment": "POSITIVE", "sentiment_score": {"Positive": 0.9983893632888794, "Negative": 0.00029790453845635056, "Neutral": 0.0012738844379782677, "Mixed": 3.883827230310999e-05}, "keywords": [["recommend", "highly", "university", "spent", "life"]], "positive_keywords": [["recommend", "highly", "university", "spent", "life"]], "negative_keywords": []}]