[{"text": "ucl would top ten university having a university college hospital supporting next to the campus very competitive average  of  to get in or  of  to get in to medicine top facilities with top quality education", "sentiment": "NEUTRAL", "sentiment_score": {"Positive": 0.0912659540772438, "Negative": 0.009386426769196987, "Neutral": 0.8985182642936707, "Mixed": 0.0008293676655739546}, "keywords": [["education", "quality", "facilities", "medicine", "average"]], "positive_keywords": [], "negative_keywords": []}, {"text": "do not study here the cost you will pay for your health is much higher than the cost of education no heating anywhere all classes are old as well very dirty toilets in every building help desk is useless they could not even buy heater for library and my classmates ended up by wearing jackets in classes and then all had bronchitis", "sentiment": "NEGATIVE", "sentiment_score": {"Positive": 0.001665769494138658, "Negative": 0.9668158888816833, "Neutral": 0.02982170879840851, "Mixed": 0.0016966211842373013}, "keywords": [["bronchitis", "jackets", "wearing", "ended", "classmates"]], "positive_keywords": [], "negative_keywords": [["bronchitis", "jackets", "wearing", "ended", "classmates"]]}, {"text": "came here for the first time and was really impressed by the way the whole place was run there was lots of signage to make it easy to find your way  the staff were all very friendly and helpful  there some amazing volunteers who help the place to run smoothly  the place was also lovely and clean", "sentiment": "POSITIVE", "sentiment_score": {"Positive": 0.998956561088562, "Negative": 4.8138976126210764e-05, "Neutral": 0.0004579511296469718, "Mixed": 0.0005373313906602561}, "keywords": [["clean", "lovely", "smoothly", "help", "volunteers"]], "positive_keywords": [["clean", "lovely", "smoothly", "help", "volunteers"]], "negative_keywords": []}, {"text": "brilliant students really disappointed with the unfair research funding system treat international students like cash cows they charge x from international students and dont allow them to apply for most scholarships professors are knowledgeable and renowned researchers however they tend to hire and fund students who are like themselves affinity bias interaction with staff discouraging  one teacher laughed at an international poc students question and their body language and boredom showed that they had assumed the student to be dumb they encourage discussion with students from their own kind low expectations from students from the global south and tell them to try for lesser institutions for scholarships do not provide the same opportunities to home and international students who contribute a large portion of their departmental funding ineffective edi initiatives and hardly any poc as authority figures international students deserve better", "sentiment": "NEGATIVE", "sentiment_score": {"Positive": 0.005273377988487482, "Negative": 0.8923143744468689, "Neutral": 0.0546584278345108, "Mixed": 0.04775376617908478}, "keywords": [["better", "deserve", "figures", "authority", "hardly"]], "positive_keywords": [], "negative_keywords": [["better", "deserve", "figures", "authority", "hardly"]]}, {"text": "a very good university being in london certainly makes it difficult to have a super large campus but it gives you pretty much all you need as a uni student student centre is perfect for all activities solo duo group study or meeting just sit and chill is also fine connected to garden and main campus gives a intergrated experience of life learn and revise majority of academic and staff are nice and helpful willing to give show you light of latest area in science only issue is expensive living cost tuition fee traveling and staying in london etc but ucl should not take all of the blame", "sentiment": "POSITIVE", "sentiment_score": {"Positive": 0.8421351909637451, "Negative": 0.0034365616738796234, "Neutral": 0.049049489200115204, "Mixed": 0.10537879914045334}, "keywords": [["blame", "ucl", "staying", "traveling", "fee"]], "positive_keywords": [["blame", "ucl", "staying", "traveling", "fee"]], "negative_keywords": []}, {"text": "average experience at university nothing particularly outstanding", "sentiment": "NEGATIVE", "sentiment_score": {"Positive": 0.00849381648004055, "Negative": 0.6501188278198242, "Neutral": 0.04405200108885765, "Mixed": 0.29733535647392273}, "keywords": [["outstanding", "particularly", "university", "experience", "average"]], "positive_keywords": [], "negative_keywords": [["outstanding", "particularly", "university", "experience", "average"]]}, {"text": "my time at university was decent good in some aspects but could be better in others", "sentiment": "MIXED", "sentiment_score": {"Positive": 0.010245845653116703, "Negative": 0.01066859345883131, "Neutral": 0.006733235437422991, "Mixed": 0.9723523259162903}, "keywords": [["better", "aspects", "good", "decent", "university"]], "positive_keywords": [], "negative_keywords": []}, {"text": "absolutely loved my time here university has an incredible campus and community", "sentiment": "POSITIVE", "sentiment_score": {"Positive": 0.9985748529434204, "Negative": 6.635062891291454e-05, "Neutral": 0.001123400405049324, "Mixed": 0.00023545697331428528}, "keywords": [["community", "campus", "incredible", "university", "time"]], "positive_keywords": [["community", "campus", "incredible", "university", "time"]], "negative_keywords": []}, {"text": "my time at university was decent good in some aspects but could be better in others", "sentiment": "MIXED", "sentiment_score": {"Positive": 0.010245845653116703, "Negative": 0.01066859345883131, "Neutral": 0.006733235437422991, "Mixed": 0.9723523259162903}, "keywords": [["better", "aspects", "good", "decent", "university"]], "positive_keywords": [], "negative_keywords": []}, {"text": "average experience at university nothing particularly outstanding", "sentiment": "NEGATIVE", "sentiment_score": {"Positive": 0.00849381648004055, "Negative": 0.6501188278198242, "Neutral": 0.04405200108885765, "Mixed": 0.29733535647392273}, "keywords": [["outstanding", "particularly", "university", "experience", "average"]], "positive_keywords": [], "negative_keywords": [["outstanding", "particularly", "university", "experience", "average"]]}, {"text": "i was disappointed with my experience at university the resources were lacking", "sentiment": "NEGATIVE", "sentiment_score": {"Positive": 0.0002522050344850868, "Negative": 0.999014139175415, "Neutral": 0.0005387758137658238, "Mixed": 0.00019480571791063994}, "keywords": [["lacking", "resources", "university", "experience", "disappointed"]], "positive_keywords": [], "negative_keywords": [["lacking", "resources", "university", "experience", "disappointed"]]}, {"text": "not what i expected university could really improve its student services", "sentiment": "NEGATIVE", "sentiment_score": {"Positive": 0.002219774993136525, "Negative": 0.9755644798278809, "Neutral": 0.015244387090206146, "Mixed": 0.006971326656639576}, "keywords": [["services", "student", "improve", "really", "university"]], "positive_keywords": [], "negative_keywords": [["services", "student", "improve", "really", "university"]]}, {"text": "absolutely loved my time here university has an incredible campus and community", "sentiment": "POSITIVE", "sentiment_score": {"Positive": 0.9985748529434204, "Negative": 6.635062891291454e-05, "Neutral": 0.001123400405049324, "Mixed": 0.00023545697331428528}, "keywords": [["community", "campus", "incredible", "university", "time"]], "positive_keywords": [["community", "campus", "incredible", "university", "time"]], "negative_keywords": []}, {"text": "not what i expected university could really improve its student services", "sentiment": "NEGATIVE", "sentiment_score": {"Positive": 0.002219774993136525, "Negative": 0.9755644798278809, "Neutral": 0.015244387090206146, "Mixed": 0.006971326656639576}, "keywords": [["services", "student", "improve", "really", "university"]], "positive_keywords": [], "negative_keywords": [["services", "student", "improve", "really", "university"]]}, {"text": "i had an amazing experience at university the faculty and facilities are topnotch", "sentiment": "POSITIVE", "sentiment_score": {"Positive": 0.9932656288146973, "Negative": 0.00032129944884218276, "Neutral": 0.0041029369458556175, "Mixed": 0.0023101065307855606}, "keywords": [["topnotch", "facilities", "faculty", "university", "experience"]], "positive_keywords": [["topnotch", "facilities", "faculty", "university", "experience"]], "negative_keywords": []}]