[{"text": "founded in  the university of melbourne is the second oldest university in australia the university is a part of australias go traditional universities and has consistently been ranked among the top  universities in the world by times or other world university rankings along with anu and usyd the university of melbourne is considered one of australias top universities providing a wide range of quality programs the most popular in medicine business law and artshumanities\n\nhere are the latest rankings for the university of melbourne\n th in the world and st in australia in the qs world university rankings \n th in the world and st in australia in the times higher education world university rankings \n th in the world and st in australia in the times higher education world university rankings \n th in the world and st in australia in the arwu academic ranking of world universities \n th in the world and st in australia in qs world university rankings by subject  for humanities and social sciences th in the world st in australia\n th in the world and st in australia in qs world university rankings by subject  for law\n th in the world and st in australia in qs world university rankings by subject  for life sciences and medicine\n th in the world and nd in australia in qs world university rankings by subject  for psychology\n\nthe university of melbourne is also my exchange school where i had the opportunity to meet amazing teachers and friends it will always be one of my most cherished memories", "sentiment": "NEUTRAL", "sentiment_score": {"Positive": 0.03230168670415878, "Negative": 0.0002334774035261944, "Neutral": 0.9674468636512756, "Mixed": 1.7994198060478084e-05}, "keywords": [["memories", "cherished", "friends", "teachers", "amazing"]], "positive_keywords": [], "negative_keywords": []}, {"text": "great campus almost all the falcuties are located in one huge area in the middle of melbourne strategic location easy access to the campus", "sentiment": "POSITIVE", "sentiment_score": {"Positive": 0.9592646360397339, "Negative": 0.00047476511099375784, "Neutral": 0.03994785621762276, "Mixed": 0.0003126970259472728}, "keywords": [["access", "easy", "location", "strategic", "melbourne"]], "positive_keywords": [["access", "easy", "location", "strategic", "melbourne"]], "negative_keywords": []}, {"text": "such an astounding beautiful university", "sentiment": "POSITIVE", "sentiment_score": {"Positive": 0.9986740350723267, "Negative": 0.0001057132103596814, "Neutral": 0.001144303590990603, "Mixed": 7.591998291900381e-05}, "keywords": [["university", "beautiful", "astounding"]], "positive_keywords": [["university", "beautiful", "astounding"]], "negative_keywords": []}, {"text": "one of the most beautiful campuses in melbourne the carlton campus is the oldest campus of the university of melbourne it has many trees and historical buildings the overall atmosphere here is tranquil and peaceful the residential colleges are magnificent buildings", "sentiment": "POSITIVE", "sentiment_score": {"Positive": 0.9778556227684021, "Negative": 7.861060294089839e-05, "Neutral": 0.02198324166238308, "Mixed": 8.249318489106372e-05}, "keywords": [["magnificent", "colleges", "residential", "peaceful", "tranquil"]], "positive_keywords": [["magnificent", "colleges", "residential", "peaceful", "tranquil"]], "negative_keywords": []}, {"text": "one of the best university in victoria australia great place to study love the classic architecture of the buildings", "sentiment": "POSITIVE", "sentiment_score": {"Positive": 0.9896934628486633, "Negative": 0.00013023536303080618, "Neutral": 0.010041606612503529, "Mixed": 0.00013470179692376405}, "keywords": [["buildings", "architecture", "classic", "love", "study"]], "positive_keywords": [["buildings", "architecture", "classic", "love", "study"]], "negative_keywords": []}, {"text": "not what i expected university could really improve its student services", "sentiment": "NEGATIVE", "sentiment_score": {"Positive": 0.002219774993136525, "Negative": 0.9755644798278809, "Neutral": 0.015244387090206146, "Mixed": 0.006971326656639576}, "keywords": [["services", "student", "improve", "really", "university"]], "positive_keywords": [], "negative_keywords": [["services", "student", "improve", "really", "university"]]}, {"text": "i was disappointed with my experience at university the resources were lacking", "sentiment": "NEGATIVE", "sentiment_score": {"Positive": 0.0002522050344850868, "Negative": 0.999014139175415, "Neutral": 0.0005387758137658238, "Mixed": 0.00019480571791063994}, "keywords": [["lacking", "resources", "university", "experience", "disappointed"]], "positive_keywords": [], "negative_keywords": [["lacking", "resources", "university", "experience", "disappointed"]]}, {"text": "not what i expected university could really improve its student services", "sentiment": "NEGATIVE", "sentiment_score": {"Positive": 0.002219774993136525, "Negative": 0.9755644798278809, "Neutral": 0.015244387090206146, "Mixed": 0.006971326656639576}, "keywords": [["services", "student", "improve", "really", "university"]], "positive_keywords": [], "negative_keywords": [["services", "student", "improve", "really", "university"]]}, {"text": "average experience at university nothing particularly outstanding", "sentiment": "NEGATIVE", "sentiment_score": {"Positive": 0.00849381648004055, "Negative": 0.6501188278198242, "Neutral": 0.04405200108885765, "Mixed": 0.29733535647392273}, "keywords": [["outstanding", "particularly", "university", "experience", "average"]], "positive_keywords": [], "negative_keywords": [["outstanding", "particularly", "university", "experience", "average"]]}, {"text": "not what i expected university could really improve its student services", "sentiment": "NEGATIVE", "sentiment_score": {"Positive": 0.002219774993136525, "Negative": 0.9755644798278809, "Neutral": 0.015244387090206146, "Mixed": 0.006971326656639576}, "keywords": [["services", "student", "improve", "really", "university"]], "positive_keywords": [], "negative_keywords": [["services", "student", "improve", "really", "university"]]}, {"text": "its a good university but i think university has room for improvement", "sentiment": "MIXED", "sentiment_score": {"Positive": 0.09079279005527496, "Negative": 0.0044769770465791225, "Neutral": 0.02031625062227249, "Mixed": 0.8844140768051147}, "keywords": [["improvement", "room", "think", "university", "good"]], "positive_keywords": [], "negative_keywords": []}, {"text": "i had an amazing experience at university the faculty and facilities are topnotch", "sentiment": "POSITIVE", "sentiment_score": {"Positive": 0.9932656288146973, "Negative": 0.00032129944884218276, "Neutral": 0.0041029369458556175, "Mixed": 0.0023101065307855606}, "keywords": [["topnotch", "facilities", "faculty", "university", "experience"]], "positive_keywords": [["topnotch", "facilities", "faculty", "university", "experience"]], "negative_keywords": []}, {"text": "its a good university but i think university has room for improvement", "sentiment": "MIXED", "sentiment_score": {"Positive": 0.09079279005527496, "Negative": 0.0044769770465791225, "Neutral": 0.02031625062227249, "Mixed": 0.8844140768051147}, "keywords": [["improvement", "room", "think", "university", "good"]], "positive_keywords": [], "negative_keywords": []}, {"text": "the best years of my life were spent at university highly recommend it", "sentiment": "POSITIVE", "sentiment_score": {"Positive": 0.9983893632888794, "Negative": 0.00029790453845635056, "Neutral": 0.0012738844379782677, "Mixed": 3.883827230310999e-05}, "keywords": [["recommend", "highly", "university", "spent", "life"]], "positive_keywords": [["recommend", "highly", "university", "spent", "life"]], "negative_keywords": []}, {"text": "my time at university was decent good in some aspects but could be better in others", "sentiment": "MIXED", "sentiment_score": {"Positive": 0.010245845653116703, "Negative": 0.01066859345883131, "Neutral": 0.006733235437422991, "Mixed": 0.9723523259162903}, "keywords": [["better", "aspects", "good", "decent", "university"]], "positive_keywords": [], "negative_keywords": []}]