[{"text": "since my childhooever since i was a child my dream has been to study in china at the moment i needed knowledge in the field of technology and i know that i had to use this country and help it with my experiences if you want a proof just write me on whatsapp ", "sentiment": "NEUTRAL", "sentiment_score": {"Positive": 0.3320167660713196, "Negative": 0.0047845300287008286, "Neutral": 0.6619908809661865, "Mixed": 0.001207815483212471}, "keywords": [["whatsapp", "write", "just", "proof", "want"]], "positive_keywords": [], "negative_keywords": []}, {"text": "one of the top university in china i have too many memories in ustc specially in life sciences one of the best department of ustc", "sentiment": "POSITIVE", "sentiment_score": {"Positive": 0.7731039524078369, "Negative": 0.012716508470475674, "Neutral": 0.13587264716625214, "Mixed": 0.07830692082643509}, "keywords": [["department", "best", "sciences", "life", "specially"]], "positive_keywords": [["department", "best", "sciences", "life", "specially"]], "negative_keywords": []}, {"text": "one of the best stemfocused universities in china although if you are not a tech nerd or  youre gonna have a very hard time here", "sentiment": "MIXED", "sentiment_score": {"Positive": 0.08458193391561508, "Negative": 0.005160278175026178, "Neutral": 0.013073587790131569, "Mixed": 0.8971842527389526}, "keywords": [["time", "hard", "gonna", "youre", "nerd"]], "positive_keywords": [], "negative_keywords": []}, {"text": "one of the top schools in china glad i attended this school", "sentiment": "POSITIVE", "sentiment_score": {"Positive": 0.9142630696296692, "Negative": 0.004292005207389593, "Neutral": 0.07474623620510101, "Mixed": 0.0066987029276788235}, "keywords": [["school", "attended", "glad", "china", "schools"]], "positive_keywords": [["school", "attended", "glad", "china", "schools"]], "negative_keywords": []}, {"text": "ustc is a place where my dream began", "sentiment": "POSITIVE", "sentiment_score": {"Positive": 0.7189915180206299, "Negative": 0.0013096705079078674, "Neutral": 0.2782396376132965, "Mixed": 0.001459156279452145}, "keywords": [["began", "dream", "place", "ustc"]], "positive_keywords": [["began", "dream", "place", "ustc"]], "negative_keywords": []}, {"text": "my time at university was decent good in some aspects but could be better in others", "sentiment": "MIXED", "sentiment_score": {"Positive": 0.010245845653116703, "Negative": 0.01066859345883131, "Neutral": 0.006733235437422991, "Mixed": 0.9723523259162903}, "keywords": [["better", "aspects", "good", "decent", "university"]], "positive_keywords": [], "negative_keywords": []}, {"text": "i had an amazing experience at university the faculty and facilities are topnotch", "sentiment": "POSITIVE", "sentiment_score": {"Positive": 0.9932656288146973, "Negative": 0.00032129944884218276, "Neutral": 0.0041029369458556175, "Mixed": 0.0023101065307855606}, "keywords": [["topnotch", "facilities", "faculty", "university", "experience"]], "positive_keywords": [["topnotch", "facilities", "faculty", "university", "experience"]], "negative_keywords": []}, {"text": "not what i expected university could really improve its student services", "sentiment": "NEGATIVE", "sentiment_score": {"Positive": 0.002219774993136525, "Negative": 0.9755644798278809, "Neutral": 0.015244387090206146, "Mixed": 0.006971326656639576}, "keywords": [["services", "student", "improve", "really", "university"]], "positive_keywords": [], "negative_keywords": [["services", "student", "improve", "really", "university"]]}, {"text": "the best years of my life were spent at university highly recommend it", "sentiment": "POSITIVE", "sentiment_score": {"Positive": 0.9983893632888794, "Negative": 0.00029790453845635056, "Neutral": 0.0012738844379782677, "Mixed": 3.883827230310999e-05}, "keywords": [["recommend", "highly", "university", "spent", "life"]], "positive_keywords": [["recommend", "highly", "university", "spent", "life"]], "negative_keywords": []}, {"text": "its a good university but i think university has room for improvement", "sentiment": "MIXED", "sentiment_score": {"Positive": 0.09079279005527496, "Negative": 0.0044769770465791225, "Neutral": 0.02031625062227249, "Mixed": 0.8844140768051147}, "keywords": [["improvement", "room", "think", "university", "good"]], "positive_keywords": [], "negative_keywords": []}, {"text": "had higher expectations from university the curriculum needs a serious update", "sentiment": "NEGATIVE", "sentiment_score": {"Positive": 0.03928213194012642, "Negative": 0.6937776803970337, "Neutral": 0.23473480343818665, "Mixed": 0.03220541775226593}, "keywords": [["update", "needs", "curriculum", "university", "expectations"]], "positive_keywords": [], "negative_keywords": [["update", "needs", "curriculum", "university", "expectations"]]}, {"text": "had higher expectations from university the curriculum needs a serious update", "sentiment": "NEGATIVE", "sentiment_score": {"Positive": 0.03928213194012642, "Negative": 0.6937776803970337, "Neutral": 0.23473480343818665, "Mixed": 0.03220541775226593}, "keywords": [["update", "needs", "curriculum", "university", "expectations"]], "positive_keywords": [], "negative_keywords": [["update", "needs", "curriculum", "university", "expectations"]]}, {"text": "not what i expected university could really improve its student services", "sentiment": "NEGATIVE", "sentiment_score": {"Positive": 0.002219774993136525, "Negative": 0.9755644798278809, "Neutral": 0.015244387090206146, "Mixed": 0.006971326656639576}, "keywords": [["services", "student", "improve", "really", "university"]], "positive_keywords": [], "negative_keywords": [["services", "student", "improve", "really", "university"]]}, {"text": "had higher expectations from university the curriculum needs a serious update", "sentiment": "NEGATIVE", "sentiment_score": {"Positive": 0.03928213194012642, "Negative": 0.6937776803970337, "Neutral": 0.23473480343818665, "Mixed": 0.03220541775226593}, "keywords": [["update", "needs", "curriculum", "university", "expectations"]], "positive_keywords": [], "negative_keywords": [["update", "needs", "curriculum", "university", "expectations"]]}, {"text": "had higher expectations from university the curriculum needs a serious update", "sentiment": "NEGATIVE", "sentiment_score": {"Positive": 0.03928213194012642, "Negative": 0.6937776803970337, "Neutral": 0.23473480343818665, "Mixed": 0.03220541775226593}, "keywords": [["update", "needs", "curriculum", "university", "expectations"]], "positive_keywords": [], "negative_keywords": [["update", "needs", "curriculum", "university", "expectations"]]}]