[{"text": "its an university in japan and has an urdu department also", "sentiment": "NEUTRAL", "sentiment_score": {"Positive": 0.004346271976828575, "Negative": 0.0007662566495127976, "Neutral": 0.9947070479393005, "Mixed": 0.00018053536769002676}, "keywords": [["department", "urdu", "japan", "university"]], "positive_keywords": [], "negative_keywords": []}, {"text": "the cherry blossom season japans traditional sign of spring has peaked at the earliest date since records began  years ago research shows\n\nthe  season in the city of kyoto peaked on  march according to data collected by osaka university ", "sentiment": "NEUTRAL", "sentiment_score": {"Positive": 0.027361925691366196, "Negative": 0.0030518246348947287, "Neutral": 0.9694370031356812, "Mixed": 0.00014927354641258717}, "keywords": [["university", "osaka", "collected", "data", "according"]], "positive_keywords": [], "negative_keywords": []}, {"text": "trash university no place to study all the restaurants have same or similar menu no place to eat food students eat outside because of no seat", "sentiment": "NEGATIVE", "sentiment_score": {"Positive": 0.0010057043982669711, "Negative": 0.7782677412033081, "Neutral": 0.21652241051197052, "Mixed": 0.0042041148990392685}, "keywords": [["seat", "outside", "students", "food", "eat"]], "positive_keywords": [], "negative_keywords": [["seat", "outside", "students", "food", "eat"]]}, {"text": "osaka universitys physics department is very strong and taching staff are very kind and helpful one of the best and top universities in japan with a friendly atmosphere", "sentiment": "POSITIVE", "sentiment_score": {"Positive": 0.9528979063034058, "Negative": 0.000267478812020272, "Neutral": 0.04661969840526581, "Mixed": 0.0002148471976397559}, "keywords": [["atmosphere", "friendly", "japan", "universities", "best"]], "positive_keywords": [["atmosphere", "friendly", "japan", "universities", "best"]], "negative_keywords": []}, {"text": "good pretty nice in spring but some labs are not that much sophisticated using old instruments lack of space etc", "sentiment": "MIXED", "sentiment_score": {"Positive": 0.006413648836314678, "Negative": 0.0006486271740868688, "Neutral": 0.000699040770996362, "Mixed": 0.9922387003898621}, "keywords": [["space", "lack", "instruments", "old", "using"]], "positive_keywords": [], "negative_keywords": []}, {"text": "had higher expectations from university the curriculum needs a serious update", "sentiment": "NEGATIVE", "sentiment_score": {"Positive": 0.03928213194012642, "Negative": 0.6937776803970337, "Neutral": 0.23473480343818665, "Mixed": 0.03220541775226593}, "keywords": [["update", "needs", "curriculum", "university", "expectations"]], "positive_keywords": [], "negative_keywords": [["update", "needs", "curriculum", "university", "expectations"]]}, {"text": "not what i expected university could really improve its student services", "sentiment": "NEGATIVE", "sentiment_score": {"Positive": 0.002219774993136525, "Negative": 0.9755644798278809, "Neutral": 0.015244387090206146, "Mixed": 0.006971326656639576}, "keywords": [["services", "student", "improve", "really", "university"]], "positive_keywords": [], "negative_keywords": [["services", "student", "improve", "really", "university"]]}, {"text": "not what i expected university could really improve its student services", "sentiment": "NEGATIVE", "sentiment_score": {"Positive": 0.002219774993136525, "Negative": 0.9755644798278809, "Neutral": 0.015244387090206146, "Mixed": 0.006971326656639576}, "keywords": [["services", "student", "improve", "really", "university"]], "positive_keywords": [], "negative_keywords": [["services", "student", "improve", "really", "university"]]}, {"text": "absolutely loved my time here university has an incredible campus and community", "sentiment": "POSITIVE", "sentiment_score": {"Positive": 0.9985748529434204, "Negative": 6.635062891291454e-05, "Neutral": 0.001123400405049324, "Mixed": 0.00023545697331428528}, "keywords": [["community", "campus", "incredible", "university", "time"]], "positive_keywords": [["community", "campus", "incredible", "university", "time"]], "negative_keywords": []}, {"text": "absolutely loved my time here university has an incredible campus and community", "sentiment": "POSITIVE", "sentiment_score": {"Positive": 0.9985748529434204, "Negative": 6.635062891291454e-05, "Neutral": 0.001123400405049324, "Mixed": 0.00023545697331428528}, "keywords": [["community", "campus", "incredible", "university", "time"]], "positive_keywords": [["community", "campus", "incredible", "university", "time"]], "negative_keywords": []}, {"text": "absolutely loved my time here university has an incredible campus and community", "sentiment": "POSITIVE", "sentiment_score": {"Positive": 0.9985748529434204, "Negative": 6.635062891291454e-05, "Neutral": 0.001123400405049324, "Mixed": 0.00023545697331428528}, "keywords": [["community", "campus", "incredible", "university", "time"]], "positive_keywords": [["community", "campus", "incredible", "university", "time"]], "negative_keywords": []}, {"text": "not what i expected university could really improve its student services", "sentiment": "NEGATIVE", "sentiment_score": {"Positive": 0.002219774993136525, "Negative": 0.9755644798278809, "Neutral": 0.015244387090206146, "Mixed": 0.006971326656639576}, "keywords": [["services", "student", "improve", "really", "university"]], "positive_keywords": [], "negative_keywords": [["services", "student", "improve", "really", "university"]]}, {"text": "its a good university but i think university has room for improvement", "sentiment": "MIXED", "sentiment_score": {"Positive": 0.09079279005527496, "Negative": 0.0044769770465791225, "Neutral": 0.02031625062227249, "Mixed": 0.8844140768051147}, "keywords": [["improvement", "room", "think", "university", "good"]], "positive_keywords": [], "negative_keywords": []}, {"text": "i had an amazing experience at university the faculty and facilities are topnotch", "sentiment": "POSITIVE", "sentiment_score": {"Positive": 0.9932656288146973, "Negative": 0.00032129944884218276, "Neutral": 0.0041029369458556175, "Mixed": 0.0023101065307855606}, "keywords": [["topnotch", "facilities", "faculty", "university", "experience"]], "positive_keywords": [["topnotch", "facilities", "faculty", "university", "experience"]], "negative_keywords": []}, {"text": "not what i expected university could really improve its student services", "sentiment": "NEGATIVE", "sentiment_score": {"Positive": 0.002219774993136525, "Negative": 0.9755644798278809, "Neutral": 0.015244387090206146, "Mixed": 0.006971326656639576}, "keywords": [["services", "student", "improve", "really", "university"]], "positive_keywords": [], "negative_keywords": [["services", "student", "improve", "really", "university"]]}]