[{"text": "main building of the university with lecture halls and administration it is publicly accessible even during summer and has a nice terrace with tables and umbrellas unfortunately the coffee machines dont take coins or credit card only the university card", "sentiment": "MIXED", "sentiment_score": {"Positive": 0.06172674521803856, "Negative": 0.07417818903923035, "Neutral": 0.03097948431968689, "Mixed": 0.8331156373023987}, "keywords": [["card", "credit", "coins", "dont", "machines"]], "positive_keywords": [], "negative_keywords": []}, {"text": "one of the main building of the university of basel the nice murals and wall paintings is worth stopping by for a bit", "sentiment": "POSITIVE", "sentiment_score": {"Positive": 0.7808783650398254, "Negative": 0.03005022369325161, "Neutral": 0.14942745864391327, "Mixed": 0.03964395448565483}, "keywords": [["bit", "stopping", "worth", "paintings", "wall"]], "positive_keywords": [["bit", "stopping", "worth", "paintings", "wall"]], "negative_keywords": []}, {"text": "great campus great audio and presentation equipment for paralel sessions of  ihea seating is also ok with these old fashioned wood seats but clean and neat great job for organizing committee and campus management", "sentiment": "POSITIVE", "sentiment_score": {"Positive": 0.9069122076034546, "Negative": 0.00039022008422762156, "Neutral": 0.00507785938680172, "Mixed": 0.08761970698833466}, "keywords": [["management", "committee", "organizing", "job", "neat"]], "positive_keywords": [["management", "committee", "organizing", "job", "neat"]], "negative_keywords": []}, {"text": "no sense of true marketing or rather we see what the swiss understand by marketing the motto of the day dont ask questions go to the website so sadly the promote the website not unibas", "sentiment": "NEGATIVE", "sentiment_score": {"Positive": 0.00022840873862151057, "Negative": 0.9921751618385315, "Neutral": 0.007486856076866388, "Mixed": 0.00010959400242427364}, "keywords": [["unibas", "promote", "sadly", "website", "questions"]], "positive_keywords": [], "negative_keywords": [["unibas", "promote", "sadly", "website", "questions"]]}, {"text": "the purpose of an open door day or info tag is typically a chance to approach and meet those representing a university and exchange information in regards to the study programs and academic curricula they have to offer unfortunately at the info tag at unibas it was just about sending the interested parties back to the web site in an endless and senseless circle very artificial intelligence driven kuddos there maybe they should use robots next time would be definitely warmer than what they organized this year such a waste of time mine and money theirs", "sentiment": "NEGATIVE", "sentiment_score": {"Positive": 0.0012638489715754986, "Negative": 0.9441490173339844, "Neutral": 0.05267331004142761, "Mixed": 0.0019138125935569406}, "keywords": [["theirs", "money", "waste", "year", "organized"]], "positive_keywords": [], "negative_keywords": [["theirs", "money", "waste", "year", "organized"]]}, {"text": "my time at university was decent good in some aspects but could be better in others", "sentiment": "MIXED", "sentiment_score": {"Positive": 0.010245845653116703, "Negative": 0.01066859345883131, "Neutral": 0.006733235437422991, "Mixed": 0.9723523259162903}, "keywords": [["better", "aspects", "good", "decent", "university"]], "positive_keywords": [], "negative_keywords": []}, {"text": "not what i expected university could really improve its student services", "sentiment": "NEGATIVE", "sentiment_score": {"Positive": 0.002219774993136525, "Negative": 0.9755644798278809, "Neutral": 0.015244387090206146, "Mixed": 0.006971326656639576}, "keywords": [["services", "student", "improve", "really", "university"]], "positive_keywords": [], "negative_keywords": [["services", "student", "improve", "really", "university"]]}, {"text": "absolutely loved my time here university has an incredible campus and community", "sentiment": "POSITIVE", "sentiment_score": {"Positive": 0.9985748529434204, "Negative": 6.635062891291454e-05, "Neutral": 0.001123400405049324, "Mixed": 0.00023545697331428528}, "keywords": [["community", "campus", "incredible", "university", "time"]], "positive_keywords": [["community", "campus", "incredible", "university", "time"]], "negative_keywords": []}, {"text": "average experience at university nothing particularly outstanding", "sentiment": "NEGATIVE", "sentiment_score": {"Positive": 0.00849381648004055, "Negative": 0.6501188278198242, "Neutral": 0.04405200108885765, "Mixed": 0.29733535647392273}, "keywords": [["outstanding", "particularly", "university", "experience", "average"]], "positive_keywords": [], "negative_keywords": [["outstanding", "particularly", "university", "experience", "average"]]}, {"text": "its a good university but i think university has room for improvement", "sentiment": "MIXED", "sentiment_score": {"Positive": 0.09079279005527496, "Negative": 0.0044769770465791225, "Neutral": 0.02031625062227249, "Mixed": 0.8844140768051147}, "keywords": [["improvement", "room", "think", "university", "good"]], "positive_keywords": [], "negative_keywords": []}, {"text": "i was disappointed with my experience at university the resources were lacking", "sentiment": "NEGATIVE", "sentiment_score": {"Positive": 0.0002522050344850868, "Negative": 0.999014139175415, "Neutral": 0.0005387758137658238, "Mixed": 0.00019480571791063994}, "keywords": [["lacking", "resources", "university", "experience", "disappointed"]], "positive_keywords": [], "negative_keywords": [["lacking", "resources", "university", "experience", "disappointed"]]}, {"text": "the best years of my life were spent at university highly recommend it", "sentiment": "POSITIVE", "sentiment_score": {"Positive": 0.9983893632888794, "Negative": 0.00029790453845635056, "Neutral": 0.0012738844379782677, "Mixed": 3.883827230310999e-05}, "keywords": [["recommend", "highly", "university", "spent", "life"]], "positive_keywords": [["recommend", "highly", "university", "spent", "life"]], "negative_keywords": []}, {"text": "average experience at university nothing particularly outstanding", "sentiment": "NEGATIVE", "sentiment_score": {"Positive": 0.00849381648004055, "Negative": 0.6501188278198242, "Neutral": 0.04405200108885765, "Mixed": 0.29733535647392273}, "keywords": [["outstanding", "particularly", "university", "experience", "average"]], "positive_keywords": [], "negative_keywords": [["outstanding", "particularly", "university", "experience", "average"]]}, {"text": "not what i expected university could really improve its student services", "sentiment": "NEGATIVE", "sentiment_score": {"Positive": 0.002219774993136525, "Negative": 0.9755644798278809, "Neutral": 0.015244387090206146, "Mixed": 0.006971326656639576}, "keywords": [["services", "student", "improve", "really", "university"]], "positive_keywords": [], "negative_keywords": [["services", "student", "improve", "really", "university"]]}, {"text": "my time at university was decent good in some aspects but could be better in others", "sentiment": "MIXED", "sentiment_score": {"Positive": 0.010245845653116703, "Negative": 0.01066859345883131, "Neutral": 0.006733235437422991, "Mixed": 0.9723523259162903}, "keywords": [["better", "aspects", "good", "decent", "university"]], "positive_keywords": [], "negative_keywords": []}]