[{"text": "the campus of the university of chicago boasts architectural beauty and grandeur each building carries a distinct style and the institutions prides itself with rich history and commitment to academic excellence the main quad is a certified botanic garden nature and learning intertwine seamlessly providing an enriching environment for both the mind and soul with the fall semester just kicking off there was palpable excitement in the air especially among the freshmen eager to embark on their academic journey sharing these photos with you all hoping to give a glimpse of this magnificent place", "sentiment": "POSITIVE", "sentiment_score": {"Positive": 0.8447406888008118, "Negative": 0.0002756863832473755, "Neutral": 0.15485472977161407, "Mixed": 0.00012884171155747026}, "keywords": [["place", "magnificent", "glimpse", "hoping", "photos"]], "positive_keywords": [["place", "magnificent", "glimpse", "hoping", "photos"]], "negative_keywords": []}, {"text": "such a green peaceful and beautiful campus love the brick buildings and the boston ivy wrapping around on the outside especially the way they ripple when a breeze passes through we didnt have time to go inside the free museum there will come back to the city and visit the campus again", "sentiment": "POSITIVE", "sentiment_score": {"Positive": 0.9751742482185364, "Negative": 0.00019506430544424802, "Neutral": 0.02455185540020466, "Mixed": 7.884557999204844e-05}, "keywords": [["visit", "city", "come", "museum", "free"]], "positive_keywords": [["visit", "city", "come", "museum", "free"]], "negative_keywords": []}, {"text": "it was very good experience to visit the neighbors of the university recommended to the visitors of chicago the fusion of architecture plenty of green spaces coffee shops and restaurants\nworth to pay a visit even if you are not going to became a student this neighbor resemble the noting hill of london", "sentiment": "POSITIVE", "sentiment_score": {"Positive": 0.9628802537918091, "Negative": 0.00037195126060396433, "Neutral": 0.03669280931353569, "Mixed": 5.501845225808211e-05}, "keywords": [["london", "hill", "noting", "resemble", "neighbor"]], "positive_keywords": [["london", "hill", "noting", "resemble", "neighbor"]], "negative_keywords": []}, {"text": "i honestly was expecting a fairly modern university with boring architecturei was wrong the university of chicago has great buildings that resemble that of medieval castles there are plenty of rich librarys full of knowledge on campus and the curators were kind the campus is a perfect mix between old and new it is the perfect distance from chicago not too far but not too close even as a visitor i enjoyed roaming around the campus in the dead of winter kind students and kind staff i would definitely recommend visiting", "sentiment": "POSITIVE", "sentiment_score": {"Positive": 0.9798250794410706, "Negative": 0.0015456138644367456, "Neutral": 0.01260150782763958, "Mixed": 0.006027713418006897}, "keywords": [["visiting", "recommend", "definitely", "staff", "students"]], "positive_keywords": [["visiting", "recommend", "definitely", "staff", "students"]], "negative_keywords": []}, {"text": "this is the most beautiful campus ive ever seen the gothic architecture and the green landscape create a breathtaking experience we were there for the open house in april and everything was nicely planned out as well as enticing i would totally recommend checking this campus out if youre in town", "sentiment": "POSITIVE", "sentiment_score": {"Positive": 0.9982965588569641, "Negative": 6.555934669449925e-05, "Neutral": 0.0015674695605412126, "Mixed": 7.043150253593922e-05}, "keywords": [["town", "youre", "checking", "recommend", "totally"]], "positive_keywords": [["town", "youre", "checking", "recommend", "totally"]], "negative_keywords": []}, {"text": "my time at university was decent good in some aspects but could be better in others", "sentiment": "MIXED", "sentiment_score": {"Positive": 0.010245845653116703, "Negative": 0.01066859345883131, "Neutral": 0.006733235437422991, "Mixed": 0.9723523259162903}, "keywords": [["better", "aspects", "good", "decent", "university"]], "positive_keywords": [], "negative_keywords": []}, {"text": "i was disappointed with my experience at university the resources were lacking", "sentiment": "NEGATIVE", "sentiment_score": {"Positive": 0.0002522050344850868, "Negative": 0.999014139175415, "Neutral": 0.0005387758137658238, "Mixed": 0.00019480571791063994}, "keywords": [["lacking", "resources", "university", "experience", "disappointed"]], "positive_keywords": [], "negative_keywords": [["lacking", "resources", "university", "experience", "disappointed"]]}, {"text": "not what i expected university could really improve its student services", "sentiment": "NEGATIVE", "sentiment_score": {"Positive": 0.002219774993136525, "Negative": 0.9755644798278809, "Neutral": 0.015244387090206146, "Mixed": 0.006971326656639576}, "keywords": [["services", "student", "improve", "really", "university"]], "positive_keywords": [], "negative_keywords": [["services", "student", "improve", "really", "university"]]}, {"text": "i was disappointed with my experience at university the resources were lacking", "sentiment": "NEGATIVE", "sentiment_score": {"Positive": 0.0002522050344850868, "Negative": 0.999014139175415, "Neutral": 0.0005387758137658238, "Mixed": 0.00019480571791063994}, "keywords": [["lacking", "resources", "university", "experience", "disappointed"]], "positive_keywords": [], "negative_keywords": [["lacking", "resources", "university", "experience", "disappointed"]]}, {"text": "its a good university but i think university has room for improvement", "sentiment": "MIXED", "sentiment_score": {"Positive": 0.09079279005527496, "Negative": 0.0044769770465791225, "Neutral": 0.02031625062227249, "Mixed": 0.8844140768051147}, "keywords": [["improvement", "room", "think", "university", "good"]], "positive_keywords": [], "negative_keywords": []}, {"text": "i had an amazing experience at university the faculty and facilities are topnotch", "sentiment": "POSITIVE", "sentiment_score": {"Positive": 0.9932656288146973, "Negative": 0.00032129944884218276, "Neutral": 0.0041029369458556175, "Mixed": 0.0023101065307855606}, "keywords": [["topnotch", "facilities", "faculty", "university", "experience"]], "positive_keywords": [["topnotch", "facilities", "faculty", "university", "experience"]], "negative_keywords": []}, {"text": "average experience at university nothing particularly outstanding", "sentiment": "NEGATIVE", "sentiment_score": {"Positive": 0.00849381648004055, "Negative": 0.6501188278198242, "Neutral": 0.04405200108885765, "Mixed": 0.29733535647392273}, "keywords": [["outstanding", "particularly", "university", "experience", "average"]], "positive_keywords": [], "negative_keywords": [["outstanding", "particularly", "university", "experience", "average"]]}, {"text": "i was disappointed with my experience at university the resources were lacking", "sentiment": "NEGATIVE", "sentiment_score": {"Positive": 0.0002522050344850868, "Negative": 0.999014139175415, "Neutral": 0.0005387758137658238, "Mixed": 0.00019480571791063994}, "keywords": [["lacking", "resources", "university", "experience", "disappointed"]], "positive_keywords": [], "negative_keywords": [["lacking", "resources", "university", "experience", "disappointed"]]}, {"text": "average experience at university nothing particularly outstanding", "sentiment": "NEGATIVE", "sentiment_score": {"Positive": 0.00849381648004055, "Negative": 0.6501188278198242, "Neutral": 0.04405200108885765, "Mixed": 0.29733535647392273}, "keywords": [["outstanding", "particularly", "university", "experience", "average"]], "positive_keywords": [], "negative_keywords": [["outstanding", "particularly", "university", "experience", "average"]]}, {"text": "my time at university was decent good in some aspects but could be better in others", "sentiment": "MIXED", "sentiment_score": {"Positive": 0.010245845653116703, "Negative": 0.01066859345883131, "Neutral": 0.006733235437422991, "Mixed": 0.9723523259162903}, "keywords": [["better", "aspects", "good", "decent", "university"]], "positive_keywords": [], "negative_keywords": []}]