[{"text": "visiting brown university was a wonderful and peaceful experience beautiful architecture buildings and lots of green lawns its less crowded than harvard we enjoy walking around the campus and also visited the cafeteria", "sentiment": "POSITIVE", "sentiment_score": {"Positive": 0.9828432202339172, "Negative": 0.00022132367303129286, "Neutral": 0.0168168768286705, "Mixed": 0.00011856322817038745}, "keywords": [["cafeteria", "visited", "campus", "walking", "enjoy"]], "positive_keywords": [["cafeteria", "visited", "campus", "walking", "enjoy"]], "negative_keywords": []}, {"text": "brown university has a beautiful place to visit great gardens and amazing architecture there were graduations when i visited", "sentiment": "POSITIVE", "sentiment_score": {"Positive": 0.9747500419616699, "Negative": 0.00037722403067164123, "Neutral": 0.023840326815843582, "Mixed": 0.0010324707254767418}, "keywords": [["visited", "graduations", "architecture", "amazing", "gardens"]], "positive_keywords": [["visited", "graduations", "architecture", "amazing", "gardens"]], "negative_keywords": []}, {"text": "we walked through the grounds here and it was lovely really enjoyed just exploring and seeing the beautiful buildings learning about the history", "sentiment": "POSITIVE", "sentiment_score": {"Positive": 0.9984853863716125, "Negative": 6.284948176471516e-05, "Neutral": 0.0013926251558586955, "Mixed": 5.9190235333517194e-05}, "keywords": [["history", "learning", "buildings", "beautiful", "seeing"]], "positive_keywords": [["history", "learning", "buildings", "beautiful", "seeing"]], "negative_keywords": []}, {"text": "went for a visit at brown university for a campus tour at noon it was a spectacular day our guide was a lovely young lady who was a second year student extremely knowledgeable and filled with pride she answered many questions during the  hour campus tour\n\nthings to know there is metered street parking some with  hr limits funny thing is there are some unmetered spots because the meters dont match the parking spaces its confusing ", "sentiment": "MIXED", "sentiment_score": {"Positive": 0.26535722613334656, "Negative": 0.037793513387441635, "Neutral": 0.017863798886537552, "Mixed": 0.6789855360984802}, "keywords": [["confusing", "spaces", "match", "dont", "meters"]], "positive_keywords": [], "negative_keywords": []}, {"text": "i visited here with my college classmate who just graduated from brown university it was a small but really welldesigned university i wished my college classmate a bright future and hoped to see him again back in china", "sentiment": "POSITIVE", "sentiment_score": {"Positive": 0.9156068563461304, "Negative": 0.0012052112724632025, "Neutral": 0.08290766924619675, "Mixed": 0.0002801914233714342}, "keywords": [["china", "hoped", "future", "bright", "wished"]], "positive_keywords": [["china", "hoped", "future", "bright", "wished"]], "negative_keywords": []}, {"text": "the best years of my life were spent at university highly recommend it", "sentiment": "POSITIVE", "sentiment_score": {"Positive": 0.9983893632888794, "Negative": 0.00029790453845635056, "Neutral": 0.0012738844379782677, "Mixed": 3.883827230310999e-05}, "keywords": [["recommend", "highly", "university", "spent", "life"]], "positive_keywords": [["recommend", "highly", "university", "spent", "life"]], "negative_keywords": []}, {"text": "had higher expectations from university the curriculum needs a serious update", "sentiment": "NEGATIVE", "sentiment_score": {"Positive": 0.03928213194012642, "Negative": 0.6937776803970337, "Neutral": 0.23473480343818665, "Mixed": 0.03220541775226593}, "keywords": [["update", "needs", "curriculum", "university", "expectations"]], "positive_keywords": [], "negative_keywords": [["update", "needs", "curriculum", "university", "expectations"]]}, {"text": "absolutely loved my time here university has an incredible campus and community", "sentiment": "POSITIVE", "sentiment_score": {"Positive": 0.9985748529434204, "Negative": 6.635062891291454e-05, "Neutral": 0.001123400405049324, "Mixed": 0.00023545697331428528}, "keywords": [["community", "campus", "incredible", "university", "time"]], "positive_keywords": [["community", "campus", "incredible", "university", "time"]], "negative_keywords": []}, {"text": "had higher expectations from university the curriculum needs a serious update", "sentiment": "NEGATIVE", "sentiment_score": {"Positive": 0.03928213194012642, "Negative": 0.6937776803970337, "Neutral": 0.23473480343818665, "Mixed": 0.03220541775226593}, "keywords": [["update", "needs", "curriculum", "university", "expectations"]], "positive_keywords": [], "negative_keywords": [["update", "needs", "curriculum", "university", "expectations"]]}, {"text": "not what i expected university could really improve its student services", "sentiment": "NEGATIVE", "sentiment_score": {"Positive": 0.002219774993136525, "Negative": 0.9755644798278809, "Neutral": 0.015244387090206146, "Mixed": 0.006971326656639576}, "keywords": [["services", "student", "improve", "really", "university"]], "positive_keywords": [], "negative_keywords": [["services", "student", "improve", "really", "university"]]}, {"text": "its a good university but i think university has room for improvement", "sentiment": "MIXED", "sentiment_score": {"Positive": 0.09079279005527496, "Negative": 0.0044769770465791225, "Neutral": 0.02031625062227249, "Mixed": 0.8844140768051147}, "keywords": [["improvement", "room", "think", "university", "good"]], "positive_keywords": [], "negative_keywords": []}, {"text": "not what i expected university could really improve its student services", "sentiment": "NEGATIVE", "sentiment_score": {"Positive": 0.002219774993136525, "Negative": 0.9755644798278809, "Neutral": 0.015244387090206146, "Mixed": 0.006971326656639576}, "keywords": [["services", "student", "improve", "really", "university"]], "positive_keywords": [], "negative_keywords": [["services", "student", "improve", "really", "university"]]}, {"text": "not what i expected university could really improve its student services", "sentiment": "NEGATIVE", "sentiment_score": {"Positive": 0.002219774993136525, "Negative": 0.9755644798278809, "Neutral": 0.015244387090206146, "Mixed": 0.006971326656639576}, "keywords": [["services", "student", "improve", "really", "university"]], "positive_keywords": [], "negative_keywords": [["services", "student", "improve", "really", "university"]]}, {"text": "its a good university but i think university has room for improvement", "sentiment": "MIXED", "sentiment_score": {"Positive": 0.09079279005527496, "Negative": 0.0044769770465791225, "Neutral": 0.02031625062227249, "Mixed": 0.8844140768051147}, "keywords": [["improvement", "room", "think", "university", "good"]], "positive_keywords": [], "negative_keywords": []}, {"text": "the best years of my life were spent at university highly recommend it", "sentiment": "POSITIVE", "sentiment_score": {"Positive": 0.9983893632888794, "Negative": 0.00029790453845635056, "Neutral": 0.0012738844379782677, "Mixed": 3.883827230310999e-05}, "keywords": [["recommend", "highly", "university", "spent", "life"]], "positive_keywords": [["recommend", "highly", "university", "spent", "life"]], "negative_keywords": []}]