[{"text": "i liked it a lot more than i expected it has this interesting vibe of a very old university the architecture is massive and pretty eclectic but there is some unexplained charm in walking through its wide alleys located close to the center finding street parking wasnt too difficult\n\nof course this is also the legendary ivy league school where trump noam chomsky and elon musk studied this school produced a great amount of super successful people and any motivated student would be very lucky to go here", "sentiment": "POSITIVE", "sentiment_score": {"Positive": 0.9591483473777771, "Negative": 0.0004222913703415543, "Neutral": 0.001185925561003387, "Mixed": 0.03924340754747391}, "keywords": [["lucky", "student", "motivated", "people", "successful"]], "positive_keywords": [["lucky", "student", "motivated", "people", "successful"]], "negative_keywords": []}, {"text": "needs less red buildings maybe add a skyscraper or two the reading room in one of the libraries i forgor is the most beautiful room i have seen in my life i need to read brecht in there or something", "sentiment": "POSITIVE", "sentiment_score": {"Positive": 0.8341588973999023, "Negative": 0.01858529821038246, "Neutral": 0.09386062622070312, "Mixed": 0.05339517816901207}, "keywords": [["brecht", "read", "need", "life", "seen"]], "positive_keywords": [["brecht", "read", "need", "life", "seen"]], "negative_keywords": []}, {"text": "the university is well located not far away from city center so we decided to pay a visit while we were in philadelphia it took us around  minutes to walk from city hall to the university the weather was nice we could see a lot along the way we absolutely loved the campus the architecture the vibe and everything its impossible to walk around the  acres campus with little time on hand but we were happy that we could stroll as much as we could", "sentiment": "POSITIVE", "sentiment_score": {"Positive": 0.9938305020332336, "Negative": 0.000145883415825665, "Neutral": 0.004774327389895916, "Mixed": 0.001249319757334888}, "keywords": [["stroll", "happy", "hand", "time", "little"]], "positive_keywords": [["stroll", "happy", "hand", "time", "little"]], "negative_keywords": []}, {"text": "the university of pennsylvania penn or upenn is a private ivy league research university located in the university city section of west philadelphia it has been ranked as among the top universities in the us and the world by numerous major education publications university of pennsylvania considers itself the fourtholdest institution of higher education in the united states though this is contest by princeton and columbia universities", "sentiment": "NEUTRAL", "sentiment_score": {"Positive": 0.0033566304482519627, "Negative": 0.00010603267583064735, "Neutral": 0.9965315461158752, "Mixed": 5.8119153436564375e-06}, "keywords": [["columbia", "princeton", "contest", "states", "united"]], "positive_keywords": [], "negative_keywords": []}, {"text": "the university of pennsylvanias campus is a vibrant blend of historic charm and modern innovation nestled in the heart of philadelphia upenns sprawling grounds are adorned with elegant redbrick buildings that exude a sense of academic tradition the lush green spaces such as the iconic college green and locust walk create an inviting atmosphere for students to engage in both intellectual pursuits and social interactions the campus is dotted with cuttingedge facilities and stateoftheart research centers fostering an environment where innovation and collaboration thrive with its rich history architectural beauty and forwardthinking spirit upenns campus offers a dynamic setting for students to embark on a transformative educational journey", "sentiment": "NEUTRAL", "sentiment_score": {"Positive": 0.4911995232105255, "Negative": 0.000173915657796897, "Neutral": 0.5083060264587402, "Mixed": 0.0003205675748176873}, "keywords": [["journey", "educational", "transformative", "embark", "setting"]], "positive_keywords": [], "negative_keywords": []}, {"text": "i was disappointed with my experience at university the resources were lacking", "sentiment": "NEGATIVE", "sentiment_score": {"Positive": 0.0002522050344850868, "Negative": 0.999014139175415, "Neutral": 0.0005387758137658238, "Mixed": 0.00019480571791063994}, "keywords": [["lacking", "resources", "university", "experience", "disappointed"]], "positive_keywords": [], "negative_keywords": [["lacking", "resources", "university", "experience", "disappointed"]]}, {"text": "the best years of my life were spent at university highly recommend it", "sentiment": "POSITIVE", "sentiment_score": {"Positive": 0.9983893632888794, "Negative": 0.00029790453845635056, "Neutral": 0.0012738844379782677, "Mixed": 3.883827230310999e-05}, "keywords": [["recommend", "highly", "university", "spent", "life"]], "positive_keywords": [["recommend", "highly", "university", "spent", "life"]], "negative_keywords": []}, {"text": "absolutely loved my time here university has an incredible campus and community", "sentiment": "POSITIVE", "sentiment_score": {"Positive": 0.9985748529434204, "Negative": 6.635062891291454e-05, "Neutral": 0.001123400405049324, "Mixed": 0.00023545697331428528}, "keywords": [["community", "campus", "incredible", "university", "time"]], "positive_keywords": [["community", "campus", "incredible", "university", "time"]], "negative_keywords": []}, {"text": "i had an amazing experience at university the faculty and facilities are topnotch", "sentiment": "POSITIVE", "sentiment_score": {"Positive": 0.9932656288146973, "Negative": 0.00032129944884218276, "Neutral": 0.0041029369458556175, "Mixed": 0.0023101065307855606}, "keywords": [["topnotch", "facilities", "faculty", "university", "experience"]], "positive_keywords": [["topnotch", "facilities", "faculty", "university", "experience"]], "negative_keywords": []}, {"text": "my time at university was decent good in some aspects but could be better in others", "sentiment": "MIXED", "sentiment_score": {"Positive": 0.010245845653116703, "Negative": 0.01066859345883131, "Neutral": 0.006733235437422991, "Mixed": 0.9723523259162903}, "keywords": [["better", "aspects", "good", "decent", "university"]], "positive_keywords": [], "negative_keywords": []}, {"text": "i had an amazing experience at university the faculty and facilities are topnotch", "sentiment": "POSITIVE", "sentiment_score": {"Positive": 0.9932656288146973, "Negative": 0.00032129944884218276, "Neutral": 0.0041029369458556175, "Mixed": 0.0023101065307855606}, "keywords": [["topnotch", "facilities", "faculty", "university", "experience"]], "positive_keywords": [["topnotch", "facilities", "faculty", "university", "experience"]], "negative_keywords": []}, {"text": "not what i expected university could really improve its student services", "sentiment": "NEGATIVE", "sentiment_score": {"Positive": 0.002219774993136525, "Negative": 0.9755644798278809, "Neutral": 0.015244387090206146, "Mixed": 0.006971326656639576}, "keywords": [["services", "student", "improve", "really", "university"]], "positive_keywords": [], "negative_keywords": [["services", "student", "improve", "really", "university"]]}, {"text": "its a good university but i think university has room for improvement", "sentiment": "MIXED", "sentiment_score": {"Positive": 0.09079279005527496, "Negative": 0.0044769770465791225, "Neutral": 0.02031625062227249, "Mixed": 0.8844140768051147}, "keywords": [["improvement", "room", "think", "university", "good"]], "positive_keywords": [], "negative_keywords": []}, {"text": "my time at university was decent good in some aspects but could be better in others", "sentiment": "MIXED", "sentiment_score": {"Positive": 0.010245845653116703, "Negative": 0.01066859345883131, "Neutral": 0.006733235437422991, "Mixed": 0.9723523259162903}, "keywords": [["better", "aspects", "good", "decent", "university"]], "positive_keywords": [], "negative_keywords": []}, {"text": "i was disappointed with my experience at university the resources were lacking", "sentiment": "NEGATIVE", "sentiment_score": {"Positive": 0.0002522050344850868, "Negative": 0.999014139175415, "Neutral": 0.0005387758137658238, "Mixed": 0.00019480571791063994}, "keywords": [["lacking", "resources", "university", "experience", "disappointed"]], "positive_keywords": [], "negative_keywords": [["lacking", "resources", "university", "experience", "disappointed"]]}]