[{"text": "harvard is one of the most prestigious universities in the world and every one wishes to visit it once in a life time i had this chance to go there and walk around this beautiful institute the good thing is that it is open for all and everyone could go around and visit i saw many tourists there enjoying walking and taking photos the good thing which i liked was that seeing people doing yoga in the open space and in nature i liked that and participated with them in yoga a must visit place if you are in boston or around", "sentiment": "POSITIVE", "sentiment_score": {"Positive": 0.9900720119476318, "Negative": 0.0001475976750953123, "Neutral": 0.009647924453020096, "Mixed": 0.00013242600834928453}, "keywords": [["boston", "place", "participated", "nature", "space"]], "positive_keywords": [["boston", "place", "participated", "nature", "space"]], "negative_keywords": []}, {"text": "i didnt possess the talent to study there but i visited the campus and it was an amazing experience the atmosphere was serene calm and clean i spent a considerable amount of time there enjoying the surroundings observing the students engaged in various activities gave me a different kind of feeling", "sentiment": "POSITIVE", "sentiment_score": {"Positive": 0.9954177141189575, "Negative": 0.0001482107472838834, "Neutral": 0.0017729760147631168, "Mixed": 0.002661058446392417}, "keywords": [["feeling", "kind", "different", "gave", "activities"]], "positive_keywords": [["feeling", "kind", "different", "gave", "activities"]], "negative_keywords": []}, {"text": "the history of harvard university dates back to year  when it was founded as newtowne colledge with enrolment of  students to teach puritan clegymen in recognition of rev john harvards generous donation of land money and books for the collegeit was named as harvard college in  had  blocks of wooden structure with courtyard at the centre it was later upgraded to harvard university and now is the oldest higher educational institution of usa its main campus is spread over  acres and  buildingsmassachusetts hall  built in  is the only old surviving building while others were destroyed in great fire of harvard college in apart from harvard college for undergraduate students the university has  schools and radcliffe institute for advanced studies has full time student strength around  teaching faculty around  and alumni  overall admission acceptance rate  has very high cost of tuition  residence approx us   however can come down to as low as   for around   admitted students thanks to the govt financial grants and the harvard endowment fund  over us   billion on qs ranking th overall world wide and st in medical related business disciplinesthe name and crimson seal of harvard university is considered on high roi count for studies here free tours for visitors are lively and well conducted by students but do not cover whole campus prices of souveniers at university gift shop are high needs to be substantially subsidisedbeing free advertising for harvard university must visit harvard while at cambridge or boston youll enjoy", "sentiment": "NEUTRAL", "sentiment_score": {"Positive": 0.0040603443048894405, "Negative": 0.001631049788556993, "Neutral": 0.9942828416824341, "Mixed": 2.583863533800468e-05}, "keywords": [["enjoy", "youll", "boston", "cambridge", "visit"]], "positive_keywords": [], "negative_keywords": []}, {"text": "what am i expecting in for tourist review i couldnt believe the most famous ivy league university has such a less review on yelp maybe because ppl look for restaurant or entertainment only on here instead of search engine the university gate is open so everyone can go in all buildings are beautiful there even have tour to go to the campus and explain what kind of building and space", "sentiment": "MIXED", "sentiment_score": {"Positive": 0.22455443441867828, "Negative": 0.1380176991224289, "Neutral": 0.15071532130241394, "Mixed": 0.4867125153541565}, "keywords": [["space", "building", "kind", "explain", "campus"]], "positive_keywords": [], "negative_keywords": []}, {"text": "visiting harvard university was an aweinspiring journey through academic excellence and historical significance stepping onto its hallowed grounds i was immediately captivated by the blend of tradition and innovation the campus exudes an air of intellectual vitality with students bustling about passionately engaging in their pursuits\n\nexploring the iconic harvard yard i marveled at the centuriesold buildings steeped in history each brick seemingly holding untold stories the renowned widener library stood tall a bastion of knowledge housing an unparalleled collection of books and manuscripts\n\nattending a lecture at harvard was a transformative experience the professors expertise and dedication to their disciplines were palpable igniting a profound curiosity within me engaging in lively discussions with my peers i felt a sense of camaraderie and a shared thirst for learning\n\nbeyond academia the vibrant campus life offered a myriad of opportunities for personal growth from cultural clubs to sports teams there was something for everyone fostering a diverse and inclusive community\n\nleaving harvard i carried with me not only cherished memories but also a renewed drive to pursue my dreams the journey to this prestigious institution reaffirmed that knowledge passion and determination are the cornerstones of success and i am inspired to embrace these values in my own path ahead harvard university truly embodies the spirit of higher education and i am grateful to have been part of this remarkable experience", "sentiment": "POSITIVE", "sentiment_score": {"Positive": 0.9096013903617859, "Negative": 0.000763690157327801, "Neutral": 0.08924918621778488, "Mixed": 0.0003857239498756826}, "keywords": [["remarkable", "grateful", "education", "higher", "spirit"]], "positive_keywords": [["remarkable", "grateful", "education", "higher", "spirit"]], "negative_keywords": []}, {"text": "i was disappointed with my experience at university the resources were lacking", "sentiment": "NEGATIVE", "sentiment_score": {"Positive": 0.0002522050344850868, "Negative": 0.999014139175415, "Neutral": 0.0005387758137658238, "Mixed": 0.00019480571791063994}, "keywords": [["lacking", "resources", "university", "experience", "disappointed"]], "positive_keywords": [], "negative_keywords": [["lacking", "resources", "university", "experience", "disappointed"]]}, {"text": "had higher expectations from university the curriculum needs a serious update", "sentiment": "NEGATIVE", "sentiment_score": {"Positive": 0.03928213194012642, "Negative": 0.6937776803970337, "Neutral": 0.23473480343818665, "Mixed": 0.03220541775226593}, "keywords": [["update", "needs", "curriculum", "university", "expectations"]], "positive_keywords": [], "negative_keywords": [["update", "needs", "curriculum", "university", "expectations"]]}, {"text": "my time at university was decent good in some aspects but could be better in others", "sentiment": "MIXED", "sentiment_score": {"Positive": 0.010245845653116703, "Negative": 0.01066859345883131, "Neutral": 0.006733235437422991, "Mixed": 0.9723523259162903}, "keywords": [["better", "aspects", "good", "decent", "university"]], "positive_keywords": [], "negative_keywords": []}, {"text": "the best years of my life were spent at university highly recommend it", "sentiment": "POSITIVE", "sentiment_score": {"Positive": 0.9983893632888794, "Negative": 0.00029790453845635056, "Neutral": 0.0012738844379782677, "Mixed": 3.883827230310999e-05}, "keywords": [["recommend", "highly", "university", "spent", "life"]], "positive_keywords": [["recommend", "highly", "university", "spent", "life"]], "negative_keywords": []}, {"text": "not what i expected university could really improve its student services", "sentiment": "NEGATIVE", "sentiment_score": {"Positive": 0.002219774993136525, "Negative": 0.9755644798278809, "Neutral": 0.015244387090206146, "Mixed": 0.006971326656639576}, "keywords": [["services", "student", "improve", "really", "university"]], "positive_keywords": [], "negative_keywords": [["services", "student", "improve", "really", "university"]]}, {"text": "i was disappointed with my experience at university the resources were lacking", "sentiment": "NEGATIVE", "sentiment_score": {"Positive": 0.0002522050344850868, "Negative": 0.999014139175415, "Neutral": 0.0005387758137658238, "Mixed": 0.00019480571791063994}, "keywords": [["lacking", "resources", "university", "experience", "disappointed"]], "positive_keywords": [], "negative_keywords": [["lacking", "resources", "university", "experience", "disappointed"]]}, {"text": "i was disappointed with my experience at university the resources were lacking", "sentiment": "NEGATIVE", "sentiment_score": {"Positive": 0.0002522050344850868, "Negative": 0.999014139175415, "Neutral": 0.0005387758137658238, "Mixed": 0.00019480571791063994}, "keywords": [["lacking", "resources", "university", "experience", "disappointed"]], "positive_keywords": [], "negative_keywords": [["lacking", "resources", "university", "experience", "disappointed"]]}, {"text": "average experience at university nothing particularly outstanding", "sentiment": "NEGATIVE", "sentiment_score": {"Positive": 0.00849381648004055, "Negative": 0.6501188278198242, "Neutral": 0.04405200108885765, "Mixed": 0.29733535647392273}, "keywords": [["outstanding", "particularly", "university", "experience", "average"]], "positive_keywords": [], "negative_keywords": [["outstanding", "particularly", "university", "experience", "average"]]}, {"text": "i had an amazing experience at university the faculty and facilities are topnotch", "sentiment": "POSITIVE", "sentiment_score": {"Positive": 0.9932656288146973, "Negative": 0.00032129944884218276, "Neutral": 0.0041029369458556175, "Mixed": 0.0023101065307855606}, "keywords": [["topnotch", "facilities", "faculty", "university", "experience"]], "positive_keywords": [["topnotch", "facilities", "faculty", "university", "experience"]], "negative_keywords": []}, {"text": "average experience at university nothing particularly outstanding", "sentiment": "NEGATIVE", "sentiment_score": {"Positive": 0.00849381648004055, "Negative": 0.6501188278198242, "Neutral": 0.04405200108885765, "Mixed": 0.29733535647392273}, "keywords": [["outstanding", "particularly", "university", "experience", "average"]], "positive_keywords": [], "negative_keywords": [["outstanding", "particularly", "university", "experience", "average"]]}]