[{"text": "a world renowned university and medical system on a beautiful campus that is always clean and well maintained the campus both the university and medical campus are situated in areas where petty crime can be an issue so always be vigilant but the university has extensive campus security and campus police on patrol its such a great campus and a great place to work or learn", "sentiment": "POSITIVE", "sentiment_score": {"Positive": 0.789436936378479, "Negative": 0.0004050146962981671, "Neutral": 0.2080647051334381, "Mixed": 0.0020933272317051888}, "keywords": [["learn", "work", "place", "great", "patrol"]], "positive_keywords": [["learn", "work", "place", "great", "patrol"]], "negative_keywords": []}, {"text": "my experience as a student at the university of michigan in ann arbor has been nothing short of amazing the campus is not only stunning but also buzzing with energy the professors are worldclass and the wide range of academic programs ensures theres something for everyone the resources available from the libraries to research opportunities are unparalleled what truly stands out though is the sense of community and school spirit whether its cheering for the wolverines at the big house or collaborating with fellow students on projects being part of umich is an unforgettable journey im proud to call myself a michigan student and its a definite fivestar institution", "sentiment": "POSITIVE", "sentiment_score": {"Positive": 0.9563369154930115, "Negative": 0.0003138804459013045, "Neutral": 0.04307948425412178, "Mixed": 0.00026969099417328835}, "keywords": [["institution", "fivestar", "definite", "proud", "im"]], "positive_keywords": [["institution", "fivestar", "definite", "proud", "im"]], "negative_keywords": []}, {"text": "public school hardly you dont get kicked out of public schools for not paying no its a publicly funded private school whats a word related to private kids thats right its privilege", "sentiment": "NEGATIVE", "sentiment_score": {"Positive": 0.01116638258099556, "Negative": 0.729258120059967, "Neutral": 0.21037067472934723, "Mixed": 0.04920489341020584}, "keywords": [["privilege", "right", "thats", "kids", "related"]], "positive_keywords": [], "negative_keywords": [["privilege", "right", "thats", "kids", "related"]]}, {"text": "im an alum and it was the worst  years of my life the faculty do not care about your success and there is almost no student life unless you have wealthy parents", "sentiment": "NEGATIVE", "sentiment_score": {"Positive": 0.0072553870268166065, "Negative": 0.7767366170883179, "Neutral": 0.15974274277687073, "Mixed": 0.05626524239778519}, "keywords": [["parents", "wealthy", "unless", "student", "success"]], "positive_keywords": [], "negative_keywords": [["parents", "wealthy", "unless", "student", "success"]]}, {"text": "i went to school here the campus is beautiful and everything is fairly walkable i got a fantastic education here that set me up for career success", "sentiment": "POSITIVE", "sentiment_score": {"Positive": 0.9529483318328857, "Negative": 0.0004996096831746399, "Neutral": 0.03650793433189392, "Mixed": 0.010044154711067677}, "keywords": [["success", "career", "set", "education", "fantastic"]], "positive_keywords": [["success", "career", "set", "education", "fantastic"]], "negative_keywords": []}, {"text": "i was disappointed with my experience at university the resources were lacking", "sentiment": "NEGATIVE", "sentiment_score": {"Positive": 0.0002522050344850868, "Negative": 0.999014139175415, "Neutral": 0.0005387758137658238, "Mixed": 0.00019480571791063994}, "keywords": [["lacking", "resources", "university", "experience", "disappointed"]], "positive_keywords": [], "negative_keywords": [["lacking", "resources", "university", "experience", "disappointed"]]}, {"text": "absolutely loved my time here university has an incredible campus and community", "sentiment": "POSITIVE", "sentiment_score": {"Positive": 0.9985748529434204, "Negative": 6.635062891291454e-05, "Neutral": 0.001123400405049324, "Mixed": 0.00023545697331428528}, "keywords": [["community", "campus", "incredible", "university", "time"]], "positive_keywords": [["community", "campus", "incredible", "university", "time"]], "negative_keywords": []}, {"text": "i was disappointed with my experience at university the resources were lacking", "sentiment": "NEGATIVE", "sentiment_score": {"Positive": 0.0002522050344850868, "Negative": 0.999014139175415, "Neutral": 0.0005387758137658238, "Mixed": 0.00019480571791063994}, "keywords": [["lacking", "resources", "university", "experience", "disappointed"]], "positive_keywords": [], "negative_keywords": [["lacking", "resources", "university", "experience", "disappointed"]]}, {"text": "i had an amazing experience at university the faculty and facilities are topnotch", "sentiment": "POSITIVE", "sentiment_score": {"Positive": 0.9932656288146973, "Negative": 0.00032129944884218276, "Neutral": 0.0041029369458556175, "Mixed": 0.0023101065307855606}, "keywords": [["topnotch", "facilities", "faculty", "university", "experience"]], "positive_keywords": [["topnotch", "facilities", "faculty", "university", "experience"]], "negative_keywords": []}, {"text": "i had an amazing experience at university the faculty and facilities are topnotch", "sentiment": "POSITIVE", "sentiment_score": {"Positive": 0.9932656288146973, "Negative": 0.00032129944884218276, "Neutral": 0.0041029369458556175, "Mixed": 0.0023101065307855606}, "keywords": [["topnotch", "facilities", "faculty", "university", "experience"]], "positive_keywords": [["topnotch", "facilities", "faculty", "university", "experience"]], "negative_keywords": []}, {"text": "i had an amazing experience at university the faculty and facilities are topnotch", "sentiment": "POSITIVE", "sentiment_score": {"Positive": 0.9932656288146973, "Negative": 0.00032129944884218276, "Neutral": 0.0041029369458556175, "Mixed": 0.0023101065307855606}, "keywords": [["topnotch", "facilities", "faculty", "university", "experience"]], "positive_keywords": [["topnotch", "facilities", "faculty", "university", "experience"]], "negative_keywords": []}, {"text": "average experience at university nothing particularly outstanding", "sentiment": "NEGATIVE", "sentiment_score": {"Positive": 0.00849381648004055, "Negative": 0.6501188278198242, "Neutral": 0.04405200108885765, "Mixed": 0.29733535647392273}, "keywords": [["outstanding", "particularly", "university", "experience", "average"]], "positive_keywords": [], "negative_keywords": [["outstanding", "particularly", "university", "experience", "average"]]}, {"text": "average experience at university nothing particularly outstanding", "sentiment": "NEGATIVE", "sentiment_score": {"Positive": 0.00849381648004055, "Negative": 0.6501188278198242, "Neutral": 0.04405200108885765, "Mixed": 0.29733535647392273}, "keywords": [["outstanding", "particularly", "university", "experience", "average"]], "positive_keywords": [], "negative_keywords": [["outstanding", "particularly", "university", "experience", "average"]]}, {"text": "i was disappointed with my experience at university the resources were lacking", "sentiment": "NEGATIVE", "sentiment_score": {"Positive": 0.0002522050344850868, "Negative": 0.999014139175415, "Neutral": 0.0005387758137658238, "Mixed": 0.00019480571791063994}, "keywords": [["lacking", "resources", "university", "experience", "disappointed"]], "positive_keywords": [], "negative_keywords": [["lacking", "resources", "university", "experience", "disappointed"]]}, {"text": "i had an amazing experience at university the faculty and facilities are topnotch", "sentiment": "POSITIVE", "sentiment_score": {"Positive": 0.9932656288146973, "Negative": 0.00032129944884218276, "Neutral": 0.0041029369458556175, "Mixed": 0.0023101065307855606}, "keywords": [["topnotch", "facilities", "faculty", "university", "experience"]], "positive_keywords": [["topnotch", "facilities", "faculty", "university", "experience"]], "negative_keywords": []}]