[{"text": "the topranked university in finland grand buildings and situated around senate square the school is strong in social sciences such as economics and political sciences and sciences such as medicine easily accessible by train and trams", "sentiment": "NEUTRAL", "sentiment_score": {"Positive": 0.08693470060825348, "Negative": 0.0017012658063322306, "Neutral": 0.910574734210968, "Mixed": 0.0007892674766480923}, "keywords": [["trams", "train", "accessible", "easily", "medicine"]], "positive_keywords": [], "negative_keywords": []}, {"text": "good for science and arts department but below average for engineering studies like the weather people are very cold and reserved a bit overrated university tampere university is better than this one", "sentiment": "MIXED", "sentiment_score": {"Positive": 0.013376658782362938, "Negative": 0.004586977418512106, "Neutral": 0.005168029572814703, "Mixed": 0.9768683910369873}, "keywords": [["better", "tampere", "university", "overrated", "bit"]], "positive_keywords": [], "negative_keywords": []}, {"text": "how come greta thunberg received a doctorate without studying a thing did she paid a decent amount towards university renovations nice joke here comes the credibility of the university down the drain is it an educational institution anymore", "sentiment": "MIXED", "sentiment_score": {"Positive": 0.03031032904982567, "Negative": 0.3476583659648895, "Neutral": 0.1470012217760086, "Mixed": 0.4750300645828247}, "keywords": [["anymore", "institution", "educational", "drain", "credibility"]], "positive_keywords": [], "negative_keywords": []}, {"text": "nice building\n\nfree\nwhen bringing your family receive power from fire now", "sentiment": "POSITIVE", "sentiment_score": {"Positive": 0.8985902667045593, "Negative": 0.03378812223672867, "Neutral": 0.040005579590797424, "Mixed": 0.027616025879979134}, "keywords": [["power", "receive", "family", "bringing", "free"]], "positive_keywords": [["power", "receive", "family", "bringing", "free"]], "negative_keywords": []}, {"text": "visiting university of helsinki for an art event called lux helsinki  there was a cool installation art on campus that you can experience by yourself really recommend visiting here during the event which usually comes around the first week of january", "sentiment": "POSITIVE", "sentiment_score": {"Positive": 0.6928980946540833, "Negative": 0.0011778014013543725, "Neutral": 0.30561748147010803, "Mixed": 0.00030662844073958695}, "keywords": [["january", "week", "comes", "usually", "recommend"]], "positive_keywords": [["january", "week", "comes", "usually", "recommend"]], "negative_keywords": []}, {"text": "had higher expectations from university the curriculum needs a serious update", "sentiment": "NEGATIVE", "sentiment_score": {"Positive": 0.03928213194012642, "Negative": 0.6937776803970337, "Neutral": 0.23473480343818665, "Mixed": 0.03220541775226593}, "keywords": [["update", "needs", "curriculum", "university", "expectations"]], "positive_keywords": [], "negative_keywords": [["update", "needs", "curriculum", "university", "expectations"]]}, {"text": "average experience at university nothing particularly outstanding", "sentiment": "NEGATIVE", "sentiment_score": {"Positive": 0.00849381648004055, "Negative": 0.6501188278198242, "Neutral": 0.04405200108885765, "Mixed": 0.29733535647392273}, "keywords": [["outstanding", "particularly", "university", "experience", "average"]], "positive_keywords": [], "negative_keywords": [["outstanding", "particularly", "university", "experience", "average"]]}, {"text": "not what i expected university could really improve its student services", "sentiment": "NEGATIVE", "sentiment_score": {"Positive": 0.002219774993136525, "Negative": 0.9755644798278809, "Neutral": 0.015244387090206146, "Mixed": 0.006971326656639576}, "keywords": [["services", "student", "improve", "really", "university"]], "positive_keywords": [], "negative_keywords": [["services", "student", "improve", "really", "university"]]}, {"text": "its a good university but i think university has room for improvement", "sentiment": "MIXED", "sentiment_score": {"Positive": 0.09079279005527496, "Negative": 0.0044769770465791225, "Neutral": 0.02031625062227249, "Mixed": 0.8844140768051147}, "keywords": [["improvement", "room", "think", "university", "good"]], "positive_keywords": [], "negative_keywords": []}, {"text": "absolutely loved my time here university has an incredible campus and community", "sentiment": "POSITIVE", "sentiment_score": {"Positive": 0.9985748529434204, "Negative": 6.635062891291454e-05, "Neutral": 0.001123400405049324, "Mixed": 0.00023545697331428528}, "keywords": [["community", "campus", "incredible", "university", "time"]], "positive_keywords": [["community", "campus", "incredible", "university", "time"]], "negative_keywords": []}, {"text": "average experience at university nothing particularly outstanding", "sentiment": "NEGATIVE", "sentiment_score": {"Positive": 0.00849381648004055, "Negative": 0.6501188278198242, "Neutral": 0.04405200108885765, "Mixed": 0.29733535647392273}, "keywords": [["outstanding", "particularly", "university", "experience", "average"]], "positive_keywords": [], "negative_keywords": [["outstanding", "particularly", "university", "experience", "average"]]}, {"text": "i was disappointed with my experience at university the resources were lacking", "sentiment": "NEGATIVE", "sentiment_score": {"Positive": 0.0002522050344850868, "Negative": 0.999014139175415, "Neutral": 0.0005387758137658238, "Mixed": 0.00019480571791063994}, "keywords": [["lacking", "resources", "university", "experience", "disappointed"]], "positive_keywords": [], "negative_keywords": [["lacking", "resources", "university", "experience", "disappointed"]]}, {"text": "the best years of my life were spent at university highly recommend it", "sentiment": "POSITIVE", "sentiment_score": {"Positive": 0.9983893632888794, "Negative": 0.00029790453845635056, "Neutral": 0.0012738844379782677, "Mixed": 3.883827230310999e-05}, "keywords": [["recommend", "highly", "university", "spent", "life"]], "positive_keywords": [["recommend", "highly", "university", "spent", "life"]], "negative_keywords": []}, {"text": "its a good university but i think university has room for improvement", "sentiment": "MIXED", "sentiment_score": {"Positive": 0.09079279005527496, "Negative": 0.0044769770465791225, "Neutral": 0.02031625062227249, "Mixed": 0.8844140768051147}, "keywords": [["improvement", "room", "think", "university", "good"]], "positive_keywords": [], "negative_keywords": []}, {"text": "the best years of my life were spent at university highly recommend it", "sentiment": "POSITIVE", "sentiment_score": {"Positive": 0.9983893632888794, "Negative": 0.00029790453845635056, "Neutral": 0.0012738844379782677, "Mixed": 3.883827230310999e-05}, "keywords": [["recommend", "highly", "university", "spent", "life"]], "positive_keywords": [["recommend", "highly", "university", "spent", "life"]], "negative_keywords": []}]