[{"text": "just attended a graduation at the mcewen hall an institution that stood the test of time assisting students to improve themselves with wisdom and experiences making the world a better place amazing and congratulations to each and every student that graced this space", "sentiment": "POSITIVE", "sentiment_score": {"Positive": 0.9753710031509399, "Negative": 0.0002696364535950124, "Neutral": 0.024319155141711235, "Mixed": 4.022768189315684e-05}, "keywords": [["space", "graced", "student", "congratulations", "amazing"]], "positive_keywords": [["space", "graced", "student", "congratulations", "amazing"]], "negative_keywords": []}, {"text": "univerity of edinburgh is one of the top universities in the world it is located at old college south bridge edinburgh eh yl scotland", "sentiment": "NEUTRAL", "sentiment_score": {"Positive": 0.060893889516592026, "Negative": 0.004502477589994669, "Neutral": 0.9339948296546936, "Mixed": 0.0006088668596930802}, "keywords": [["scotland", "yl", "eh", "bridge", "south"]], "positive_keywords": [], "negative_keywords": []}, {"text": "i dreamt of going here for years sad to say the university of edinburgh has no regard for students i left after  years because i couldnt stand the terrible treatment and lack of support not to mention the terrible quality of teaching for the amount of money i paid i was so mentally ill i couldnt leave my bed and i didnt go to lectures for months no one checked on me not once no emails no calls nothing  i could have died which i nearly did and they wouldnt even know they wouldnt care theyre a money hoarding bunch of tory bootlickers who are too busy investing in arms and fossil fuels than investing in their students save yourself some heartache and go elsewhere i am now at a different university living my best life opposite experience and so much happier out of this hell hole", "sentiment": "NEGATIVE", "sentiment_score": {"Positive": 0.05566360428929329, "Negative": 0.757102906703949, "Neutral": 0.06375966966152191, "Mixed": 0.12347381561994553}, "keywords": [["hole", "hell", "happier", "experience", "opposite"]], "positive_keywords": [], "negative_keywords": [["hole", "hell", "happier", "experience", "opposite"]]}, {"text": "graemetrousdale  who plagiarized the whole work with elizabethtraugott yeah high academia is fake\nsoon rip linguistics  as the work  which was plagiarized  is not close to your standard big brains are needed to do that in full\nrip academia rip linguistics\nlow quality will no longer have its place in the universe the end is nigh the greatest irony is that that the editors of their book know where it is from  there is nothing easier to be fake and gamble for grants as professors copy fake as the creativity and the basal ganglia is already dead so you are no capable of more", "sentiment": "NEGATIVE", "sentiment_score": {"Positive": 0.004852076526731253, "Negative": 0.9461117386817932, "Neutral": 0.04688044637441635, "Mixed": 0.0021558234002441168}, "keywords": [["capable", "dead", "ganglia", "basal", "creativity"]], "positive_keywords": [], "negative_keywords": [["capable", "dead", "ganglia", "basal", "creativity"]]}, {"text": "international online grad student here the communication and teaching quality has far surpassed the inperson experiences i have  had with my other graduate degrees their web interface for online education is streamlined well definitely recommend to other online students", "sentiment": "POSITIVE", "sentiment_score": {"Positive": 0.8761500716209412, "Negative": 0.0011521426495164633, "Neutral": 0.12262051552534103, "Mixed": 7.72055282141082e-05}, "keywords": [["students", "recommend", "definitely", "streamlined", "education"]], "positive_keywords": [["students", "recommend", "definitely", "streamlined", "education"]], "negative_keywords": []}, {"text": "had higher expectations from university the curriculum needs a serious update", "sentiment": "NEGATIVE", "sentiment_score": {"Positive": 0.03928213194012642, "Negative": 0.6937776803970337, "Neutral": 0.23473480343818665, "Mixed": 0.03220541775226593}, "keywords": [["update", "needs", "curriculum", "university", "expectations"]], "positive_keywords": [], "negative_keywords": [["update", "needs", "curriculum", "university", "expectations"]]}, {"text": "i was disappointed with my experience at university the resources were lacking", "sentiment": "NEGATIVE", "sentiment_score": {"Positive": 0.0002522050344850868, "Negative": 0.999014139175415, "Neutral": 0.0005387758137658238, "Mixed": 0.00019480571791063994}, "keywords": [["lacking", "resources", "university", "experience", "disappointed"]], "positive_keywords": [], "negative_keywords": [["lacking", "resources", "university", "experience", "disappointed"]]}, {"text": "average experience at university nothing particularly outstanding", "sentiment": "NEGATIVE", "sentiment_score": {"Positive": 0.00849381648004055, "Negative": 0.6501188278198242, "Neutral": 0.04405200108885765, "Mixed": 0.29733535647392273}, "keywords": [["outstanding", "particularly", "university", "experience", "average"]], "positive_keywords": [], "negative_keywords": [["outstanding", "particularly", "university", "experience", "average"]]}, {"text": "i was disappointed with my experience at university the resources were lacking", "sentiment": "NEGATIVE", "sentiment_score": {"Positive": 0.0002522050344850868, "Negative": 0.999014139175415, "Neutral": 0.0005387758137658238, "Mixed": 0.00019480571791063994}, "keywords": [["lacking", "resources", "university", "experience", "disappointed"]], "positive_keywords": [], "negative_keywords": [["lacking", "resources", "university", "experience", "disappointed"]]}, {"text": "its a good university but i think university has room for improvement", "sentiment": "MIXED", "sentiment_score": {"Positive": 0.09079279005527496, "Negative": 0.0044769770465791225, "Neutral": 0.02031625062227249, "Mixed": 0.8844140768051147}, "keywords": [["improvement", "room", "think", "university", "good"]], "positive_keywords": [], "negative_keywords": []}, {"text": "i had an amazing experience at university the faculty and facilities are topnotch", "sentiment": "POSITIVE", "sentiment_score": {"Positive": 0.9932656288146973, "Negative": 0.00032129944884218276, "Neutral": 0.0041029369458556175, "Mixed": 0.0023101065307855606}, "keywords": [["topnotch", "facilities", "faculty", "university", "experience"]], "positive_keywords": [["topnotch", "facilities", "faculty", "university", "experience"]], "negative_keywords": []}, {"text": "the best years of my life were spent at university highly recommend it", "sentiment": "POSITIVE", "sentiment_score": {"Positive": 0.9983893632888794, "Negative": 0.00029790453845635056, "Neutral": 0.0012738844379782677, "Mixed": 3.883827230310999e-05}, "keywords": [["recommend", "highly", "university", "spent", "life"]], "positive_keywords": [["recommend", "highly", "university", "spent", "life"]], "negative_keywords": []}, {"text": "i was disappointed with my experience at university the resources were lacking", "sentiment": "NEGATIVE", "sentiment_score": {"Positive": 0.0002522050344850868, "Negative": 0.999014139175415, "Neutral": 0.0005387758137658238, "Mixed": 0.00019480571791063994}, "keywords": [["lacking", "resources", "university", "experience", "disappointed"]], "positive_keywords": [], "negative_keywords": [["lacking", "resources", "university", "experience", "disappointed"]]}, {"text": "not what i expected university could really improve its student services", "sentiment": "NEGATIVE", "sentiment_score": {"Positive": 0.002219774993136525, "Negative": 0.9755644798278809, "Neutral": 0.015244387090206146, "Mixed": 0.006971326656639576}, "keywords": [["services", "student", "improve", "really", "university"]], "positive_keywords": [], "negative_keywords": [["services", "student", "improve", "really", "university"]]}, {"text": "its a good university but i think university has room for improvement", "sentiment": "MIXED", "sentiment_score": {"Positive": 0.09079279005527496, "Negative": 0.0044769770465791225, "Neutral": 0.02031625062227249, "Mixed": 0.8844140768051147}, "keywords": [["improvement", "room", "think", "university", "good"]], "positive_keywords": [], "negative_keywords": []}]