[{"text": "great university with world class faculties and equipment", "sentiment": "POSITIVE", "sentiment_score": {"Positive": 0.9221333265304565, "Negative": 0.0021117031574249268, "Neutral": 0.06848864257335663, "Mixed": 0.0072664013132452965}, "keywords": [["equipment", "faculties", "class", "world", "university"]], "positive_keywords": [["equipment", "faculties", "class", "world", "university"]], "negative_keywords": []}, {"text": "unsw online is a joke the student advisors all seem to be absentminded teenage girls who dont reply to emails or return calls as promised after a colleague shared some of the unsw online course materials for his post grad certificate with me i think i dodged a bullet by not enrolling here", "sentiment": "NEGATIVE", "sentiment_score": {"Positive": 0.0016472457209601998, "Negative": 0.9387926459312439, "Neutral": 0.05495421588420868, "Mixed": 0.004605915863066912}, "keywords": [["enrolling", "bullet", "dodged", "think", "certificate"]], "positive_keywords": [], "negative_keywords": [["enrolling", "bullet", "dodged", "think", "certificate"]]}, {"text": "spent  years for my doctoral degree here the university offers a really conducive environment for studying and researching there are many restaurants nearby to hang out with your friends most notably around anzac parade i really love how quick and helpful the staff in this university is in resolving problems encountered by the students this is undoubtedly the best studying experience i have had in my entire life", "sentiment": "POSITIVE", "sentiment_score": {"Positive": 0.9954004883766174, "Negative": 0.0002048206515610218, "Neutral": 0.0043576303869485855, "Mixed": 3.7107103707967326e-05}, "keywords": [["life", "entire", "experience", "best", "undoubtedly"]], "positive_keywords": [["life", "entire", "experience", "best", "undoubtedly"]], "negative_keywords": []}, {"text": "after  years went back to my uni  it is still gigantic as it is it was an emotional attached to go back  seeing my name engraved on the board of first class honor civil engineering  uni still upkeep in good and prefect shape", "sentiment": "MIXED", "sentiment_score": {"Positive": 0.23814918100833893, "Negative": 0.0501641146838665, "Neutral": 0.061948079615831375, "Mixed": 0.6497386693954468}, "keywords": [["shape", "prefect", "good", "upkeep", "engineering"]], "positive_keywords": [], "negative_keywords": []}, {"text": "the university of sydney usyd also known as sydney university or informally sydney uni is a public research university located in sydney australia founded in  it is the oldest university in australia and is one of the countrys six sandstone universities it was one of the first universities in the world to admit students solely on academic merit and opened their doors to women on the same basis as men the university comprises eight academic faculties and university schools through which it offers bachelor master and doctoral degrees", "sentiment": "NEUTRAL", "sentiment_score": {"Positive": 0.002230278216302395, "Negative": 0.00014762057980988175, "Neutral": 0.9976171851158142, "Mixed": 4.858472038904438e-06}, "keywords": [["degrees", "doctoral", "master", "bachelor", "offers"]], "positive_keywords": [], "negative_keywords": []}, {"text": "the best years of my life were spent at university highly recommend it", "sentiment": "POSITIVE", "sentiment_score": {"Positive": 0.9983893632888794, "Negative": 0.00029790453845635056, "Neutral": 0.0012738844379782677, "Mixed": 3.883827230310999e-05}, "keywords": [["recommend", "highly", "university", "spent", "life"]], "positive_keywords": [["recommend", "highly", "university", "spent", "life"]], "negative_keywords": []}, {"text": "my time at university was decent good in some aspects but could be better in others", "sentiment": "MIXED", "sentiment_score": {"Positive": 0.010245845653116703, "Negative": 0.01066859345883131, "Neutral": 0.006733235437422991, "Mixed": 0.9723523259162903}, "keywords": [["better", "aspects", "good", "decent", "university"]], "positive_keywords": [], "negative_keywords": []}, {"text": "its a good university but i think university has room for improvement", "sentiment": "MIXED", "sentiment_score": {"Positive": 0.09079279005527496, "Negative": 0.0044769770465791225, "Neutral": 0.02031625062227249, "Mixed": 0.8844140768051147}, "keywords": [["improvement", "room", "think", "university", "good"]], "positive_keywords": [], "negative_keywords": []}, {"text": "i had an amazing experience at university the faculty and facilities are topnotch", "sentiment": "POSITIVE", "sentiment_score": {"Positive": 0.9932656288146973, "Negative": 0.00032129944884218276, "Neutral": 0.0041029369458556175, "Mixed": 0.0023101065307855606}, "keywords": [["topnotch", "facilities", "faculty", "university", "experience"]], "positive_keywords": [["topnotch", "facilities", "faculty", "university", "experience"]], "negative_keywords": []}, {"text": "its a good university but i think university has room for improvement", "sentiment": "MIXED", "sentiment_score": {"Positive": 0.09079279005527496, "Negative": 0.0044769770465791225, "Neutral": 0.02031625062227249, "Mixed": 0.8844140768051147}, "keywords": [["improvement", "room", "think", "university", "good"]], "positive_keywords": [], "negative_keywords": []}, {"text": "average experience at university nothing particularly outstanding", "sentiment": "NEGATIVE", "sentiment_score": {"Positive": 0.00849381648004055, "Negative": 0.6501188278198242, "Neutral": 0.04405200108885765, "Mixed": 0.29733535647392273}, "keywords": [["outstanding", "particularly", "university", "experience", "average"]], "positive_keywords": [], "negative_keywords": [["outstanding", "particularly", "university", "experience", "average"]]}, {"text": "i was disappointed with my experience at university the resources were lacking", "sentiment": "NEGATIVE", "sentiment_score": {"Positive": 0.0002522050344850868, "Negative": 0.999014139175415, "Neutral": 0.0005387758137658238, "Mixed": 0.00019480571791063994}, "keywords": [["lacking", "resources", "university", "experience", "disappointed"]], "positive_keywords": [], "negative_keywords": [["lacking", "resources", "university", "experience", "disappointed"]]}, {"text": "the best years of my life were spent at university highly recommend it", "sentiment": "POSITIVE", "sentiment_score": {"Positive": 0.9983893632888794, "Negative": 0.00029790453845635056, "Neutral": 0.0012738844379782677, "Mixed": 3.883827230310999e-05}, "keywords": [["recommend", "highly", "university", "spent", "life"]], "positive_keywords": [["recommend", "highly", "university", "spent", "life"]], "negative_keywords": []}, {"text": "not what i expected university could really improve its student services", "sentiment": "NEGATIVE", "sentiment_score": {"Positive": 0.002219774993136525, "Negative": 0.9755644798278809, "Neutral": 0.015244387090206146, "Mixed": 0.006971326656639576}, "keywords": [["services", "student", "improve", "really", "university"]], "positive_keywords": [], "negative_keywords": [["services", "student", "improve", "really", "university"]]}, {"text": "had higher expectations from university the curriculum needs a serious update", "sentiment": "NEGATIVE", "sentiment_score": {"Positive": 0.03928213194012642, "Negative": 0.6937776803970337, "Neutral": 0.23473480343818665, "Mixed": 0.03220541775226593}, "keywords": [["update", "needs", "curriculum", "university", "expectations"]], "positive_keywords": [], "negative_keywords": [["update", "needs", "curriculum", "university", "expectations"]]}]