[{"text": "stunning campus reminds me of oxford unfortunately student campus tours were cancelled after we made plans to visit so we created our own itinerary lots of areas were closed off to outsiders and i watched as students entered through large gates with keyin access from their phones only downside of yale is new haven itself outside of the yale campus new haven can be a little sketchy in some areas and i would advise caution when roaming", "sentiment": "MIXED", "sentiment_score": {"Positive": 0.00982723943889141, "Negative": 0.16900749504566193, "Neutral": 0.07045930624008179, "Mixed": 0.7507059574127197}, "keywords": [["roaming", "caution", "advise", "sketchy", "little"]], "positive_keywords": [], "negative_keywords": []}, {"text": "so impressive amazing architecture seemingly touching every area of new haven in one way or another feels wonderful and serene to walk here", "sentiment": "POSITIVE", "sentiment_score": {"Positive": 0.9993417859077454, "Negative": 3.349064718349837e-05, "Neutral": 0.0006023408495821059, "Mixed": 2.2347545382217504e-05}, "keywords": [["walk", "serene", "wonderful", "feels", "way"]], "positive_keywords": [["walk", "serene", "wonderful", "feels", "way"]], "negative_keywords": []}, {"text": "enjoyed a walking campus tour today grand architecture and a lot of history here i am sure i was only able to see a tiny fraction of everything there worth seeing this urban campus is very green and walkable with tree lined alleys leading in all directions street parking was a breeze and they use parkmobile", "sentiment": "POSITIVE", "sentiment_score": {"Positive": 0.9893386363983154, "Negative": 0.00043548832763917744, "Neutral": 0.009422956965863705, "Mixed": 0.0008029435412026942}, "keywords": [["parkmobile", "use", "breeze", "parking", "street"]], "positive_keywords": [["parkmobile", "use", "breeze", "parking", "street"]], "negative_keywords": []}, {"text": "stunning campus the visitor center was helpful and you get to see  rooms showing the history of yale i loved stopping by here for a few hours and having a walk around the area lots of buildings not even kidding the place was huge absolutely gorgeous though so jealous of these students who get to see this basically every day", "sentiment": "POSITIVE", "sentiment_score": {"Positive": 0.9901518225669861, "Negative": 0.0003715846105478704, "Neutral": 0.001119351712986827, "Mixed": 0.008357246406376362}, "keywords": [["day", "basically", "students", "jealous", "gorgeous"]], "positive_keywords": [["day", "basically", "students", "jealous", "gorgeous"]], "negative_keywords": []}, {"text": "stunning campus reminds me of oxford unfortunately student campus tours were cancelled after we made plans to visit so we created our own itinerary lots of areas were closed off to outsiders and i watched as students entered through large gates with keyin access from their phones only downside of yale is new haven itself outside of the yale campus new haven can be a little sketchy in some areas and i would advise caution when roaming", "sentiment": "MIXED", "sentiment_score": {"Positive": 0.00982723943889141, "Negative": 0.16900749504566193, "Neutral": 0.07045930624008179, "Mixed": 0.7507059574127197}, "keywords": [["roaming", "caution", "advise", "sketchy", "little"]], "positive_keywords": [], "negative_keywords": []}, {"text": "not what i expected university could really improve its student services", "sentiment": "NEGATIVE", "sentiment_score": {"Positive": 0.002219774993136525, "Negative": 0.9755644798278809, "Neutral": 0.015244387090206146, "Mixed": 0.006971326656639576}, "keywords": [["services", "student", "improve", "really", "university"]], "positive_keywords": [], "negative_keywords": [["services", "student", "improve", "really", "university"]]}, {"text": "i was disappointed with my experience at university the resources were lacking", "sentiment": "NEGATIVE", "sentiment_score": {"Positive": 0.0002522050344850868, "Negative": 0.999014139175415, "Neutral": 0.0005387758137658238, "Mixed": 0.00019480571791063994}, "keywords": [["lacking", "resources", "university", "experience", "disappointed"]], "positive_keywords": [], "negative_keywords": [["lacking", "resources", "university", "experience", "disappointed"]]}, {"text": "my time at university was decent good in some aspects but could be better in others", "sentiment": "MIXED", "sentiment_score": {"Positive": 0.010245845653116703, "Negative": 0.01066859345883131, "Neutral": 0.006733235437422991, "Mixed": 0.9723523259162903}, "keywords": [["better", "aspects", "good", "decent", "university"]], "positive_keywords": [], "negative_keywords": []}, {"text": "had higher expectations from university the curriculum needs a serious update", "sentiment": "NEGATIVE", "sentiment_score": {"Positive": 0.03928213194012642, "Negative": 0.6937776803970337, "Neutral": 0.23473480343818665, "Mixed": 0.03220541775226593}, "keywords": [["update", "needs", "curriculum", "university", "expectations"]], "positive_keywords": [], "negative_keywords": [["update", "needs", "curriculum", "university", "expectations"]]}, {"text": "i was disappointed with my experience at university the resources were lacking", "sentiment": "NEGATIVE", "sentiment_score": {"Positive": 0.0002522050344850868, "Negative": 0.999014139175415, "Neutral": 0.0005387758137658238, "Mixed": 0.00019480571791063994}, "keywords": [["lacking", "resources", "university", "experience", "disappointed"]], "positive_keywords": [], "negative_keywords": [["lacking", "resources", "university", "experience", "disappointed"]]}, {"text": "the best years of my life were spent at university highly recommend it", "sentiment": "POSITIVE", "sentiment_score": {"Positive": 0.9983893632888794, "Negative": 0.00029790453845635056, "Neutral": 0.0012738844379782677, "Mixed": 3.883827230310999e-05}, "keywords": [["recommend", "highly", "university", "spent", "life"]], "positive_keywords": [["recommend", "highly", "university", "spent", "life"]], "negative_keywords": []}, {"text": "my time at university was decent good in some aspects but could be better in others", "sentiment": "MIXED", "sentiment_score": {"Positive": 0.010245845653116703, "Negative": 0.01066859345883131, "Neutral": 0.006733235437422991, "Mixed": 0.9723523259162903}, "keywords": [["better", "aspects", "good", "decent", "university"]], "positive_keywords": [], "negative_keywords": []}, {"text": "i was disappointed with my experience at university the resources were lacking", "sentiment": "NEGATIVE", "sentiment_score": {"Positive": 0.0002522050344850868, "Negative": 0.999014139175415, "Neutral": 0.0005387758137658238, "Mixed": 0.00019480571791063994}, "keywords": [["lacking", "resources", "university", "experience", "disappointed"]], "positive_keywords": [], "negative_keywords": [["lacking", "resources", "university", "experience", "disappointed"]]}, {"text": "absolutely loved my time here university has an incredible campus and community", "sentiment": "POSITIVE", "sentiment_score": {"Positive": 0.9985748529434204, "Negative": 6.635062891291454e-05, "Neutral": 0.001123400405049324, "Mixed": 0.00023545697331428528}, "keywords": [["community", "campus", "incredible", "university", "time"]], "positive_keywords": [["community", "campus", "incredible", "university", "time"]], "negative_keywords": []}, {"text": "its a good university but i think university has room for improvement", "sentiment": "MIXED", "sentiment_score": {"Positive": 0.09079279005527496, "Negative": 0.0044769770465791225, "Neutral": 0.02031625062227249, "Mixed": 0.8844140768051147}, "keywords": [["improvement", "room", "think", "university", "good"]], "positive_keywords": [], "negative_keywords": []}]